"TokenNumber","TokenPadded","Title","WorkID","Range","SourceImagePath","SourceBytes","ImagePath","ImageFileName","DestinationImagePath","ItemPage","PublicPageURL","OpenSeaItemURL","Status","Note"
"1001","1001","Light Cult Crypto Club #1001","RE-002811","1001-1100","D:\github\ron-english-nfts\light-cult-crypto-club\images\LCCC-1001.png","11632","images/1001-1100/LCCC-1001.png","LCCC-1001.png","D:\github\ron-english-light-cult-1001-2000\images\1001-1100\LCCC-1001.png","items/lccc-1001.html","https://ronenglish-archive.github.io/ron-english-light-cult-1001-2000/items/lccc-1001.html","https://opensea.io/item/ethereum/0xbe85fbd182af91290be7293438ae67549638189f/1001","OK",""
"1002","1002","Light Cult Crypto Club #1002","RE-002812","1001-1100","D:\github\ron-english-nfts\light-cult-crypto-club\images\LCCC-1002.png","29677","images/1001-1100/LCCC-1002.png","LCCC-1002.png","D:\github\ron-english-light-cult-1001-2000\images\1001-1100\LCCC-1002.png","items/lccc-1002.html","https://ronenglish-archive.github.io/ron-english-light-cult-1001-2000/items/lccc-1002.html","https://opensea.io/item/ethereum/0xbe85fbd182af91290be7293438ae67549638189f/1002","OK",""
"1003","1003","Light Cult Crypto Club #1003","RE-002813","1001-1100","D:\github\ron-english-nfts\light-cult-crypto-club\images\LCCC-1003.png","7506","images/1001-1100/LCCC-1003.png","LCCC-1003.png","D:\github\ron-english-light-cult-1001-2000\images\1001-1100\LCCC-1003.png","items/lccc-1003.html","https://ronenglish-archive.github.io/ron-english-light-cult-1001-2000/items/lccc-1003.html","https://opensea.io/item/ethereum/0xbe85fbd182af91290be7293438ae67549638189f/1003","OK",""
"1004","1004","Light Cult Crypto Club #1004","RE-002814","1001-1100","D:\github\ron-english-nfts\light-cult-crypto-club\images\LCCC-1004.png","39394","images/1001-1100/LCCC-1004.png","LCCC-1004.png","D:\github\ron-english-light-cult-1001-2000\images\1001-1100\LCCC-1004.png","items/lccc-1004.html","https://ronenglish-archive.github.io/ron-english-light-cult-1001-2000/items/lccc-1004.html","https://opensea.io/item/ethereum/0xbe85fbd182af91290be7293438ae67549638189f/1004","OK",""
"1005","1005","Light Cult Crypto Club #1005","RE-002815","1001-1100","D:\github\ron-english-nfts\light-cult-crypto-club\images\LCCC-1005.png","32080","images/1001-1100/LCCC-1005.png","LCCC-1005.png","D:\github\ron-english-light-cult-1001-2000\images\1001-1100\LCCC-1005.png","items/lccc-1005.html","https://ronenglish-archive.github.io/ron-english-light-cult-1001-2000/items/lccc-1005.html","https://opensea.io/item/ethereum/0xbe85fbd182af91290be7293438ae67549638189f/1005","OK",""
"1006","1006","Light Cult Crypto Club #1006","RE-002816","1001-1100","D:\github\ron-english-nfts\light-cult-crypto-club\images\LCCC-1006.png","8413","images/1001-1100/LCCC-1006.png","LCCC-1006.png","D:\github\ron-english-light-cult-1001-2000\images\1001-1100\LCCC-1006.png","items/lccc-1006.html","https://ronenglish-archive.github.io/ron-english-light-cult-1001-2000/items/lccc-1006.html","https://opensea.io/item/ethereum/0xbe85fbd182af91290be7293438ae67549638189f/1006","OK",""
"1007","1007","Light Cult Crypto Club #1007","RE-002817","1001-1100","D:\github\ron-english-nfts\light-cult-crypto-club\images\LCCC-1007.png","16004","images/1001-1100/LCCC-1007.png","LCCC-1007.png","D:\github\ron-english-light-cult-1001-2000\images\1001-1100\LCCC-1007.png","items/lccc-1007.html","https://ronenglish-archive.github.io/ron-english-light-cult-1001-2000/items/lccc-1007.html","https://opensea.io/item/ethereum/0xbe85fbd182af91290be7293438ae67549638189f/1007","OK",""
"1008","1008","Light Cult Crypto Club #1008","RE-002818","1001-1100","","","","","","items/lccc-1008.html","https://ronenglish-archive.github.io/ron-english-light-cult-1001-2000/items/lccc-1008.html","https://opensea.io/item/ethereum/0xbe85fbd182af91290be7293438ae67549638189f/1008","MISSING SOURCE IMAGE","No source image found for token #1008"
"1009","1009","Light Cult Crypto Club #1009","RE-002819","1001-1100","D:\github\ron-english-nfts\light-cult-crypto-club\images\LCCC-1009.png","10364","images/1001-1100/LCCC-1009.png","LCCC-1009.png","D:\github\ron-english-light-cult-1001-2000\images\1001-1100\LCCC-1009.png","items/lccc-1009.html","https://ronenglish-archive.github.io/ron-english-light-cult-1001-2000/items/lccc-1009.html","https://opensea.io/item/ethereum/0xbe85fbd182af91290be7293438ae67549638189f/1009","OK",""
"1010","1010","Light Cult Crypto Club #1010","RE-002820","1001-1100","","","","","","items/lccc-1010.html","https://ronenglish-archive.github.io/ron-english-light-cult-1001-2000/items/lccc-1010.html","https://opensea.io/item/ethereum/0xbe85fbd182af91290be7293438ae67549638189f/1010","MISSING SOURCE IMAGE","No source image found for token #1010"
"1011","1011","Light Cult Crypto Club #1011","RE-002821","1001-1100","D:\github\ron-english-nfts\light-cult-crypto-club\images\LCCC-1011.png","26778","images/1001-1100/LCCC-1011.png","LCCC-1011.png","D:\github\ron-english-light-cult-1001-2000\images\1001-1100\LCCC-1011.png","items/lccc-1011.html","https://ronenglish-archive.github.io/ron-english-light-cult-1001-2000/items/lccc-1011.html","https://opensea.io/item/ethereum/0xbe85fbd182af91290be7293438ae67549638189f/1011","OK",""
"1012","1012","Light Cult Crypto Club #1012","RE-002822","1001-1100","D:\github\ron-english-nfts\light-cult-crypto-club\images\LCCC-1012.png","6017","images/1001-1100/LCCC-1012.png","LCCC-1012.png","D:\github\ron-english-light-cult-1001-2000\images\1001-1100\LCCC-1012.png","items/lccc-1012.html","https://ronenglish-archive.github.io/ron-english-light-cult-1001-2000/items/lccc-1012.html","https://opensea.io/item/ethereum/0xbe85fbd182af91290be7293438ae67549638189f/1012","OK",""
"1013","1013","Light Cult Crypto Club #1013","RE-002823","1001-1100","D:\github\ron-english-nfts\light-cult-crypto-club\images\LCCC-1013.png","11871","images/1001-1100/LCCC-1013.png","LCCC-1013.png","D:\github\ron-english-light-cult-1001-2000\images\1001-1100\LCCC-1013.png","items/lccc-1013.html","https://ronenglish-archive.github.io/ron-english-light-cult-1001-2000/items/lccc-1013.html","https://opensea.io/item/ethereum/0xbe85fbd182af91290be7293438ae67549638189f/1013","OK",""
"1014","1014","Light Cult Crypto Club #1014","RE-002824","1001-1100","D:\github\ron-english-nfts\light-cult-crypto-club\images\LCCC-1014.png","4771","images/1001-1100/LCCC-1014.png","LCCC-1014.png","D:\github\ron-english-light-cult-1001-2000\images\1001-1100\LCCC-1014.png","items/lccc-1014.html","https://ronenglish-archive.github.io/ron-english-light-cult-1001-2000/items/lccc-1014.html","https://opensea.io/item/ethereum/0xbe85fbd182af91290be7293438ae67549638189f/1014","OK",""
"1015","1015","Light Cult Crypto Club #1015","RE-002825","1001-1100","D:\github\ron-english-nfts\light-cult-crypto-club\images\LCCC-1015.png","26848","images/1001-1100/LCCC-1015.png","LCCC-1015.png","D:\github\ron-english-light-cult-1001-2000\images\1001-1100\LCCC-1015.png","items/lccc-1015.html","https://ronenglish-archive.github.io/ron-english-light-cult-1001-2000/items/lccc-1015.html","https://opensea.io/item/ethereum/0xbe85fbd182af91290be7293438ae67549638189f/1015","OK",""
"1016","1016","Light Cult Crypto Club #1016","RE-002826","1001-1100","D:\github\ron-english-nfts\light-cult-crypto-club\images\LCCC-1016.png","21321","images/1001-1100/LCCC-1016.png","LCCC-1016.png","D:\github\ron-english-light-cult-1001-2000\images\1001-1100\LCCC-1016.png","items/lccc-1016.html","https://ronenglish-archive.github.io/ron-english-light-cult-1001-2000/items/lccc-1016.html","https://opensea.io/item/ethereum/0xbe85fbd182af91290be7293438ae67549638189f/1016","OK",""
"1017","1017","Light Cult Crypto Club #1017","RE-002827","1001-1100","D:\github\ron-english-nfts\light-cult-crypto-club\images\LCCC-1017.png","35503","images/1001-1100/LCCC-1017.png","LCCC-1017.png","D:\github\ron-english-light-cult-1001-2000\images\1001-1100\LCCC-1017.png","items/lccc-1017.html","https://ronenglish-archive.github.io/ron-english-light-cult-1001-2000/items/lccc-1017.html","https://opensea.io/item/ethereum/0xbe85fbd182af91290be7293438ae67549638189f/1017","OK",""
"1018","1018","Light Cult Crypto Club #1018","RE-002828","1001-1100","","","","","","items/lccc-1018.html","https://ronenglish-archive.github.io/ron-english-light-cult-1001-2000/items/lccc-1018.html","https://opensea.io/item/ethereum/0xbe85fbd182af91290be7293438ae67549638189f/1018","MISSING SOURCE IMAGE","No source image found for token #1018"
"1019","1019","Light Cult Crypto Club #1019","RE-002829","1001-1100","D:\github\ron-english-nfts\light-cult-crypto-club\images\LCCC-1019.png","41286","images/1001-1100/LCCC-1019.png","LCCC-1019.png","D:\github\ron-english-light-cult-1001-2000\images\1001-1100\LCCC-1019.png","items/lccc-1019.html","https://ronenglish-archive.github.io/ron-english-light-cult-1001-2000/items/lccc-1019.html","https://opensea.io/item/ethereum/0xbe85fbd182af91290be7293438ae67549638189f/1019","OK",""
"1020","1020","Light Cult Crypto Club #1020","RE-002830","1001-1100","D:\github\ron-english-nfts\light-cult-crypto-club\images\LCCC-1020.png","6904","images/1001-1100/LCCC-1020.png","LCCC-1020.png","D:\github\ron-english-light-cult-1001-2000\images\1001-1100\LCCC-1020.png","items/lccc-1020.html","https://ronenglish-archive.github.io/ron-english-light-cult-1001-2000/items/lccc-1020.html","https://opensea.io/item/ethereum/0xbe85fbd182af91290be7293438ae67549638189f/1020","OK",""
"1021","1021","Light Cult Crypto Club #1021","RE-002831","1001-1100","D:\github\ron-english-nfts\light-cult-crypto-club\images\LCCC-1021.png","9604","images/1001-1100/LCCC-1021.png","LCCC-1021.png","D:\github\ron-english-light-cult-1001-2000\images\1001-1100\LCCC-1021.png","items/lccc-1021.html","https://ronenglish-archive.github.io/ron-english-light-cult-1001-2000/items/lccc-1021.html","https://opensea.io/item/ethereum/0xbe85fbd182af91290be7293438ae67549638189f/1021","OK",""
"1022","1022","Light Cult Crypto Club #1022","RE-002832","1001-1100","D:\github\ron-english-nfts\light-cult-crypto-club\images\LCCC-1022.png","29713","images/1001-1100/LCCC-1022.png","LCCC-1022.png","D:\github\ron-english-light-cult-1001-2000\images\1001-1100\LCCC-1022.png","items/lccc-1022.html","https://ronenglish-archive.github.io/ron-english-light-cult-1001-2000/items/lccc-1022.html","https://opensea.io/item/ethereum/0xbe85fbd182af91290be7293438ae67549638189f/1022","OK",""
"1023","1023","Light Cult Crypto Club #1023","RE-002833","1001-1100","D:\github\ron-english-nfts\light-cult-crypto-club\images\LCCC-1023.png","26965","images/1001-1100/LCCC-1023.png","LCCC-1023.png","D:\github\ron-english-light-cult-1001-2000\images\1001-1100\LCCC-1023.png","items/lccc-1023.html","https://ronenglish-archive.github.io/ron-english-light-cult-1001-2000/items/lccc-1023.html","https://opensea.io/item/ethereum/0xbe85fbd182af91290be7293438ae67549638189f/1023","OK",""
"1024","1024","Light Cult Crypto Club #1024","RE-002834","1001-1100","D:\github\ron-english-nfts\light-cult-crypto-club\images\LCCC-1024.png","8088","images/1001-1100/LCCC-1024.png","LCCC-1024.png","D:\github\ron-english-light-cult-1001-2000\images\1001-1100\LCCC-1024.png","items/lccc-1024.html","https://ronenglish-archive.github.io/ron-english-light-cult-1001-2000/items/lccc-1024.html","https://opensea.io/item/ethereum/0xbe85fbd182af91290be7293438ae67549638189f/1024","OK",""
"1025","1025","Light Cult Crypto Club #1025","RE-002835","1001-1100","D:\github\ron-english-nfts\light-cult-crypto-club\images\LCCC-1025.png","14548","images/1001-1100/LCCC-1025.png","LCCC-1025.png","D:\github\ron-english-light-cult-1001-2000\images\1001-1100\LCCC-1025.png","items/lccc-1025.html","https://ronenglish-archive.github.io/ron-english-light-cult-1001-2000/items/lccc-1025.html","https://opensea.io/item/ethereum/0xbe85fbd182af91290be7293438ae67549638189f/1025","OK",""
"1026","1026","Light Cult Crypto Club #1026","RE-002836","1001-1100","D:\github\ron-english-nfts\light-cult-crypto-club\images\LCCC-1026.png","10583","images/1001-1100/LCCC-1026.png","LCCC-1026.png","D:\github\ron-english-light-cult-1001-2000\images\1001-1100\LCCC-1026.png","items/lccc-1026.html","https://ronenglish-archive.github.io/ron-english-light-cult-1001-2000/items/lccc-1026.html","https://opensea.io/item/ethereum/0xbe85fbd182af91290be7293438ae67549638189f/1026","OK",""
"1027","1027","Light Cult Crypto Club #1027","RE-002837","1001-1100","D:\github\ron-english-nfts\light-cult-crypto-club\images\LCCC-1027.png","30275","images/1001-1100/LCCC-1027.png","LCCC-1027.png","D:\github\ron-english-light-cult-1001-2000\images\1001-1100\LCCC-1027.png","items/lccc-1027.html","https://ronenglish-archive.github.io/ron-english-light-cult-1001-2000/items/lccc-1027.html","https://opensea.io/item/ethereum/0xbe85fbd182af91290be7293438ae67549638189f/1027","OK",""
"1028","1028","Light Cult Crypto Club #1028","RE-002838","1001-1100","D:\github\ron-english-nfts\light-cult-crypto-club\images\LCCC-1028.png","15427","images/1001-1100/LCCC-1028.png","LCCC-1028.png","D:\github\ron-english-light-cult-1001-2000\images\1001-1100\LCCC-1028.png","items/lccc-1028.html","https://ronenglish-archive.github.io/ron-english-light-cult-1001-2000/items/lccc-1028.html","https://opensea.io/item/ethereum/0xbe85fbd182af91290be7293438ae67549638189f/1028","OK",""
"1029","1029","Light Cult Crypto Club #1029","RE-002839","1001-1100","D:\github\ron-english-nfts\light-cult-crypto-club\images\LCCC-1029.png","13609","images/1001-1100/LCCC-1029.png","LCCC-1029.png","D:\github\ron-english-light-cult-1001-2000\images\1001-1100\LCCC-1029.png","items/lccc-1029.html","https://ronenglish-archive.github.io/ron-english-light-cult-1001-2000/items/lccc-1029.html","https://opensea.io/item/ethereum/0xbe85fbd182af91290be7293438ae67549638189f/1029","OK",""
"1030","1030","Light Cult Crypto Club #1030","RE-002840","1001-1100","D:\github\ron-english-nfts\light-cult-crypto-club\images\LCCC-1030.png","20223","images/1001-1100/LCCC-1030.png","LCCC-1030.png","D:\github\ron-english-light-cult-1001-2000\images\1001-1100\LCCC-1030.png","items/lccc-1030.html","https://ronenglish-archive.github.io/ron-english-light-cult-1001-2000/items/lccc-1030.html","https://opensea.io/item/ethereum/0xbe85fbd182af91290be7293438ae67549638189f/1030","OK",""
"1031","1031","Light Cult Crypto Club #1031","RE-002841","1001-1100","D:\github\ron-english-nfts\light-cult-crypto-club\images\LCCC-1031.png","17836","images/1001-1100/LCCC-1031.png","LCCC-1031.png","D:\github\ron-english-light-cult-1001-2000\images\1001-1100\LCCC-1031.png","items/lccc-1031.html","https://ronenglish-archive.github.io/ron-english-light-cult-1001-2000/items/lccc-1031.html","https://opensea.io/item/ethereum/0xbe85fbd182af91290be7293438ae67549638189f/1031","OK",""
"1032","1032","Light Cult Crypto Club #1032","RE-002842","1001-1100","D:\github\ron-english-nfts\light-cult-crypto-club\images\LCCC-1032.png","33355","images/1001-1100/LCCC-1032.png","LCCC-1032.png","D:\github\ron-english-light-cult-1001-2000\images\1001-1100\LCCC-1032.png","items/lccc-1032.html","https://ronenglish-archive.github.io/ron-english-light-cult-1001-2000/items/lccc-1032.html","https://opensea.io/item/ethereum/0xbe85fbd182af91290be7293438ae67549638189f/1032","OK",""
"1033","1033","Light Cult Crypto Club #1033","RE-002843","1001-1100","D:\github\ron-english-nfts\light-cult-crypto-club\images\LCCC-1033.png","8163","images/1001-1100/LCCC-1033.png","LCCC-1033.png","D:\github\ron-english-light-cult-1001-2000\images\1001-1100\LCCC-1033.png","items/lccc-1033.html","https://ronenglish-archive.github.io/ron-english-light-cult-1001-2000/items/lccc-1033.html","https://opensea.io/item/ethereum/0xbe85fbd182af91290be7293438ae67549638189f/1033","OK",""
"1034","1034","Light Cult Crypto Club #1034","RE-002844","1001-1100","D:\github\ron-english-nfts\light-cult-crypto-club\images\LCCC-1034.png","35887","images/1001-1100/LCCC-1034.png","LCCC-1034.png","D:\github\ron-english-light-cult-1001-2000\images\1001-1100\LCCC-1034.png","items/lccc-1034.html","https://ronenglish-archive.github.io/ron-english-light-cult-1001-2000/items/lccc-1034.html","https://opensea.io/item/ethereum/0xbe85fbd182af91290be7293438ae67549638189f/1034","OK",""
"1035","1035","Light Cult Crypto Club #1035","RE-002845","1001-1100","D:\github\ron-english-nfts\light-cult-crypto-club\images\LCCC-1035.png","26361","images/1001-1100/LCCC-1035.png","LCCC-1035.png","D:\github\ron-english-light-cult-1001-2000\images\1001-1100\LCCC-1035.png","items/lccc-1035.html","https://ronenglish-archive.github.io/ron-english-light-cult-1001-2000/items/lccc-1035.html","https://opensea.io/item/ethereum/0xbe85fbd182af91290be7293438ae67549638189f/1035","OK",""
"1036","1036","Light Cult Crypto Club #1036","RE-002846","1001-1100","D:\github\ron-english-nfts\light-cult-crypto-club\images\LCCC-1036.png","28485","images/1001-1100/LCCC-1036.png","LCCC-1036.png","D:\github\ron-english-light-cult-1001-2000\images\1001-1100\LCCC-1036.png","items/lccc-1036.html","https://ronenglish-archive.github.io/ron-english-light-cult-1001-2000/items/lccc-1036.html","https://opensea.io/item/ethereum/0xbe85fbd182af91290be7293438ae67549638189f/1036","OK",""
"1037","1037","Light Cult Crypto Club #1037","RE-002847","1001-1100","D:\github\ron-english-nfts\light-cult-crypto-club\images\LCCC-1037.png","9005","images/1001-1100/LCCC-1037.png","LCCC-1037.png","D:\github\ron-english-light-cult-1001-2000\images\1001-1100\LCCC-1037.png","items/lccc-1037.html","https://ronenglish-archive.github.io/ron-english-light-cult-1001-2000/items/lccc-1037.html","https://opensea.io/item/ethereum/0xbe85fbd182af91290be7293438ae67549638189f/1037","OK",""
"1038","1038","Light Cult Crypto Club #1038","RE-002848","1001-1100","D:\github\ron-english-nfts\light-cult-crypto-club\images\LCCC-1038.png","30044","images/1001-1100/LCCC-1038.png","LCCC-1038.png","D:\github\ron-english-light-cult-1001-2000\images\1001-1100\LCCC-1038.png","items/lccc-1038.html","https://ronenglish-archive.github.io/ron-english-light-cult-1001-2000/items/lccc-1038.html","https://opensea.io/item/ethereum/0xbe85fbd182af91290be7293438ae67549638189f/1038","OK",""
"1039","1039","Light Cult Crypto Club #1039","RE-002849","1001-1100","D:\github\ron-english-nfts\light-cult-crypto-club\images\LCCC-1039.png","9109","images/1001-1100/LCCC-1039.png","LCCC-1039.png","D:\github\ron-english-light-cult-1001-2000\images\1001-1100\LCCC-1039.png","items/lccc-1039.html","https://ronenglish-archive.github.io/ron-english-light-cult-1001-2000/items/lccc-1039.html","https://opensea.io/item/ethereum/0xbe85fbd182af91290be7293438ae67549638189f/1039","OK",""
"1040","1040","Light Cult Crypto Club #1040","RE-002850","1001-1100","D:\github\ron-english-nfts\light-cult-crypto-club\images\LCCC-1040.png","15329","images/1001-1100/LCCC-1040.png","LCCC-1040.png","D:\github\ron-english-light-cult-1001-2000\images\1001-1100\LCCC-1040.png","items/lccc-1040.html","https://ronenglish-archive.github.io/ron-english-light-cult-1001-2000/items/lccc-1040.html","https://opensea.io/item/ethereum/0xbe85fbd182af91290be7293438ae67549638189f/1040","OK",""
"1041","1041","Light Cult Crypto Club #1041","RE-002851","1001-1100","D:\github\ron-english-nfts\light-cult-crypto-club\images\LCCC-1041.png","21663","images/1001-1100/LCCC-1041.png","LCCC-1041.png","D:\github\ron-english-light-cult-1001-2000\images\1001-1100\LCCC-1041.png","items/lccc-1041.html","https://ronenglish-archive.github.io/ron-english-light-cult-1001-2000/items/lccc-1041.html","https://opensea.io/item/ethereum/0xbe85fbd182af91290be7293438ae67549638189f/1041","OK",""
"1042","1042","Light Cult Crypto Club #1042","RE-002852","1001-1100","D:\github\ron-english-nfts\light-cult-crypto-club\images\LCCC-1042.png","32700","images/1001-1100/LCCC-1042.png","LCCC-1042.png","D:\github\ron-english-light-cult-1001-2000\images\1001-1100\LCCC-1042.png","items/lccc-1042.html","https://ronenglish-archive.github.io/ron-english-light-cult-1001-2000/items/lccc-1042.html","https://opensea.io/item/ethereum/0xbe85fbd182af91290be7293438ae67549638189f/1042","OK",""
"1043","1043","Light Cult Crypto Club #1043","RE-002853","1001-1100","D:\github\ron-english-nfts\light-cult-crypto-club\images\LCCC-1043.png","26598","images/1001-1100/LCCC-1043.png","LCCC-1043.png","D:\github\ron-english-light-cult-1001-2000\images\1001-1100\LCCC-1043.png","items/lccc-1043.html","https://ronenglish-archive.github.io/ron-english-light-cult-1001-2000/items/lccc-1043.html","https://opensea.io/item/ethereum/0xbe85fbd182af91290be7293438ae67549638189f/1043","OK",""
"1044","1044","Light Cult Crypto Club #1044","RE-002854","1001-1100","D:\github\ron-english-nfts\light-cult-crypto-club\images\LCCC-1044.png","23022","images/1001-1100/LCCC-1044.png","LCCC-1044.png","D:\github\ron-english-light-cult-1001-2000\images\1001-1100\LCCC-1044.png","items/lccc-1044.html","https://ronenglish-archive.github.io/ron-english-light-cult-1001-2000/items/lccc-1044.html","https://opensea.io/item/ethereum/0xbe85fbd182af91290be7293438ae67549638189f/1044","OK",""
"1045","1045","Light Cult Crypto Club #1045","RE-002855","1001-1100","D:\github\ron-english-nfts\light-cult-crypto-club\images\LCCC-1045.png","9165","images/1001-1100/LCCC-1045.png","LCCC-1045.png","D:\github\ron-english-light-cult-1001-2000\images\1001-1100\LCCC-1045.png","items/lccc-1045.html","https://ronenglish-archive.github.io/ron-english-light-cult-1001-2000/items/lccc-1045.html","https://opensea.io/item/ethereum/0xbe85fbd182af91290be7293438ae67549638189f/1045","OK",""
"1046","1046","Light Cult Crypto Club #1046","RE-002856","1001-1100","D:\github\ron-english-nfts\light-cult-crypto-club\images\LCCC-1046.png","6862","images/1001-1100/LCCC-1046.png","LCCC-1046.png","D:\github\ron-english-light-cult-1001-2000\images\1001-1100\LCCC-1046.png","items/lccc-1046.html","https://ronenglish-archive.github.io/ron-english-light-cult-1001-2000/items/lccc-1046.html","https://opensea.io/item/ethereum/0xbe85fbd182af91290be7293438ae67549638189f/1046","OK",""
"1047","1047","Light Cult Crypto Club #1047","RE-002857","1001-1100","","","","","","items/lccc-1047.html","https://ronenglish-archive.github.io/ron-english-light-cult-1001-2000/items/lccc-1047.html","https://opensea.io/item/ethereum/0xbe85fbd182af91290be7293438ae67549638189f/1047","MISSING SOURCE IMAGE","No source image found for token #1047"
"1048","1048","Light Cult Crypto Club #1048","RE-002858","1001-1100","D:\github\ron-english-nfts\light-cult-crypto-club\images\LCCC-1048.png","32486","images/1001-1100/LCCC-1048.png","LCCC-1048.png","D:\github\ron-english-light-cult-1001-2000\images\1001-1100\LCCC-1048.png","items/lccc-1048.html","https://ronenglish-archive.github.io/ron-english-light-cult-1001-2000/items/lccc-1048.html","https://opensea.io/item/ethereum/0xbe85fbd182af91290be7293438ae67549638189f/1048","OK",""
"1049","1049","Light Cult Crypto Club #1049","RE-002859","1001-1100","D:\github\ron-english-nfts\light-cult-crypto-club\images\LCCC-1049.png","11863","images/1001-1100/LCCC-1049.png","LCCC-1049.png","D:\github\ron-english-light-cult-1001-2000\images\1001-1100\LCCC-1049.png","items/lccc-1049.html","https://ronenglish-archive.github.io/ron-english-light-cult-1001-2000/items/lccc-1049.html","https://opensea.io/item/ethereum/0xbe85fbd182af91290be7293438ae67549638189f/1049","OK",""
"1050","1050","Light Cult Crypto Club #1050","RE-002860","1001-1100","D:\github\ron-english-nfts\light-cult-crypto-club\images\LCCC-1050.png","21192","images/1001-1100/LCCC-1050.png","LCCC-1050.png","D:\github\ron-english-light-cult-1001-2000\images\1001-1100\LCCC-1050.png","items/lccc-1050.html","https://ronenglish-archive.github.io/ron-english-light-cult-1001-2000/items/lccc-1050.html","https://opensea.io/item/ethereum/0xbe85fbd182af91290be7293438ae67549638189f/1050","OK",""
"1051","1051","Light Cult Crypto Club #1051","RE-002861","1001-1100","D:\github\ron-english-nfts\light-cult-crypto-club\images\LCCC-1051.png","28435","images/1001-1100/LCCC-1051.png","LCCC-1051.png","D:\github\ron-english-light-cult-1001-2000\images\1001-1100\LCCC-1051.png","items/lccc-1051.html","https://ronenglish-archive.github.io/ron-english-light-cult-1001-2000/items/lccc-1051.html","https://opensea.io/item/ethereum/0xbe85fbd182af91290be7293438ae67549638189f/1051","OK",""
"1052","1052","Light Cult Crypto Club #1052","RE-002862","1001-1100","D:\github\ron-english-nfts\light-cult-crypto-club\images\LCCC-1052.png","32541","images/1001-1100/LCCC-1052.png","LCCC-1052.png","D:\github\ron-english-light-cult-1001-2000\images\1001-1100\LCCC-1052.png","items/lccc-1052.html","https://ronenglish-archive.github.io/ron-english-light-cult-1001-2000/items/lccc-1052.html","https://opensea.io/item/ethereum/0xbe85fbd182af91290be7293438ae67549638189f/1052","OK",""
"1053","1053","Light Cult Crypto Club #1053","RE-002863","1001-1100","D:\github\ron-english-nfts\light-cult-crypto-club\images\LCCC-1053.png","12573","images/1001-1100/LCCC-1053.png","LCCC-1053.png","D:\github\ron-english-light-cult-1001-2000\images\1001-1100\LCCC-1053.png","items/lccc-1053.html","https://ronenglish-archive.github.io/ron-english-light-cult-1001-2000/items/lccc-1053.html","https://opensea.io/item/ethereum/0xbe85fbd182af91290be7293438ae67549638189f/1053","OK",""
"1054","1054","Light Cult Crypto Club #1054","RE-002864","1001-1100","D:\github\ron-english-nfts\light-cult-crypto-club\images\LCCC-1054.png","27929","images/1001-1100/LCCC-1054.png","LCCC-1054.png","D:\github\ron-english-light-cult-1001-2000\images\1001-1100\LCCC-1054.png","items/lccc-1054.html","https://ronenglish-archive.github.io/ron-english-light-cult-1001-2000/items/lccc-1054.html","https://opensea.io/item/ethereum/0xbe85fbd182af91290be7293438ae67549638189f/1054","OK",""
"1055","1055","Light Cult Crypto Club #1055","RE-002865","1001-1100","","","","","","items/lccc-1055.html","https://ronenglish-archive.github.io/ron-english-light-cult-1001-2000/items/lccc-1055.html","https://opensea.io/item/ethereum/0xbe85fbd182af91290be7293438ae67549638189f/1055","MISSING SOURCE IMAGE","No source image found for token #1055"
"1056","1056","Light Cult Crypto Club #1056","RE-002866","1001-1100","D:\github\ron-english-nfts\light-cult-crypto-club\images\LCCC-1056.png","13207","images/1001-1100/LCCC-1056.png","LCCC-1056.png","D:\github\ron-english-light-cult-1001-2000\images\1001-1100\LCCC-1056.png","items/lccc-1056.html","https://ronenglish-archive.github.io/ron-english-light-cult-1001-2000/items/lccc-1056.html","https://opensea.io/item/ethereum/0xbe85fbd182af91290be7293438ae67549638189f/1056","OK",""
"1057","1057","Light Cult Crypto Club #1057","RE-002867","1001-1100","D:\github\ron-english-nfts\light-cult-crypto-club\images\LCCC-1057.png","15584","images/1001-1100/LCCC-1057.png","LCCC-1057.png","D:\github\ron-english-light-cult-1001-2000\images\1001-1100\LCCC-1057.png","items/lccc-1057.html","https://ronenglish-archive.github.io/ron-english-light-cult-1001-2000/items/lccc-1057.html","https://opensea.io/item/ethereum/0xbe85fbd182af91290be7293438ae67549638189f/1057","OK",""
"1058","1058","Light Cult Crypto Club #1058","RE-002868","1001-1100","D:\github\ron-english-nfts\light-cult-crypto-club\images\LCCC-1058.png","35597","images/1001-1100/LCCC-1058.png","LCCC-1058.png","D:\github\ron-english-light-cult-1001-2000\images\1001-1100\LCCC-1058.png","items/lccc-1058.html","https://ronenglish-archive.github.io/ron-english-light-cult-1001-2000/items/lccc-1058.html","https://opensea.io/item/ethereum/0xbe85fbd182af91290be7293438ae67549638189f/1058","OK",""
"1059","1059","Light Cult Crypto Club #1059","RE-002869","1001-1100","D:\github\ron-english-nfts\light-cult-crypto-club\images\LCCC-1059.png","13745","images/1001-1100/LCCC-1059.png","LCCC-1059.png","D:\github\ron-english-light-cult-1001-2000\images\1001-1100\LCCC-1059.png","items/lccc-1059.html","https://ronenglish-archive.github.io/ron-english-light-cult-1001-2000/items/lccc-1059.html","https://opensea.io/item/ethereum/0xbe85fbd182af91290be7293438ae67549638189f/1059","OK",""
"1060","1060","Light Cult Crypto Club #1060","RE-002870","1001-1100","D:\github\ron-english-nfts\light-cult-crypto-club\images\LCCC-1060.png","28459","images/1001-1100/LCCC-1060.png","LCCC-1060.png","D:\github\ron-english-light-cult-1001-2000\images\1001-1100\LCCC-1060.png","items/lccc-1060.html","https://ronenglish-archive.github.io/ron-english-light-cult-1001-2000/items/lccc-1060.html","https://opensea.io/item/ethereum/0xbe85fbd182af91290be7293438ae67549638189f/1060","OK",""
"1061","1061","Light Cult Crypto Club #1061","RE-002871","1001-1100","D:\github\ron-english-nfts\light-cult-crypto-club\images\LCCC-1061.png","21977","images/1001-1100/LCCC-1061.png","LCCC-1061.png","D:\github\ron-english-light-cult-1001-2000\images\1001-1100\LCCC-1061.png","items/lccc-1061.html","https://ronenglish-archive.github.io/ron-english-light-cult-1001-2000/items/lccc-1061.html","https://opensea.io/item/ethereum/0xbe85fbd182af91290be7293438ae67549638189f/1061","OK",""
"1062","1062","Light Cult Crypto Club #1062","RE-002872","1001-1100","D:\github\ron-english-nfts\light-cult-crypto-club\images\LCCC-1062.png","8407","images/1001-1100/LCCC-1062.png","LCCC-1062.png","D:\github\ron-english-light-cult-1001-2000\images\1001-1100\LCCC-1062.png","items/lccc-1062.html","https://ronenglish-archive.github.io/ron-english-light-cult-1001-2000/items/lccc-1062.html","https://opensea.io/item/ethereum/0xbe85fbd182af91290be7293438ae67549638189f/1062","OK",""
"1063","1063","Light Cult Crypto Club #1063","RE-002873","1001-1100","D:\github\ron-english-nfts\light-cult-crypto-club\images\LCCC-1063.png","29620","images/1001-1100/LCCC-1063.png","LCCC-1063.png","D:\github\ron-english-light-cult-1001-2000\images\1001-1100\LCCC-1063.png","items/lccc-1063.html","https://ronenglish-archive.github.io/ron-english-light-cult-1001-2000/items/lccc-1063.html","https://opensea.io/item/ethereum/0xbe85fbd182af91290be7293438ae67549638189f/1063","OK",""
"1064","1064","Light Cult Crypto Club #1064","RE-002874","1001-1100","D:\github\ron-english-nfts\light-cult-crypto-club\images\LCCC-1064.png","14551","images/1001-1100/LCCC-1064.png","LCCC-1064.png","D:\github\ron-english-light-cult-1001-2000\images\1001-1100\LCCC-1064.png","items/lccc-1064.html","https://ronenglish-archive.github.io/ron-english-light-cult-1001-2000/items/lccc-1064.html","https://opensea.io/item/ethereum/0xbe85fbd182af91290be7293438ae67549638189f/1064","OK",""
"1065","1065","Light Cult Crypto Club #1065","RE-002875","1001-1100","D:\github\ron-english-nfts\light-cult-crypto-club\images\LCCC-1065.png","18040","images/1001-1100/LCCC-1065.png","LCCC-1065.png","D:\github\ron-english-light-cult-1001-2000\images\1001-1100\LCCC-1065.png","items/lccc-1065.html","https://ronenglish-archive.github.io/ron-english-light-cult-1001-2000/items/lccc-1065.html","https://opensea.io/item/ethereum/0xbe85fbd182af91290be7293438ae67549638189f/1065","OK",""
"1066","1066","Light Cult Crypto Club #1066","RE-002876","1001-1100","D:\github\ron-english-nfts\light-cult-crypto-club\images\LCCC-1066.png","30031","images/1001-1100/LCCC-1066.png","LCCC-1066.png","D:\github\ron-english-light-cult-1001-2000\images\1001-1100\LCCC-1066.png","items/lccc-1066.html","https://ronenglish-archive.github.io/ron-english-light-cult-1001-2000/items/lccc-1066.html","https://opensea.io/item/ethereum/0xbe85fbd182af91290be7293438ae67549638189f/1066","OK",""
"1067","1067","Light Cult Crypto Club #1067","RE-002877","1001-1100","D:\github\ron-english-nfts\light-cult-crypto-club\images\LCCC-1067.png","15572","images/1001-1100/LCCC-1067.png","LCCC-1067.png","D:\github\ron-english-light-cult-1001-2000\images\1001-1100\LCCC-1067.png","items/lccc-1067.html","https://ronenglish-archive.github.io/ron-english-light-cult-1001-2000/items/lccc-1067.html","https://opensea.io/item/ethereum/0xbe85fbd182af91290be7293438ae67549638189f/1067","OK",""
"1068","1068","Light Cult Crypto Club #1068","RE-002878","1001-1100","D:\github\ron-english-nfts\light-cult-crypto-club\images\LCCC-1068.png","34117","images/1001-1100/LCCC-1068.png","LCCC-1068.png","D:\github\ron-english-light-cult-1001-2000\images\1001-1100\LCCC-1068.png","items/lccc-1068.html","https://ronenglish-archive.github.io/ron-english-light-cult-1001-2000/items/lccc-1068.html","https://opensea.io/item/ethereum/0xbe85fbd182af91290be7293438ae67549638189f/1068","OK",""
"1069","1069","Light Cult Crypto Club #1069","RE-002879","1001-1100","D:\github\ron-english-nfts\light-cult-crypto-club\images\LCCC-1069.png","16416","images/1001-1100/LCCC-1069.png","LCCC-1069.png","D:\github\ron-english-light-cult-1001-2000\images\1001-1100\LCCC-1069.png","items/lccc-1069.html","https://ronenglish-archive.github.io/ron-english-light-cult-1001-2000/items/lccc-1069.html","https://opensea.io/item/ethereum/0xbe85fbd182af91290be7293438ae67549638189f/1069","OK",""
"1070","1070","Light Cult Crypto Club #1070","RE-002880","1001-1100","D:\github\ron-english-nfts\light-cult-crypto-club\images\LCCC-1070.png","11654","images/1001-1100/LCCC-1070.png","LCCC-1070.png","D:\github\ron-english-light-cult-1001-2000\images\1001-1100\LCCC-1070.png","items/lccc-1070.html","https://ronenglish-archive.github.io/ron-english-light-cult-1001-2000/items/lccc-1070.html","https://opensea.io/item/ethereum/0xbe85fbd182af91290be7293438ae67549638189f/1070","OK",""
"1071","1071","Light Cult Crypto Club #1071","RE-002881","1001-1100","D:\github\ron-english-nfts\light-cult-crypto-club\images\LCCC-1071.png","19660","images/1001-1100/LCCC-1071.png","LCCC-1071.png","D:\github\ron-english-light-cult-1001-2000\images\1001-1100\LCCC-1071.png","items/lccc-1071.html","https://ronenglish-archive.github.io/ron-english-light-cult-1001-2000/items/lccc-1071.html","https://opensea.io/item/ethereum/0xbe85fbd182af91290be7293438ae67549638189f/1071","OK",""
"1072","1072","Light Cult Crypto Club #1072","RE-002882","1001-1100","D:\github\ron-english-nfts\light-cult-crypto-club\images\LCCC-1072.png","13913","images/1001-1100/LCCC-1072.png","LCCC-1072.png","D:\github\ron-english-light-cult-1001-2000\images\1001-1100\LCCC-1072.png","items/lccc-1072.html","https://ronenglish-archive.github.io/ron-english-light-cult-1001-2000/items/lccc-1072.html","https://opensea.io/item/ethereum/0xbe85fbd182af91290be7293438ae67549638189f/1072","OK",""
"1073","1073","Light Cult Crypto Club #1073","RE-002883","1001-1100","D:\github\ron-english-nfts\light-cult-crypto-club\images\LCCC-1073.png","19031","images/1001-1100/LCCC-1073.png","LCCC-1073.png","D:\github\ron-english-light-cult-1001-2000\images\1001-1100\LCCC-1073.png","items/lccc-1073.html","https://ronenglish-archive.github.io/ron-english-light-cult-1001-2000/items/lccc-1073.html","https://opensea.io/item/ethereum/0xbe85fbd182af91290be7293438ae67549638189f/1073","OK",""
"1074","1074","Light Cult Crypto Club #1074","RE-002884","1001-1100","D:\github\ron-english-nfts\light-cult-crypto-club\images\LCCC-1074.png","29581","images/1001-1100/LCCC-1074.png","LCCC-1074.png","D:\github\ron-english-light-cult-1001-2000\images\1001-1100\LCCC-1074.png","items/lccc-1074.html","https://ronenglish-archive.github.io/ron-english-light-cult-1001-2000/items/lccc-1074.html","https://opensea.io/item/ethereum/0xbe85fbd182af91290be7293438ae67549638189f/1074","OK",""
"1075","1075","Light Cult Crypto Club #1075","RE-002885","1001-1100","D:\github\ron-english-nfts\light-cult-crypto-club\images\LCCC-1075.png","36665","images/1001-1100/LCCC-1075.png","LCCC-1075.png","D:\github\ron-english-light-cult-1001-2000\images\1001-1100\LCCC-1075.png","items/lccc-1075.html","https://ronenglish-archive.github.io/ron-english-light-cult-1001-2000/items/lccc-1075.html","https://opensea.io/item/ethereum/0xbe85fbd182af91290be7293438ae67549638189f/1075","OK",""
"1076","1076","Light Cult Crypto Club #1076","RE-002886","1001-1100","D:\github\ron-english-nfts\light-cult-crypto-club\images\LCCC-1076.png","13961","images/1001-1100/LCCC-1076.png","LCCC-1076.png","D:\github\ron-english-light-cult-1001-2000\images\1001-1100\LCCC-1076.png","items/lccc-1076.html","https://ronenglish-archive.github.io/ron-english-light-cult-1001-2000/items/lccc-1076.html","https://opensea.io/item/ethereum/0xbe85fbd182af91290be7293438ae67549638189f/1076","OK",""
"1077","1077","Light Cult Crypto Club #1077","RE-002887","1001-1100","D:\github\ron-english-nfts\light-cult-crypto-club\images\LCCC-1077.png","27690","images/1001-1100/LCCC-1077.png","LCCC-1077.png","D:\github\ron-english-light-cult-1001-2000\images\1001-1100\LCCC-1077.png","items/lccc-1077.html","https://ronenglish-archive.github.io/ron-english-light-cult-1001-2000/items/lccc-1077.html","https://opensea.io/item/ethereum/0xbe85fbd182af91290be7293438ae67549638189f/1077","OK",""
"1078","1078","Light Cult Crypto Club #1078","RE-002888","1001-1100","D:\github\ron-english-nfts\light-cult-crypto-club\images\LCCC-1078.png","28262","images/1001-1100/LCCC-1078.png","LCCC-1078.png","D:\github\ron-english-light-cult-1001-2000\images\1001-1100\LCCC-1078.png","items/lccc-1078.html","https://ronenglish-archive.github.io/ron-english-light-cult-1001-2000/items/lccc-1078.html","https://opensea.io/item/ethereum/0xbe85fbd182af91290be7293438ae67549638189f/1078","OK",""
"1079","1079","Light Cult Crypto Club #1079","RE-002889","1001-1100","D:\github\ron-english-nfts\light-cult-crypto-club\images\LCCC-1079.png","25319","images/1001-1100/LCCC-1079.png","LCCC-1079.png","D:\github\ron-english-light-cult-1001-2000\images\1001-1100\LCCC-1079.png","items/lccc-1079.html","https://ronenglish-archive.github.io/ron-english-light-cult-1001-2000/items/lccc-1079.html","https://opensea.io/item/ethereum/0xbe85fbd182af91290be7293438ae67549638189f/1079","OK",""
"1080","1080","Light Cult Crypto Club #1080","RE-002890","1001-1100","","","","","","items/lccc-1080.html","https://ronenglish-archive.github.io/ron-english-light-cult-1001-2000/items/lccc-1080.html","https://opensea.io/item/ethereum/0xbe85fbd182af91290be7293438ae67549638189f/1080","MISSING SOURCE IMAGE","No source image found for token #1080"
"1081","1081","Light Cult Crypto Club #1081","RE-002891","1001-1100","D:\github\ron-english-nfts\light-cult-crypto-club\images\LCCC-1081.png","31628","images/1001-1100/LCCC-1081.png","LCCC-1081.png","D:\github\ron-english-light-cult-1001-2000\images\1001-1100\LCCC-1081.png","items/lccc-1081.html","https://ronenglish-archive.github.io/ron-english-light-cult-1001-2000/items/lccc-1081.html","https://opensea.io/item/ethereum/0xbe85fbd182af91290be7293438ae67549638189f/1081","OK",""
"1082","1082","Light Cult Crypto Club #1082","RE-002892","1001-1100","","","","","","items/lccc-1082.html","https://ronenglish-archive.github.io/ron-english-light-cult-1001-2000/items/lccc-1082.html","https://opensea.io/item/ethereum/0xbe85fbd182af91290be7293438ae67549638189f/1082","MISSING SOURCE IMAGE","No source image found for token #1082"
"1083","1083","Light Cult Crypto Club #1083","RE-002893","1001-1100","D:\github\ron-english-nfts\light-cult-crypto-club\images\LCCC-1083.png","38034","images/1001-1100/LCCC-1083.png","LCCC-1083.png","D:\github\ron-english-light-cult-1001-2000\images\1001-1100\LCCC-1083.png","items/lccc-1083.html","https://ronenglish-archive.github.io/ron-english-light-cult-1001-2000/items/lccc-1083.html","https://opensea.io/item/ethereum/0xbe85fbd182af91290be7293438ae67549638189f/1083","OK",""
"1084","1084","Light Cult Crypto Club #1084","RE-002894","1001-1100","D:\github\ron-english-nfts\light-cult-crypto-club\images\LCCC-1084.png","14584","images/1001-1100/LCCC-1084.png","LCCC-1084.png","D:\github\ron-english-light-cult-1001-2000\images\1001-1100\LCCC-1084.png","items/lccc-1084.html","https://ronenglish-archive.github.io/ron-english-light-cult-1001-2000/items/lccc-1084.html","https://opensea.io/item/ethereum/0xbe85fbd182af91290be7293438ae67549638189f/1084","OK",""
"1085","1085","Light Cult Crypto Club #1085","RE-002895","1001-1100","D:\github\ron-english-nfts\light-cult-crypto-club\images\LCCC-1085.png","6057","images/1001-1100/LCCC-1085.png","LCCC-1085.png","D:\github\ron-english-light-cult-1001-2000\images\1001-1100\LCCC-1085.png","items/lccc-1085.html","https://ronenglish-archive.github.io/ron-english-light-cult-1001-2000/items/lccc-1085.html","https://opensea.io/item/ethereum/0xbe85fbd182af91290be7293438ae67549638189f/1085","OK",""
"1086","1086","Light Cult Crypto Club #1086","RE-002896","1001-1100","D:\github\ron-english-nfts\light-cult-crypto-club\images\LCCC-1086.png","3983","images/1001-1100/LCCC-1086.png","LCCC-1086.png","D:\github\ron-english-light-cult-1001-2000\images\1001-1100\LCCC-1086.png","items/lccc-1086.html","https://ronenglish-archive.github.io/ron-english-light-cult-1001-2000/items/lccc-1086.html","https://opensea.io/item/ethereum/0xbe85fbd182af91290be7293438ae67549638189f/1086","OK",""
"1087","1087","Light Cult Crypto Club #1087","RE-002897","1001-1100","D:\github\ron-english-nfts\light-cult-crypto-club\images\LCCC-1087.png","21495","images/1001-1100/LCCC-1087.png","LCCC-1087.png","D:\github\ron-english-light-cult-1001-2000\images\1001-1100\LCCC-1087.png","items/lccc-1087.html","https://ronenglish-archive.github.io/ron-english-light-cult-1001-2000/items/lccc-1087.html","https://opensea.io/item/ethereum/0xbe85fbd182af91290be7293438ae67549638189f/1087","OK",""
"1088","1088","Light Cult Crypto Club #1088","RE-002898","1001-1100","D:\github\ron-english-nfts\light-cult-crypto-club\images\LCCC-1088.png","3098","images/1001-1100/LCCC-1088.png","LCCC-1088.png","D:\github\ron-english-light-cult-1001-2000\images\1001-1100\LCCC-1088.png","items/lccc-1088.html","https://ronenglish-archive.github.io/ron-english-light-cult-1001-2000/items/lccc-1088.html","https://opensea.io/item/ethereum/0xbe85fbd182af91290be7293438ae67549638189f/1088","OK",""
"1089","1089","Light Cult Crypto Club #1089","RE-002899","1001-1100","D:\github\ron-english-nfts\light-cult-crypto-club\images\LCCC-1089.png","9119","images/1001-1100/LCCC-1089.png","LCCC-1089.png","D:\github\ron-english-light-cult-1001-2000\images\1001-1100\LCCC-1089.png","items/lccc-1089.html","https://ronenglish-archive.github.io/ron-english-light-cult-1001-2000/items/lccc-1089.html","https://opensea.io/item/ethereum/0xbe85fbd182af91290be7293438ae67549638189f/1089","OK",""
"1090","1090","Light Cult Crypto Club #1090","RE-002900","1001-1100","D:\github\ron-english-nfts\light-cult-crypto-club\images\LCCC-1090.png","8000","images/1001-1100/LCCC-1090.png","LCCC-1090.png","D:\github\ron-english-light-cult-1001-2000\images\1001-1100\LCCC-1090.png","items/lccc-1090.html","https://ronenglish-archive.github.io/ron-english-light-cult-1001-2000/items/lccc-1090.html","https://opensea.io/item/ethereum/0xbe85fbd182af91290be7293438ae67549638189f/1090","OK",""
"1091","1091","Light Cult Crypto Club #1091","RE-002901","1001-1100","D:\github\ron-english-nfts\light-cult-crypto-club\images\LCCC-1091.png","28100","images/1001-1100/LCCC-1091.png","LCCC-1091.png","D:\github\ron-english-light-cult-1001-2000\images\1001-1100\LCCC-1091.png","items/lccc-1091.html","https://ronenglish-archive.github.io/ron-english-light-cult-1001-2000/items/lccc-1091.html","https://opensea.io/item/ethereum/0xbe85fbd182af91290be7293438ae67549638189f/1091","OK",""
"1092","1092","Light Cult Crypto Club #1092","RE-002902","1001-1100","D:\github\ron-english-nfts\light-cult-crypto-club\images\LCCC-1092.png","6583","images/1001-1100/LCCC-1092.png","LCCC-1092.png","D:\github\ron-english-light-cult-1001-2000\images\1001-1100\LCCC-1092.png","items/lccc-1092.html","https://ronenglish-archive.github.io/ron-english-light-cult-1001-2000/items/lccc-1092.html","https://opensea.io/item/ethereum/0xbe85fbd182af91290be7293438ae67549638189f/1092","OK",""
"1093","1093","Light Cult Crypto Club #1093","RE-002903","1001-1100","D:\github\ron-english-nfts\light-cult-crypto-club\images\LCCC-1093.png","9168","images/1001-1100/LCCC-1093.png","LCCC-1093.png","D:\github\ron-english-light-cult-1001-2000\images\1001-1100\LCCC-1093.png","items/lccc-1093.html","https://ronenglish-archive.github.io/ron-english-light-cult-1001-2000/items/lccc-1093.html","https://opensea.io/item/ethereum/0xbe85fbd182af91290be7293438ae67549638189f/1093","OK",""
"1094","1094","Light Cult Crypto Club #1094","RE-002904","1001-1100","D:\github\ron-english-nfts\light-cult-crypto-club\images\LCCC-1094.png","29845","images/1001-1100/LCCC-1094.png","LCCC-1094.png","D:\github\ron-english-light-cult-1001-2000\images\1001-1100\LCCC-1094.png","items/lccc-1094.html","https://ronenglish-archive.github.io/ron-english-light-cult-1001-2000/items/lccc-1094.html","https://opensea.io/item/ethereum/0xbe85fbd182af91290be7293438ae67549638189f/1094","OK",""
"1095","1095","Light Cult Crypto Club #1095","RE-002905","1001-1100","D:\github\ron-english-nfts\light-cult-crypto-club\images\LCCC-1095.png","25263","images/1001-1100/LCCC-1095.png","LCCC-1095.png","D:\github\ron-english-light-cult-1001-2000\images\1001-1100\LCCC-1095.png","items/lccc-1095.html","https://ronenglish-archive.github.io/ron-english-light-cult-1001-2000/items/lccc-1095.html","https://opensea.io/item/ethereum/0xbe85fbd182af91290be7293438ae67549638189f/1095","OK",""
"1096","1096","Light Cult Crypto Club #1096","RE-002906","1001-1100","D:\github\ron-english-nfts\light-cult-crypto-club\images\LCCC-1096.png","24695","images/1001-1100/LCCC-1096.png","LCCC-1096.png","D:\github\ron-english-light-cult-1001-2000\images\1001-1100\LCCC-1096.png","items/lccc-1096.html","https://ronenglish-archive.github.io/ron-english-light-cult-1001-2000/items/lccc-1096.html","https://opensea.io/item/ethereum/0xbe85fbd182af91290be7293438ae67549638189f/1096","OK",""
"1097","1097","Light Cult Crypto Club #1097","RE-002907","1001-1100","D:\github\ron-english-nfts\light-cult-crypto-club\images\LCCC-1097.png","23643","images/1001-1100/LCCC-1097.png","LCCC-1097.png","D:\github\ron-english-light-cult-1001-2000\images\1001-1100\LCCC-1097.png","items/lccc-1097.html","https://ronenglish-archive.github.io/ron-english-light-cult-1001-2000/items/lccc-1097.html","https://opensea.io/item/ethereum/0xbe85fbd182af91290be7293438ae67549638189f/1097","OK",""
"1098","1098","Light Cult Crypto Club #1098","RE-002908","1001-1100","D:\github\ron-english-nfts\light-cult-crypto-club\images\LCCC-1098.png","27689","images/1001-1100/LCCC-1098.png","LCCC-1098.png","D:\github\ron-english-light-cult-1001-2000\images\1001-1100\LCCC-1098.png","items/lccc-1098.html","https://ronenglish-archive.github.io/ron-english-light-cult-1001-2000/items/lccc-1098.html","https://opensea.io/item/ethereum/0xbe85fbd182af91290be7293438ae67549638189f/1098","OK",""
"1099","1099","Light Cult Crypto Club #1099","RE-002909","1001-1100","D:\github\ron-english-nfts\light-cult-crypto-club\images\LCCC-1099.png","7950","images/1001-1100/LCCC-1099.png","LCCC-1099.png","D:\github\ron-english-light-cult-1001-2000\images\1001-1100\LCCC-1099.png","items/lccc-1099.html","https://ronenglish-archive.github.io/ron-english-light-cult-1001-2000/items/lccc-1099.html","https://opensea.io/item/ethereum/0xbe85fbd182af91290be7293438ae67549638189f/1099","OK",""
"1100","1100","Light Cult Crypto Club #1100","RE-002910","1001-1100","D:\github\ron-english-nfts\light-cult-crypto-club\images\LCCC-1100.png","30059","images/1001-1100/LCCC-1100.png","LCCC-1100.png","D:\github\ron-english-light-cult-1001-2000\images\1001-1100\LCCC-1100.png","items/lccc-1100.html","https://ronenglish-archive.github.io/ron-english-light-cult-1001-2000/items/lccc-1100.html","https://opensea.io/item/ethereum/0xbe85fbd182af91290be7293438ae67549638189f/1100","OK",""
"1101","1101","Light Cult Crypto Club #1101","RE-002911","1101-1200","D:\github\ron-english-nfts\light-cult-crypto-club\images\LCCC-1101.png","29667","images/1101-1200/LCCC-1101.png","LCCC-1101.png","D:\github\ron-english-light-cult-1001-2000\images\1101-1200\LCCC-1101.png","items/lccc-1101.html","https://ronenglish-archive.github.io/ron-english-light-cult-1001-2000/items/lccc-1101.html","https://opensea.io/item/ethereum/0xbe85fbd182af91290be7293438ae67549638189f/1101","OK",""
"1102","1102","Light Cult Crypto Club #1102","RE-002912","1101-1200","D:\github\ron-english-nfts\light-cult-crypto-club\images\LCCC-1102.png","14969","images/1101-1200/LCCC-1102.png","LCCC-1102.png","D:\github\ron-english-light-cult-1001-2000\images\1101-1200\LCCC-1102.png","items/lccc-1102.html","https://ronenglish-archive.github.io/ron-english-light-cult-1001-2000/items/lccc-1102.html","https://opensea.io/item/ethereum/0xbe85fbd182af91290be7293438ae67549638189f/1102","OK",""
"1103","1103","Light Cult Crypto Club #1103","RE-002913","1101-1200","D:\github\ron-english-nfts\light-cult-crypto-club\images\LCCC-1103.png","9700","images/1101-1200/LCCC-1103.png","LCCC-1103.png","D:\github\ron-english-light-cult-1001-2000\images\1101-1200\LCCC-1103.png","items/lccc-1103.html","https://ronenglish-archive.github.io/ron-english-light-cult-1001-2000/items/lccc-1103.html","https://opensea.io/item/ethereum/0xbe85fbd182af91290be7293438ae67549638189f/1103","OK",""
"1104","1104","Light Cult Crypto Club #1104","RE-002914","1101-1200","D:\github\ron-english-nfts\light-cult-crypto-club\images\LCCC-1104.png","56510","images/1101-1200/LCCC-1104.png","LCCC-1104.png","D:\github\ron-english-light-cult-1001-2000\images\1101-1200\LCCC-1104.png","items/lccc-1104.html","https://ronenglish-archive.github.io/ron-english-light-cult-1001-2000/items/lccc-1104.html","https://opensea.io/item/ethereum/0xbe85fbd182af91290be7293438ae67549638189f/1104","OK",""
"1105","1105","Light Cult Crypto Club #1105","RE-002915","1101-1200","D:\github\ron-english-nfts\light-cult-crypto-club\images\LCCC-1105.png","33807","images/1101-1200/LCCC-1105.png","LCCC-1105.png","D:\github\ron-english-light-cult-1001-2000\images\1101-1200\LCCC-1105.png","items/lccc-1105.html","https://ronenglish-archive.github.io/ron-english-light-cult-1001-2000/items/lccc-1105.html","https://opensea.io/item/ethereum/0xbe85fbd182af91290be7293438ae67549638189f/1105","OK",""
"1106","1106","Light Cult Crypto Club #1106","RE-002916","1101-1200","D:\github\ron-english-nfts\light-cult-crypto-club\images\LCCC-1106.png","35973","images/1101-1200/LCCC-1106.png","LCCC-1106.png","D:\github\ron-english-light-cult-1001-2000\images\1101-1200\LCCC-1106.png","items/lccc-1106.html","https://ronenglish-archive.github.io/ron-english-light-cult-1001-2000/items/lccc-1106.html","https://opensea.io/item/ethereum/0xbe85fbd182af91290be7293438ae67549638189f/1106","OK",""
"1107","1107","Light Cult Crypto Club #1107","RE-002917","1101-1200","D:\github\ron-english-nfts\light-cult-crypto-club\images\LCCC-1107.png","18529","images/1101-1200/LCCC-1107.png","LCCC-1107.png","D:\github\ron-english-light-cult-1001-2000\images\1101-1200\LCCC-1107.png","items/lccc-1107.html","https://ronenglish-archive.github.io/ron-english-light-cult-1001-2000/items/lccc-1107.html","https://opensea.io/item/ethereum/0xbe85fbd182af91290be7293438ae67549638189f/1107","OK",""
"1108","1108","Light Cult Crypto Club #1108","RE-002918","1101-1200","D:\github\ron-english-nfts\light-cult-crypto-club\images\LCCC-1108.png","25091","images/1101-1200/LCCC-1108.png","LCCC-1108.png","D:\github\ron-english-light-cult-1001-2000\images\1101-1200\LCCC-1108.png","items/lccc-1108.html","https://ronenglish-archive.github.io/ron-english-light-cult-1001-2000/items/lccc-1108.html","https://opensea.io/item/ethereum/0xbe85fbd182af91290be7293438ae67549638189f/1108","OK",""
"1109","1109","Light Cult Crypto Club #1109","RE-002919","1101-1200","D:\github\ron-english-nfts\light-cult-crypto-club\images\LCCC-1109.png","25653","images/1101-1200/LCCC-1109.png","LCCC-1109.png","D:\github\ron-english-light-cult-1001-2000\images\1101-1200\LCCC-1109.png","items/lccc-1109.html","https://ronenglish-archive.github.io/ron-english-light-cult-1001-2000/items/lccc-1109.html","https://opensea.io/item/ethereum/0xbe85fbd182af91290be7293438ae67549638189f/1109","OK",""
"1110","1110","Light Cult Crypto Club #1110","RE-002920","1101-1200","D:\github\ron-english-nfts\light-cult-crypto-club\images\LCCC-1110.png","36734","images/1101-1200/LCCC-1110.png","LCCC-1110.png","D:\github\ron-english-light-cult-1001-2000\images\1101-1200\LCCC-1110.png","items/lccc-1110.html","https://ronenglish-archive.github.io/ron-english-light-cult-1001-2000/items/lccc-1110.html","https://opensea.io/item/ethereum/0xbe85fbd182af91290be7293438ae67549638189f/1110","OK",""
"1111","1111","Light Cult Crypto Club #1111","RE-002921","1101-1200","","","","","","items/lccc-1111.html","https://ronenglish-archive.github.io/ron-english-light-cult-1001-2000/items/lccc-1111.html","https://opensea.io/item/ethereum/0xbe85fbd182af91290be7293438ae67549638189f/1111","MISSING SOURCE IMAGE","No source image found for token #1111"
"1112","1112","Light Cult Crypto Club #1112","RE-002922","1101-1200","D:\github\ron-english-nfts\light-cult-crypto-club\images\LCCC-1112.png","7875","images/1101-1200/LCCC-1112.png","LCCC-1112.png","D:\github\ron-english-light-cult-1001-2000\images\1101-1200\LCCC-1112.png","items/lccc-1112.html","https://ronenglish-archive.github.io/ron-english-light-cult-1001-2000/items/lccc-1112.html","https://opensea.io/item/ethereum/0xbe85fbd182af91290be7293438ae67549638189f/1112","OK",""
"1113","1113","Light Cult Crypto Club #1113","RE-002923","1101-1200","D:\github\ron-english-nfts\light-cult-crypto-club\images\LCCC-1113.png","19947","images/1101-1200/LCCC-1113.png","LCCC-1113.png","D:\github\ron-english-light-cult-1001-2000\images\1101-1200\LCCC-1113.png","items/lccc-1113.html","https://ronenglish-archive.github.io/ron-english-light-cult-1001-2000/items/lccc-1113.html","https://opensea.io/item/ethereum/0xbe85fbd182af91290be7293438ae67549638189f/1113","OK",""
"1114","1114","Light Cult Crypto Club #1114","RE-002924","1101-1200","D:\github\ron-english-nfts\light-cult-crypto-club\images\LCCC-1114.png","4522","images/1101-1200/LCCC-1114.png","LCCC-1114.png","D:\github\ron-english-light-cult-1001-2000\images\1101-1200\LCCC-1114.png","items/lccc-1114.html","https://ronenglish-archive.github.io/ron-english-light-cult-1001-2000/items/lccc-1114.html","https://opensea.io/item/ethereum/0xbe85fbd182af91290be7293438ae67549638189f/1114","OK",""
"1115","1115","Light Cult Crypto Club #1115","RE-002925","1101-1200","D:\github\ron-english-nfts\light-cult-crypto-club\images\LCCC-1115.png","8960","images/1101-1200/LCCC-1115.png","LCCC-1115.png","D:\github\ron-english-light-cult-1001-2000\images\1101-1200\LCCC-1115.png","items/lccc-1115.html","https://ronenglish-archive.github.io/ron-english-light-cult-1001-2000/items/lccc-1115.html","https://opensea.io/item/ethereum/0xbe85fbd182af91290be7293438ae67549638189f/1115","OK",""
"1116","1116","Light Cult Crypto Club #1116","RE-002926","1101-1200","D:\github\ron-english-nfts\light-cult-crypto-club\images\LCCC-1116.png","22401","images/1101-1200/LCCC-1116.png","LCCC-1116.png","D:\github\ron-english-light-cult-1001-2000\images\1101-1200\LCCC-1116.png","items/lccc-1116.html","https://ronenglish-archive.github.io/ron-english-light-cult-1001-2000/items/lccc-1116.html","https://opensea.io/item/ethereum/0xbe85fbd182af91290be7293438ae67549638189f/1116","OK",""
"1117","1117","Light Cult Crypto Club #1117","RE-002927","1101-1200","D:\github\ron-english-nfts\light-cult-crypto-club\images\LCCC-1117.png","35417","images/1101-1200/LCCC-1117.png","LCCC-1117.png","D:\github\ron-english-light-cult-1001-2000\images\1101-1200\LCCC-1117.png","items/lccc-1117.html","https://ronenglish-archive.github.io/ron-english-light-cult-1001-2000/items/lccc-1117.html","https://opensea.io/item/ethereum/0xbe85fbd182af91290be7293438ae67549638189f/1117","OK",""
"1118","1118","Light Cult Crypto Club #1118","RE-002928","1101-1200","D:\github\ron-english-nfts\light-cult-crypto-club\images\LCCC-1118.png","13040","images/1101-1200/LCCC-1118.png","LCCC-1118.png","D:\github\ron-english-light-cult-1001-2000\images\1101-1200\LCCC-1118.png","items/lccc-1118.html","https://ronenglish-archive.github.io/ron-english-light-cult-1001-2000/items/lccc-1118.html","https://opensea.io/item/ethereum/0xbe85fbd182af91290be7293438ae67549638189f/1118","OK",""
"1119","1119","Light Cult Crypto Club #1119","RE-002929","1101-1200","D:\github\ron-english-nfts\light-cult-crypto-club\images\LCCC-1119.png","12414","images/1101-1200/LCCC-1119.png","LCCC-1119.png","D:\github\ron-english-light-cult-1001-2000\images\1101-1200\LCCC-1119.png","items/lccc-1119.html","https://ronenglish-archive.github.io/ron-english-light-cult-1001-2000/items/lccc-1119.html","https://opensea.io/item/ethereum/0xbe85fbd182af91290be7293438ae67549638189f/1119","OK",""
"1120","1120","Light Cult Crypto Club #1120","RE-002930","1101-1200","D:\github\ron-english-nfts\light-cult-crypto-club\images\LCCC-1120.png","28918","images/1101-1200/LCCC-1120.png","LCCC-1120.png","D:\github\ron-english-light-cult-1001-2000\images\1101-1200\LCCC-1120.png","items/lccc-1120.html","https://ronenglish-archive.github.io/ron-english-light-cult-1001-2000/items/lccc-1120.html","https://opensea.io/item/ethereum/0xbe85fbd182af91290be7293438ae67549638189f/1120","OK",""
"1121","1121","Light Cult Crypto Club #1121","RE-002931","1101-1200","D:\github\ron-english-nfts\light-cult-crypto-club\images\LCCC-1121.png","6169","images/1101-1200/LCCC-1121.png","LCCC-1121.png","D:\github\ron-english-light-cult-1001-2000\images\1101-1200\LCCC-1121.png","items/lccc-1121.html","https://ronenglish-archive.github.io/ron-english-light-cult-1001-2000/items/lccc-1121.html","https://opensea.io/item/ethereum/0xbe85fbd182af91290be7293438ae67549638189f/1121","OK",""
"1122","1122","Light Cult Crypto Club #1122","RE-002932","1101-1200","D:\github\ron-english-nfts\light-cult-crypto-club\images\LCCC-1122.png","7851","images/1101-1200/LCCC-1122.png","LCCC-1122.png","D:\github\ron-english-light-cult-1001-2000\images\1101-1200\LCCC-1122.png","items/lccc-1122.html","https://ronenglish-archive.github.io/ron-english-light-cult-1001-2000/items/lccc-1122.html","https://opensea.io/item/ethereum/0xbe85fbd182af91290be7293438ae67549638189f/1122","OK",""
"1123","1123","Light Cult Crypto Club #1123","RE-002933","1101-1200","D:\github\ron-english-nfts\light-cult-crypto-club\images\LCCC-1123.png","12943","images/1101-1200/LCCC-1123.png","LCCC-1123.png","D:\github\ron-english-light-cult-1001-2000\images\1101-1200\LCCC-1123.png","items/lccc-1123.html","https://ronenglish-archive.github.io/ron-english-light-cult-1001-2000/items/lccc-1123.html","https://opensea.io/item/ethereum/0xbe85fbd182af91290be7293438ae67549638189f/1123","OK",""
"1124","1124","Light Cult Crypto Club #1124","RE-002934","1101-1200","D:\github\ron-english-nfts\light-cult-crypto-club\images\LCCC-1124.png","30747","images/1101-1200/LCCC-1124.png","LCCC-1124.png","D:\github\ron-english-light-cult-1001-2000\images\1101-1200\LCCC-1124.png","items/lccc-1124.html","https://ronenglish-archive.github.io/ron-english-light-cult-1001-2000/items/lccc-1124.html","https://opensea.io/item/ethereum/0xbe85fbd182af91290be7293438ae67549638189f/1124","OK",""
"1125","1125","Light Cult Crypto Club #1125","RE-002935","1101-1200","D:\github\ron-english-nfts\light-cult-crypto-club\images\LCCC-1125.png","31674","images/1101-1200/LCCC-1125.png","LCCC-1125.png","D:\github\ron-english-light-cult-1001-2000\images\1101-1200\LCCC-1125.png","items/lccc-1125.html","https://ronenglish-archive.github.io/ron-english-light-cult-1001-2000/items/lccc-1125.html","https://opensea.io/item/ethereum/0xbe85fbd182af91290be7293438ae67549638189f/1125","OK",""
"1126","1126","Light Cult Crypto Club #1126","RE-002936","1101-1200","D:\github\ron-english-nfts\light-cult-crypto-club\images\LCCC-1126.png","26218","images/1101-1200/LCCC-1126.png","LCCC-1126.png","D:\github\ron-english-light-cult-1001-2000\images\1101-1200\LCCC-1126.png","items/lccc-1126.html","https://ronenglish-archive.github.io/ron-english-light-cult-1001-2000/items/lccc-1126.html","https://opensea.io/item/ethereum/0xbe85fbd182af91290be7293438ae67549638189f/1126","OK",""
"1127","1127","Light Cult Crypto Club #1127","RE-002937","1101-1200","D:\github\ron-english-nfts\light-cult-crypto-club\images\LCCC-1127.png","44214","images/1101-1200/LCCC-1127.png","LCCC-1127.png","D:\github\ron-english-light-cult-1001-2000\images\1101-1200\LCCC-1127.png","items/lccc-1127.html","https://ronenglish-archive.github.io/ron-english-light-cult-1001-2000/items/lccc-1127.html","https://opensea.io/item/ethereum/0xbe85fbd182af91290be7293438ae67549638189f/1127","OK",""
"1128","1128","Light Cult Crypto Club #1128","RE-002938","1101-1200","D:\github\ron-english-nfts\light-cult-crypto-club\images\LCCC-1128.png","13023","images/1101-1200/LCCC-1128.png","LCCC-1128.png","D:\github\ron-english-light-cult-1001-2000\images\1101-1200\LCCC-1128.png","items/lccc-1128.html","https://ronenglish-archive.github.io/ron-english-light-cult-1001-2000/items/lccc-1128.html","https://opensea.io/item/ethereum/0xbe85fbd182af91290be7293438ae67549638189f/1128","OK",""
"1129","1129","Light Cult Crypto Club #1129","RE-002939","1101-1200","D:\github\ron-english-nfts\light-cult-crypto-club\images\LCCC-1129.png","28868","images/1101-1200/LCCC-1129.png","LCCC-1129.png","D:\github\ron-english-light-cult-1001-2000\images\1101-1200\LCCC-1129.png","items/lccc-1129.html","https://ronenglish-archive.github.io/ron-english-light-cult-1001-2000/items/lccc-1129.html","https://opensea.io/item/ethereum/0xbe85fbd182af91290be7293438ae67549638189f/1129","OK",""
"1130","1130","Light Cult Crypto Club #1130","RE-002940","1101-1200","D:\github\ron-english-nfts\light-cult-crypto-club\images\LCCC-1130.png","12080","images/1101-1200/LCCC-1130.png","LCCC-1130.png","D:\github\ron-english-light-cult-1001-2000\images\1101-1200\LCCC-1130.png","items/lccc-1130.html","https://ronenglish-archive.github.io/ron-english-light-cult-1001-2000/items/lccc-1130.html","https://opensea.io/item/ethereum/0xbe85fbd182af91290be7293438ae67549638189f/1130","OK",""
"1131","1131","Light Cult Crypto Club #1131","RE-002941","1101-1200","D:\github\ron-english-nfts\light-cult-crypto-club\images\LCCC-1131.png","39282","images/1101-1200/LCCC-1131.png","LCCC-1131.png","D:\github\ron-english-light-cult-1001-2000\images\1101-1200\LCCC-1131.png","items/lccc-1131.html","https://ronenglish-archive.github.io/ron-english-light-cult-1001-2000/items/lccc-1131.html","https://opensea.io/item/ethereum/0xbe85fbd182af91290be7293438ae67549638189f/1131","OK",""
"1132","1132","Light Cult Crypto Club #1132","RE-002942","1101-1200","D:\github\ron-english-nfts\light-cult-crypto-club\images\LCCC-1132.png","9675","images/1101-1200/LCCC-1132.png","LCCC-1132.png","D:\github\ron-english-light-cult-1001-2000\images\1101-1200\LCCC-1132.png","items/lccc-1132.html","https://ronenglish-archive.github.io/ron-english-light-cult-1001-2000/items/lccc-1132.html","https://opensea.io/item/ethereum/0xbe85fbd182af91290be7293438ae67549638189f/1132","OK",""
"1133","1133","Light Cult Crypto Club #1133","RE-002943","1101-1200","","","","","","items/lccc-1133.html","https://ronenglish-archive.github.io/ron-english-light-cult-1001-2000/items/lccc-1133.html","https://opensea.io/item/ethereum/0xbe85fbd182af91290be7293438ae67549638189f/1133","MISSING SOURCE IMAGE","No source image found for token #1133"
"1134","1134","Light Cult Crypto Club #1134","RE-002944","1101-1200","D:\github\ron-english-nfts\light-cult-crypto-club\images\LCCC-1134.png","30082","images/1101-1200/LCCC-1134.png","LCCC-1134.png","D:\github\ron-english-light-cult-1001-2000\images\1101-1200\LCCC-1134.png","items/lccc-1134.html","https://ronenglish-archive.github.io/ron-english-light-cult-1001-2000/items/lccc-1134.html","https://opensea.io/item/ethereum/0xbe85fbd182af91290be7293438ae67549638189f/1134","OK",""
"1135","1135","Light Cult Crypto Club #1135","RE-002945","1101-1200","","","","","","items/lccc-1135.html","https://ronenglish-archive.github.io/ron-english-light-cult-1001-2000/items/lccc-1135.html","https://opensea.io/item/ethereum/0xbe85fbd182af91290be7293438ae67549638189f/1135","MISSING SOURCE IMAGE","No source image found for token #1135"
"1136","1136","Light Cult Crypto Club #1136","RE-002946","1101-1200","D:\github\ron-english-nfts\light-cult-crypto-club\images\LCCC-1136.png","10226","images/1101-1200/LCCC-1136.png","LCCC-1136.png","D:\github\ron-english-light-cult-1001-2000\images\1101-1200\LCCC-1136.png","items/lccc-1136.html","https://ronenglish-archive.github.io/ron-english-light-cult-1001-2000/items/lccc-1136.html","https://opensea.io/item/ethereum/0xbe85fbd182af91290be7293438ae67549638189f/1136","OK",""
"1137","1137","Light Cult Crypto Club #1137","RE-002947","1101-1200","D:\github\ron-english-nfts\light-cult-crypto-club\images\LCCC-1137.png","10269","images/1101-1200/LCCC-1137.png","LCCC-1137.png","D:\github\ron-english-light-cult-1001-2000\images\1101-1200\LCCC-1137.png","items/lccc-1137.html","https://ronenglish-archive.github.io/ron-english-light-cult-1001-2000/items/lccc-1137.html","https://opensea.io/item/ethereum/0xbe85fbd182af91290be7293438ae67549638189f/1137","OK",""
"1138","1138","Light Cult Crypto Club #1138","RE-002948","1101-1200","D:\github\ron-english-nfts\light-cult-crypto-club\images\LCCC-1138.png","8974","images/1101-1200/LCCC-1138.png","LCCC-1138.png","D:\github\ron-english-light-cult-1001-2000\images\1101-1200\LCCC-1138.png","items/lccc-1138.html","https://ronenglish-archive.github.io/ron-english-light-cult-1001-2000/items/lccc-1138.html","https://opensea.io/item/ethereum/0xbe85fbd182af91290be7293438ae67549638189f/1138","OK",""
"1139","1139","Light Cult Crypto Club #1139","RE-002949","1101-1200","D:\github\ron-english-nfts\light-cult-crypto-club\images\LCCC-1139.png","32535","images/1101-1200/LCCC-1139.png","LCCC-1139.png","D:\github\ron-english-light-cult-1001-2000\images\1101-1200\LCCC-1139.png","items/lccc-1139.html","https://ronenglish-archive.github.io/ron-english-light-cult-1001-2000/items/lccc-1139.html","https://opensea.io/item/ethereum/0xbe85fbd182af91290be7293438ae67549638189f/1139","OK",""
"1140","1140","Light Cult Crypto Club #1140","RE-002950","1101-1200","D:\github\ron-english-nfts\light-cult-crypto-club\images\LCCC-1140.png","9030","images/1101-1200/LCCC-1140.png","LCCC-1140.png","D:\github\ron-english-light-cult-1001-2000\images\1101-1200\LCCC-1140.png","items/lccc-1140.html","https://ronenglish-archive.github.io/ron-english-light-cult-1001-2000/items/lccc-1140.html","https://opensea.io/item/ethereum/0xbe85fbd182af91290be7293438ae67549638189f/1140","OK",""
"1141","1141","Light Cult Crypto Club #1141","RE-002951","1101-1200","D:\github\ron-english-nfts\light-cult-crypto-club\images\LCCC-1141.png","18182","images/1101-1200/LCCC-1141.png","LCCC-1141.png","D:\github\ron-english-light-cult-1001-2000\images\1101-1200\LCCC-1141.png","items/lccc-1141.html","https://ronenglish-archive.github.io/ron-english-light-cult-1001-2000/items/lccc-1141.html","https://opensea.io/item/ethereum/0xbe85fbd182af91290be7293438ae67549638189f/1141","OK",""
"1142","1142","Light Cult Crypto Club #1142","RE-002952","1101-1200","D:\github\ron-english-nfts\light-cult-crypto-club\images\LCCC-1142.png","20900","images/1101-1200/LCCC-1142.png","LCCC-1142.png","D:\github\ron-english-light-cult-1001-2000\images\1101-1200\LCCC-1142.png","items/lccc-1142.html","https://ronenglish-archive.github.io/ron-english-light-cult-1001-2000/items/lccc-1142.html","https://opensea.io/item/ethereum/0xbe85fbd182af91290be7293438ae67549638189f/1142","OK",""
"1143","1143","Light Cult Crypto Club #1143","RE-002953","1101-1200","","","","","","items/lccc-1143.html","https://ronenglish-archive.github.io/ron-english-light-cult-1001-2000/items/lccc-1143.html","https://opensea.io/item/ethereum/0xbe85fbd182af91290be7293438ae67549638189f/1143","MISSING SOURCE IMAGE","No source image found for token #1143"
"1144","1144","Light Cult Crypto Club #1144","RE-002954","1101-1200","D:\github\ron-english-nfts\light-cult-crypto-club\images\LCCC-1144.png","25456","images/1101-1200/LCCC-1144.png","LCCC-1144.png","D:\github\ron-english-light-cult-1001-2000\images\1101-1200\LCCC-1144.png","items/lccc-1144.html","https://ronenglish-archive.github.io/ron-english-light-cult-1001-2000/items/lccc-1144.html","https://opensea.io/item/ethereum/0xbe85fbd182af91290be7293438ae67549638189f/1144","OK",""
"1145","1145","Light Cult Crypto Club #1145","RE-002955","1101-1200","D:\github\ron-english-nfts\light-cult-crypto-club\images\LCCC-1145.png","28499","images/1101-1200/LCCC-1145.png","LCCC-1145.png","D:\github\ron-english-light-cult-1001-2000\images\1101-1200\LCCC-1145.png","items/lccc-1145.html","https://ronenglish-archive.github.io/ron-english-light-cult-1001-2000/items/lccc-1145.html","https://opensea.io/item/ethereum/0xbe85fbd182af91290be7293438ae67549638189f/1145","OK",""
"1146","1146","Light Cult Crypto Club #1146","RE-002956","1101-1200","D:\github\ron-english-nfts\light-cult-crypto-club\images\LCCC-1146.png","38722","images/1101-1200/LCCC-1146.png","LCCC-1146.png","D:\github\ron-english-light-cult-1001-2000\images\1101-1200\LCCC-1146.png","items/lccc-1146.html","https://ronenglish-archive.github.io/ron-english-light-cult-1001-2000/items/lccc-1146.html","https://opensea.io/item/ethereum/0xbe85fbd182af91290be7293438ae67549638189f/1146","OK",""
"1147","1147","Light Cult Crypto Club #1147","RE-002957","1101-1200","D:\github\ron-english-nfts\light-cult-crypto-club\images\LCCC-1147.png","12390","images/1101-1200/LCCC-1147.png","LCCC-1147.png","D:\github\ron-english-light-cult-1001-2000\images\1101-1200\LCCC-1147.png","items/lccc-1147.html","https://ronenglish-archive.github.io/ron-english-light-cult-1001-2000/items/lccc-1147.html","https://opensea.io/item/ethereum/0xbe85fbd182af91290be7293438ae67549638189f/1147","OK",""
"1148","1148","Light Cult Crypto Club #1148","RE-002958","1101-1200","D:\github\ron-english-nfts\light-cult-crypto-club\images\LCCC-1148.png","13593","images/1101-1200/LCCC-1148.png","LCCC-1148.png","D:\github\ron-english-light-cult-1001-2000\images\1101-1200\LCCC-1148.png","items/lccc-1148.html","https://ronenglish-archive.github.io/ron-english-light-cult-1001-2000/items/lccc-1148.html","https://opensea.io/item/ethereum/0xbe85fbd182af91290be7293438ae67549638189f/1148","OK",""
"1149","1149","Light Cult Crypto Club #1149","RE-002959","1101-1200","","","","","","items/lccc-1149.html","https://ronenglish-archive.github.io/ron-english-light-cult-1001-2000/items/lccc-1149.html","https://opensea.io/item/ethereum/0xbe85fbd182af91290be7293438ae67549638189f/1149","MISSING SOURCE IMAGE","No source image found for token #1149"
"1150","1150","Light Cult Crypto Club #1150","RE-002960","1101-1200","D:\github\ron-english-nfts\light-cult-crypto-club\images\LCCC-1150.png","9726","images/1101-1200/LCCC-1150.png","LCCC-1150.png","D:\github\ron-english-light-cult-1001-2000\images\1101-1200\LCCC-1150.png","items/lccc-1150.html","https://ronenglish-archive.github.io/ron-english-light-cult-1001-2000/items/lccc-1150.html","https://opensea.io/item/ethereum/0xbe85fbd182af91290be7293438ae67549638189f/1150","OK",""
"1151","1151","Light Cult Crypto Club #1151","RE-002961","1101-1200","D:\github\ron-english-nfts\light-cult-crypto-club\images\LCCC-1151.png","15388","images/1101-1200/LCCC-1151.png","LCCC-1151.png","D:\github\ron-english-light-cult-1001-2000\images\1101-1200\LCCC-1151.png","items/lccc-1151.html","https://ronenglish-archive.github.io/ron-english-light-cult-1001-2000/items/lccc-1151.html","https://opensea.io/item/ethereum/0xbe85fbd182af91290be7293438ae67549638189f/1151","OK",""
"1152","1152","Light Cult Crypto Club #1152","RE-002962","1101-1200","D:\github\ron-english-nfts\light-cult-crypto-club\images\LCCC-1152.png","18941","images/1101-1200/LCCC-1152.png","LCCC-1152.png","D:\github\ron-english-light-cult-1001-2000\images\1101-1200\LCCC-1152.png","items/lccc-1152.html","https://ronenglish-archive.github.io/ron-english-light-cult-1001-2000/items/lccc-1152.html","https://opensea.io/item/ethereum/0xbe85fbd182af91290be7293438ae67549638189f/1152","OK",""
"1153","1153","Light Cult Crypto Club #1153","RE-002963","1101-1200","D:\github\ron-english-nfts\light-cult-crypto-club\images\LCCC-1153.png","8290","images/1101-1200/LCCC-1153.png","LCCC-1153.png","D:\github\ron-english-light-cult-1001-2000\images\1101-1200\LCCC-1153.png","items/lccc-1153.html","https://ronenglish-archive.github.io/ron-english-light-cult-1001-2000/items/lccc-1153.html","https://opensea.io/item/ethereum/0xbe85fbd182af91290be7293438ae67549638189f/1153","OK",""
"1154","1154","Light Cult Crypto Club #1154","RE-002964","1101-1200","D:\github\ron-english-nfts\light-cult-crypto-club\images\LCCC-1154.png","13341","images/1101-1200/LCCC-1154.png","LCCC-1154.png","D:\github\ron-english-light-cult-1001-2000\images\1101-1200\LCCC-1154.png","items/lccc-1154.html","https://ronenglish-archive.github.io/ron-english-light-cult-1001-2000/items/lccc-1154.html","https://opensea.io/item/ethereum/0xbe85fbd182af91290be7293438ae67549638189f/1154","OK",""
"1155","1155","Light Cult Crypto Club #1155","RE-002965","1101-1200","D:\github\ron-english-nfts\light-cult-crypto-club\images\LCCC-1155.png","55818","images/1101-1200/LCCC-1155.png","LCCC-1155.png","D:\github\ron-english-light-cult-1001-2000\images\1101-1200\LCCC-1155.png","items/lccc-1155.html","https://ronenglish-archive.github.io/ron-english-light-cult-1001-2000/items/lccc-1155.html","https://opensea.io/item/ethereum/0xbe85fbd182af91290be7293438ae67549638189f/1155","OK",""
"1156","1156","Light Cult Crypto Club #1156","RE-002966","1101-1200","D:\github\ron-english-nfts\light-cult-crypto-club\images\LCCC-1156.png","14446","images/1101-1200/LCCC-1156.png","LCCC-1156.png","D:\github\ron-english-light-cult-1001-2000\images\1101-1200\LCCC-1156.png","items/lccc-1156.html","https://ronenglish-archive.github.io/ron-english-light-cult-1001-2000/items/lccc-1156.html","https://opensea.io/item/ethereum/0xbe85fbd182af91290be7293438ae67549638189f/1156","OK",""
"1157","1157","Light Cult Crypto Club #1157","RE-002967","1101-1200","","","","","","items/lccc-1157.html","https://ronenglish-archive.github.io/ron-english-light-cult-1001-2000/items/lccc-1157.html","https://opensea.io/item/ethereum/0xbe85fbd182af91290be7293438ae67549638189f/1157","MISSING SOURCE IMAGE","No source image found for token #1157"
"1158","1158","Light Cult Crypto Club #1158","RE-002968","1101-1200","D:\github\ron-english-nfts\light-cult-crypto-club\images\LCCC-1158.png","15569","images/1101-1200/LCCC-1158.png","LCCC-1158.png","D:\github\ron-english-light-cult-1001-2000\images\1101-1200\LCCC-1158.png","items/lccc-1158.html","https://ronenglish-archive.github.io/ron-english-light-cult-1001-2000/items/lccc-1158.html","https://opensea.io/item/ethereum/0xbe85fbd182af91290be7293438ae67549638189f/1158","OK",""
"1159","1159","Light Cult Crypto Club #1159","RE-002969","1101-1200","","","","","","items/lccc-1159.html","https://ronenglish-archive.github.io/ron-english-light-cult-1001-2000/items/lccc-1159.html","https://opensea.io/item/ethereum/0xbe85fbd182af91290be7293438ae67549638189f/1159","MISSING SOURCE IMAGE","No source image found for token #1159"
"1160","1160","Light Cult Crypto Club #1160","RE-002970","1101-1200","D:\github\ron-english-nfts\light-cult-crypto-club\images\LCCC-1160.png","17908","images/1101-1200/LCCC-1160.png","LCCC-1160.png","D:\github\ron-english-light-cult-1001-2000\images\1101-1200\LCCC-1160.png","items/lccc-1160.html","https://ronenglish-archive.github.io/ron-english-light-cult-1001-2000/items/lccc-1160.html","https://opensea.io/item/ethereum/0xbe85fbd182af91290be7293438ae67549638189f/1160","OK",""
"1161","1161","Light Cult Crypto Club #1161","RE-002971","1101-1200","D:\github\ron-english-nfts\light-cult-crypto-club\images\LCCC-1161.png","14781","images/1101-1200/LCCC-1161.png","LCCC-1161.png","D:\github\ron-english-light-cult-1001-2000\images\1101-1200\LCCC-1161.png","items/lccc-1161.html","https://ronenglish-archive.github.io/ron-english-light-cult-1001-2000/items/lccc-1161.html","https://opensea.io/item/ethereum/0xbe85fbd182af91290be7293438ae67549638189f/1161","OK",""
"1162","1162","Light Cult Crypto Club #1162","RE-002972","1101-1200","D:\github\ron-english-nfts\light-cult-crypto-club\images\LCCC-1162.png","16985","images/1101-1200/LCCC-1162.png","LCCC-1162.png","D:\github\ron-english-light-cult-1001-2000\images\1101-1200\LCCC-1162.png","items/lccc-1162.html","https://ronenglish-archive.github.io/ron-english-light-cult-1001-2000/items/lccc-1162.html","https://opensea.io/item/ethereum/0xbe85fbd182af91290be7293438ae67549638189f/1162","OK",""
"1163","1163","Light Cult Crypto Club #1163","RE-002973","1101-1200","D:\github\ron-english-nfts\light-cult-crypto-club\images\LCCC-1163.png","26480","images/1101-1200/LCCC-1163.png","LCCC-1163.png","D:\github\ron-english-light-cult-1001-2000\images\1101-1200\LCCC-1163.png","items/lccc-1163.html","https://ronenglish-archive.github.io/ron-english-light-cult-1001-2000/items/lccc-1163.html","https://opensea.io/item/ethereum/0xbe85fbd182af91290be7293438ae67549638189f/1163","OK",""
"1164","1164","Light Cult Crypto Club #1164","RE-002974","1101-1200","D:\github\ron-english-nfts\light-cult-crypto-club\images\LCCC-1164.png","5887","images/1101-1200/LCCC-1164.png","LCCC-1164.png","D:\github\ron-english-light-cult-1001-2000\images\1101-1200\LCCC-1164.png","items/lccc-1164.html","https://ronenglish-archive.github.io/ron-english-light-cult-1001-2000/items/lccc-1164.html","https://opensea.io/item/ethereum/0xbe85fbd182af91290be7293438ae67549638189f/1164","OK",""
"1165","1165","Light Cult Crypto Club #1165","RE-002975","1101-1200","D:\github\ron-english-nfts\light-cult-crypto-club\images\LCCC-1165.png","19641","images/1101-1200/LCCC-1165.png","LCCC-1165.png","D:\github\ron-english-light-cult-1001-2000\images\1101-1200\LCCC-1165.png","items/lccc-1165.html","https://ronenglish-archive.github.io/ron-english-light-cult-1001-2000/items/lccc-1165.html","https://opensea.io/item/ethereum/0xbe85fbd182af91290be7293438ae67549638189f/1165","OK",""
"1166","1166","Light Cult Crypto Club #1166","RE-002976","1101-1200","","","","","","items/lccc-1166.html","https://ronenglish-archive.github.io/ron-english-light-cult-1001-2000/items/lccc-1166.html","https://opensea.io/item/ethereum/0xbe85fbd182af91290be7293438ae67549638189f/1166","MISSING SOURCE IMAGE","No source image found for token #1166"
"1167","1167","Light Cult Crypto Club #1167","RE-002977","1101-1200","D:\github\ron-english-nfts\light-cult-crypto-club\images\LCCC-1167.png","34384","images/1101-1200/LCCC-1167.png","LCCC-1167.png","D:\github\ron-english-light-cult-1001-2000\images\1101-1200\LCCC-1167.png","items/lccc-1167.html","https://ronenglish-archive.github.io/ron-english-light-cult-1001-2000/items/lccc-1167.html","https://opensea.io/item/ethereum/0xbe85fbd182af91290be7293438ae67549638189f/1167","OK",""
"1168","1168","Light Cult Crypto Club #1168","RE-002978","1101-1200","D:\github\ron-english-nfts\light-cult-crypto-club\images\LCCC-1168.png","7444","images/1101-1200/LCCC-1168.png","LCCC-1168.png","D:\github\ron-english-light-cult-1001-2000\images\1101-1200\LCCC-1168.png","items/lccc-1168.html","https://ronenglish-archive.github.io/ron-english-light-cult-1001-2000/items/lccc-1168.html","https://opensea.io/item/ethereum/0xbe85fbd182af91290be7293438ae67549638189f/1168","OK",""
"1169","1169","Light Cult Crypto Club #1169","RE-002979","1101-1200","D:\github\ron-english-nfts\light-cult-crypto-club\images\LCCC-1169.png","20191","images/1101-1200/LCCC-1169.png","LCCC-1169.png","D:\github\ron-english-light-cult-1001-2000\images\1101-1200\LCCC-1169.png","items/lccc-1169.html","https://ronenglish-archive.github.io/ron-english-light-cult-1001-2000/items/lccc-1169.html","https://opensea.io/item/ethereum/0xbe85fbd182af91290be7293438ae67549638189f/1169","OK",""
"1170","1170","Light Cult Crypto Club #1170","RE-002980","1101-1200","D:\github\ron-english-nfts\light-cult-crypto-club\images\LCCC-1170.png","14060","images/1101-1200/LCCC-1170.png","LCCC-1170.png","D:\github\ron-english-light-cult-1001-2000\images\1101-1200\LCCC-1170.png","items/lccc-1170.html","https://ronenglish-archive.github.io/ron-english-light-cult-1001-2000/items/lccc-1170.html","https://opensea.io/item/ethereum/0xbe85fbd182af91290be7293438ae67549638189f/1170","OK",""
"1171","1171","Light Cult Crypto Club #1171","RE-002981","1101-1200","","","","","","items/lccc-1171.html","https://ronenglish-archive.github.io/ron-english-light-cult-1001-2000/items/lccc-1171.html","https://opensea.io/item/ethereum/0xbe85fbd182af91290be7293438ae67549638189f/1171","MISSING SOURCE IMAGE","No source image found for token #1171"
"1172","1172","Light Cult Crypto Club #1172","RE-002982","1101-1200","D:\github\ron-english-nfts\light-cult-crypto-club\images\LCCC-1172.png","10194","images/1101-1200/LCCC-1172.png","LCCC-1172.png","D:\github\ron-english-light-cult-1001-2000\images\1101-1200\LCCC-1172.png","items/lccc-1172.html","https://ronenglish-archive.github.io/ron-english-light-cult-1001-2000/items/lccc-1172.html","https://opensea.io/item/ethereum/0xbe85fbd182af91290be7293438ae67549638189f/1172","OK",""
"1173","1173","Light Cult Crypto Club #1173","RE-002983","1101-1200","D:\github\ron-english-nfts\light-cult-crypto-club\images\LCCC-1173.png","36680","images/1101-1200/LCCC-1173.png","LCCC-1173.png","D:\github\ron-english-light-cult-1001-2000\images\1101-1200\LCCC-1173.png","items/lccc-1173.html","https://ronenglish-archive.github.io/ron-english-light-cult-1001-2000/items/lccc-1173.html","https://opensea.io/item/ethereum/0xbe85fbd182af91290be7293438ae67549638189f/1173","OK",""
"1174","1174","Light Cult Crypto Club #1174","RE-002984","1101-1200","","","","","","items/lccc-1174.html","https://ronenglish-archive.github.io/ron-english-light-cult-1001-2000/items/lccc-1174.html","https://opensea.io/item/ethereum/0xbe85fbd182af91290be7293438ae67549638189f/1174","MISSING SOURCE IMAGE","No source image found for token #1174"
"1175","1175","Light Cult Crypto Club #1175","RE-002985","1101-1200","D:\github\ron-english-nfts\light-cult-crypto-club\images\LCCC-1175.png","12946","images/1101-1200/LCCC-1175.png","LCCC-1175.png","D:\github\ron-english-light-cult-1001-2000\images\1101-1200\LCCC-1175.png","items/lccc-1175.html","https://ronenglish-archive.github.io/ron-english-light-cult-1001-2000/items/lccc-1175.html","https://opensea.io/item/ethereum/0xbe85fbd182af91290be7293438ae67549638189f/1175","OK",""
"1176","1176","Light Cult Crypto Club #1176","RE-002986","1101-1200","D:\github\ron-english-nfts\light-cult-crypto-club\images\LCCC-1176.png","13403","images/1101-1200/LCCC-1176.png","LCCC-1176.png","D:\github\ron-english-light-cult-1001-2000\images\1101-1200\LCCC-1176.png","items/lccc-1176.html","https://ronenglish-archive.github.io/ron-english-light-cult-1001-2000/items/lccc-1176.html","https://opensea.io/item/ethereum/0xbe85fbd182af91290be7293438ae67549638189f/1176","OK",""
"1177","1177","Light Cult Crypto Club #1177","RE-002987","1101-1200","D:\github\ron-english-nfts\light-cult-crypto-club\images\LCCC-1177.png","13450","images/1101-1200/LCCC-1177.png","LCCC-1177.png","D:\github\ron-english-light-cult-1001-2000\images\1101-1200\LCCC-1177.png","items/lccc-1177.html","https://ronenglish-archive.github.io/ron-english-light-cult-1001-2000/items/lccc-1177.html","https://opensea.io/item/ethereum/0xbe85fbd182af91290be7293438ae67549638189f/1177","OK",""
"1178","1178","Light Cult Crypto Club #1178","RE-002988","1101-1200","D:\github\ron-english-nfts\light-cult-crypto-club\images\LCCC-1178.png","25658","images/1101-1200/LCCC-1178.png","LCCC-1178.png","D:\github\ron-english-light-cult-1001-2000\images\1101-1200\LCCC-1178.png","items/lccc-1178.html","https://ronenglish-archive.github.io/ron-english-light-cult-1001-2000/items/lccc-1178.html","https://opensea.io/item/ethereum/0xbe85fbd182af91290be7293438ae67549638189f/1178","OK",""
"1179","1179","Light Cult Crypto Club #1179","RE-002989","1101-1200","D:\github\ron-english-nfts\light-cult-crypto-club\images\LCCC-1179.png","10133","images/1101-1200/LCCC-1179.png","LCCC-1179.png","D:\github\ron-english-light-cult-1001-2000\images\1101-1200\LCCC-1179.png","items/lccc-1179.html","https://ronenglish-archive.github.io/ron-english-light-cult-1001-2000/items/lccc-1179.html","https://opensea.io/item/ethereum/0xbe85fbd182af91290be7293438ae67549638189f/1179","OK",""
"1180","1180","Light Cult Crypto Club #1180","RE-002990","1101-1200","","","","","","items/lccc-1180.html","https://ronenglish-archive.github.io/ron-english-light-cult-1001-2000/items/lccc-1180.html","https://opensea.io/item/ethereum/0xbe85fbd182af91290be7293438ae67549638189f/1180","MISSING SOURCE IMAGE","No source image found for token #1180"
"1181","1181","Light Cult Crypto Club #1181","RE-002991","1101-1200","D:\github\ron-english-nfts\light-cult-crypto-club\images\LCCC-1181.png","15221","images/1101-1200/LCCC-1181.png","LCCC-1181.png","D:\github\ron-english-light-cult-1001-2000\images\1101-1200\LCCC-1181.png","items/lccc-1181.html","https://ronenglish-archive.github.io/ron-english-light-cult-1001-2000/items/lccc-1181.html","https://opensea.io/item/ethereum/0xbe85fbd182af91290be7293438ae67549638189f/1181","OK",""
"1182","1182","Light Cult Crypto Club #1182","RE-002992","1101-1200","D:\github\ron-english-nfts\light-cult-crypto-club\images\LCCC-1182.png","20270","images/1101-1200/LCCC-1182.png","LCCC-1182.png","D:\github\ron-english-light-cult-1001-2000\images\1101-1200\LCCC-1182.png","items/lccc-1182.html","https://ronenglish-archive.github.io/ron-english-light-cult-1001-2000/items/lccc-1182.html","https://opensea.io/item/ethereum/0xbe85fbd182af91290be7293438ae67549638189f/1182","OK",""
"1183","1183","Light Cult Crypto Club #1183","RE-002993","1101-1200","D:\github\ron-english-nfts\light-cult-crypto-club\images\LCCC-1183.png","15396","images/1101-1200/LCCC-1183.png","LCCC-1183.png","D:\github\ron-english-light-cult-1001-2000\images\1101-1200\LCCC-1183.png","items/lccc-1183.html","https://ronenglish-archive.github.io/ron-english-light-cult-1001-2000/items/lccc-1183.html","https://opensea.io/item/ethereum/0xbe85fbd182af91290be7293438ae67549638189f/1183","OK",""
"1184","1184","Light Cult Crypto Club #1184","RE-002994","1101-1200","D:\github\ron-english-nfts\light-cult-crypto-club\images\LCCC-1184.png","9110","images/1101-1200/LCCC-1184.png","LCCC-1184.png","D:\github\ron-english-light-cult-1001-2000\images\1101-1200\LCCC-1184.png","items/lccc-1184.html","https://ronenglish-archive.github.io/ron-english-light-cult-1001-2000/items/lccc-1184.html","https://opensea.io/item/ethereum/0xbe85fbd182af91290be7293438ae67549638189f/1184","OK",""
"1185","1185","Light Cult Crypto Club #1185","RE-002995","1101-1200","D:\github\ron-english-nfts\light-cult-crypto-club\images\LCCC-1185.png","32301","images/1101-1200/LCCC-1185.png","LCCC-1185.png","D:\github\ron-english-light-cult-1001-2000\images\1101-1200\LCCC-1185.png","items/lccc-1185.html","https://ronenglish-archive.github.io/ron-english-light-cult-1001-2000/items/lccc-1185.html","https://opensea.io/item/ethereum/0xbe85fbd182af91290be7293438ae67549638189f/1185","OK",""
"1186","1186","Light Cult Crypto Club #1186","RE-002996","1101-1200","D:\github\ron-english-nfts\light-cult-crypto-club\images\LCCC-1186.png","24762","images/1101-1200/LCCC-1186.png","LCCC-1186.png","D:\github\ron-english-light-cult-1001-2000\images\1101-1200\LCCC-1186.png","items/lccc-1186.html","https://ronenglish-archive.github.io/ron-english-light-cult-1001-2000/items/lccc-1186.html","https://opensea.io/item/ethereum/0xbe85fbd182af91290be7293438ae67549638189f/1186","OK",""
"1187","1187","Light Cult Crypto Club #1187","RE-002997","1101-1200","D:\github\ron-english-nfts\light-cult-crypto-club\images\LCCC-1187.png","25467","images/1101-1200/LCCC-1187.png","LCCC-1187.png","D:\github\ron-english-light-cult-1001-2000\images\1101-1200\LCCC-1187.png","items/lccc-1187.html","https://ronenglish-archive.github.io/ron-english-light-cult-1001-2000/items/lccc-1187.html","https://opensea.io/item/ethereum/0xbe85fbd182af91290be7293438ae67549638189f/1187","OK",""
"1188","1188","Light Cult Crypto Club #1188","RE-002998","1101-1200","D:\github\ron-english-nfts\light-cult-crypto-club\images\LCCC-1188.png","24863","images/1101-1200/LCCC-1188.png","LCCC-1188.png","D:\github\ron-english-light-cult-1001-2000\images\1101-1200\LCCC-1188.png","items/lccc-1188.html","https://ronenglish-archive.github.io/ron-english-light-cult-1001-2000/items/lccc-1188.html","https://opensea.io/item/ethereum/0xbe85fbd182af91290be7293438ae67549638189f/1188","OK",""
"1189","1189","Light Cult Crypto Club #1189","RE-002999","1101-1200","D:\github\ron-english-nfts\light-cult-crypto-club\images\LCCC-1189.png","17107","images/1101-1200/LCCC-1189.png","LCCC-1189.png","D:\github\ron-english-light-cult-1001-2000\images\1101-1200\LCCC-1189.png","items/lccc-1189.html","https://ronenglish-archive.github.io/ron-english-light-cult-1001-2000/items/lccc-1189.html","https://opensea.io/item/ethereum/0xbe85fbd182af91290be7293438ae67549638189f/1189","OK",""
"1190","1190","Light Cult Crypto Club #1190","RE-003000","1101-1200","D:\github\ron-english-nfts\light-cult-crypto-club\images\LCCC-1190.png","16260","images/1101-1200/LCCC-1190.png","LCCC-1190.png","D:\github\ron-english-light-cult-1001-2000\images\1101-1200\LCCC-1190.png","items/lccc-1190.html","https://ronenglish-archive.github.io/ron-english-light-cult-1001-2000/items/lccc-1190.html","https://opensea.io/item/ethereum/0xbe85fbd182af91290be7293438ae67549638189f/1190","OK",""
"1191","1191","Light Cult Crypto Club #1191","RE-003001","1101-1200","D:\github\ron-english-nfts\light-cult-crypto-club\images\LCCC-1191.png","11076","images/1101-1200/LCCC-1191.png","LCCC-1191.png","D:\github\ron-english-light-cult-1001-2000\images\1101-1200\LCCC-1191.png","items/lccc-1191.html","https://ronenglish-archive.github.io/ron-english-light-cult-1001-2000/items/lccc-1191.html","https://opensea.io/item/ethereum/0xbe85fbd182af91290be7293438ae67549638189f/1191","OK",""
"1192","1192","Light Cult Crypto Club #1192","RE-003002","1101-1200","D:\github\ron-english-nfts\light-cult-crypto-club\images\LCCC-1192.png","9197","images/1101-1200/LCCC-1192.png","LCCC-1192.png","D:\github\ron-english-light-cult-1001-2000\images\1101-1200\LCCC-1192.png","items/lccc-1192.html","https://ronenglish-archive.github.io/ron-english-light-cult-1001-2000/items/lccc-1192.html","https://opensea.io/item/ethereum/0xbe85fbd182af91290be7293438ae67549638189f/1192","OK",""
"1193","1193","Light Cult Crypto Club #1193","RE-003003","1101-1200","D:\github\ron-english-nfts\light-cult-crypto-club\images\LCCC-1193.png","17221","images/1101-1200/LCCC-1193.png","LCCC-1193.png","D:\github\ron-english-light-cult-1001-2000\images\1101-1200\LCCC-1193.png","items/lccc-1193.html","https://ronenglish-archive.github.io/ron-english-light-cult-1001-2000/items/lccc-1193.html","https://opensea.io/item/ethereum/0xbe85fbd182af91290be7293438ae67549638189f/1193","OK",""
"1194","1194","Light Cult Crypto Club #1194","RE-003004","1101-1200","D:\github\ron-english-nfts\light-cult-crypto-club\images\LCCC-1194.png","21190","images/1101-1200/LCCC-1194.png","LCCC-1194.png","D:\github\ron-english-light-cult-1001-2000\images\1101-1200\LCCC-1194.png","items/lccc-1194.html","https://ronenglish-archive.github.io/ron-english-light-cult-1001-2000/items/lccc-1194.html","https://opensea.io/item/ethereum/0xbe85fbd182af91290be7293438ae67549638189f/1194","OK",""
"1195","1195","Light Cult Crypto Club #1195","RE-003005","1101-1200","D:\github\ron-english-nfts\light-cult-crypto-club\images\LCCC-1195.png","5283","images/1101-1200/LCCC-1195.png","LCCC-1195.png","D:\github\ron-english-light-cult-1001-2000\images\1101-1200\LCCC-1195.png","items/lccc-1195.html","https://ronenglish-archive.github.io/ron-english-light-cult-1001-2000/items/lccc-1195.html","https://opensea.io/item/ethereum/0xbe85fbd182af91290be7293438ae67549638189f/1195","OK",""
"1196","1196","Light Cult Crypto Club #1196","RE-003006","1101-1200","D:\github\ron-english-nfts\light-cult-crypto-club\images\LCCC-1196.png","13798","images/1101-1200/LCCC-1196.png","LCCC-1196.png","D:\github\ron-english-light-cult-1001-2000\images\1101-1200\LCCC-1196.png","items/lccc-1196.html","https://ronenglish-archive.github.io/ron-english-light-cult-1001-2000/items/lccc-1196.html","https://opensea.io/item/ethereum/0xbe85fbd182af91290be7293438ae67549638189f/1196","OK",""
"1197","1197","Light Cult Crypto Club #1197","RE-003007","1101-1200","","","","","","items/lccc-1197.html","https://ronenglish-archive.github.io/ron-english-light-cult-1001-2000/items/lccc-1197.html","https://opensea.io/item/ethereum/0xbe85fbd182af91290be7293438ae67549638189f/1197","MISSING SOURCE IMAGE","No source image found for token #1197"
"1198","1198","Light Cult Crypto Club #1198","RE-003008","1101-1200","D:\github\ron-english-nfts\light-cult-crypto-club\images\LCCC-1198.png","9921","images/1101-1200/LCCC-1198.png","LCCC-1198.png","D:\github\ron-english-light-cult-1001-2000\images\1101-1200\LCCC-1198.png","items/lccc-1198.html","https://ronenglish-archive.github.io/ron-english-light-cult-1001-2000/items/lccc-1198.html","https://opensea.io/item/ethereum/0xbe85fbd182af91290be7293438ae67549638189f/1198","OK",""
"1199","1199","Light Cult Crypto Club #1199","RE-003009","1101-1200","D:\github\ron-english-nfts\light-cult-crypto-club\images\LCCC-1199.png","4800","images/1101-1200/LCCC-1199.png","LCCC-1199.png","D:\github\ron-english-light-cult-1001-2000\images\1101-1200\LCCC-1199.png","items/lccc-1199.html","https://ronenglish-archive.github.io/ron-english-light-cult-1001-2000/items/lccc-1199.html","https://opensea.io/item/ethereum/0xbe85fbd182af91290be7293438ae67549638189f/1199","OK",""
"1200","1200","Light Cult Crypto Club #1200","RE-003010","1101-1200","D:\github\ron-english-nfts\light-cult-crypto-club\images\LCCC-1200.png","12532","images/1101-1200/LCCC-1200.png","LCCC-1200.png","D:\github\ron-english-light-cult-1001-2000\images\1101-1200\LCCC-1200.png","items/lccc-1200.html","https://ronenglish-archive.github.io/ron-english-light-cult-1001-2000/items/lccc-1200.html","https://opensea.io/item/ethereum/0xbe85fbd182af91290be7293438ae67549638189f/1200","OK",""
"1201","1201","Light Cult Crypto Club #1201","RE-003011","1201-1300","D:\github\ron-english-nfts\light-cult-crypto-club\images\LCCC-1201.png","14334","images/1201-1300/LCCC-1201.png","LCCC-1201.png","D:\github\ron-english-light-cult-1001-2000\images\1201-1300\LCCC-1201.png","items/lccc-1201.html","https://ronenglish-archive.github.io/ron-english-light-cult-1001-2000/items/lccc-1201.html","https://opensea.io/item/ethereum/0xbe85fbd182af91290be7293438ae67549638189f/1201","OK",""
"1202","1202","Light Cult Crypto Club #1202","RE-003012","1201-1300","D:\github\ron-english-nfts\light-cult-crypto-club\images\LCCC-1202.png","27162","images/1201-1300/LCCC-1202.png","LCCC-1202.png","D:\github\ron-english-light-cult-1001-2000\images\1201-1300\LCCC-1202.png","items/lccc-1202.html","https://ronenglish-archive.github.io/ron-english-light-cult-1001-2000/items/lccc-1202.html","https://opensea.io/item/ethereum/0xbe85fbd182af91290be7293438ae67549638189f/1202","OK",""
"1203","1203","Light Cult Crypto Club #1203","RE-003013","1201-1300","D:\github\ron-english-nfts\light-cult-crypto-club\images\LCCC-1203.png","9417","images/1201-1300/LCCC-1203.png","LCCC-1203.png","D:\github\ron-english-light-cult-1001-2000\images\1201-1300\LCCC-1203.png","items/lccc-1203.html","https://ronenglish-archive.github.io/ron-english-light-cult-1001-2000/items/lccc-1203.html","https://opensea.io/item/ethereum/0xbe85fbd182af91290be7293438ae67549638189f/1203","OK",""
"1204","1204","Light Cult Crypto Club #1204","RE-003014","1201-1300","D:\github\ron-english-nfts\light-cult-crypto-club\images\LCCC-1204.png","27556","images/1201-1300/LCCC-1204.png","LCCC-1204.png","D:\github\ron-english-light-cult-1001-2000\images\1201-1300\LCCC-1204.png","items/lccc-1204.html","https://ronenglish-archive.github.io/ron-english-light-cult-1001-2000/items/lccc-1204.html","https://opensea.io/item/ethereum/0xbe85fbd182af91290be7293438ae67549638189f/1204","OK",""
"1205","1205","Light Cult Crypto Club #1205","RE-003015","1201-1300","D:\github\ron-english-nfts\light-cult-crypto-club\images\LCCC-1205.png","8590","images/1201-1300/LCCC-1205.png","LCCC-1205.png","D:\github\ron-english-light-cult-1001-2000\images\1201-1300\LCCC-1205.png","items/lccc-1205.html","https://ronenglish-archive.github.io/ron-english-light-cult-1001-2000/items/lccc-1205.html","https://opensea.io/item/ethereum/0xbe85fbd182af91290be7293438ae67549638189f/1205","OK",""
"1206","1206","Light Cult Crypto Club #1206","RE-003016","1201-1300","D:\github\ron-english-nfts\light-cult-crypto-club\images\LCCC-1206.png","27095","images/1201-1300/LCCC-1206.png","LCCC-1206.png","D:\github\ron-english-light-cult-1001-2000\images\1201-1300\LCCC-1206.png","items/lccc-1206.html","https://ronenglish-archive.github.io/ron-english-light-cult-1001-2000/items/lccc-1206.html","https://opensea.io/item/ethereum/0xbe85fbd182af91290be7293438ae67549638189f/1206","OK",""
"1207","1207","Light Cult Crypto Club #1207","RE-003017","1201-1300","D:\github\ron-english-nfts\light-cult-crypto-club\images\LCCC-1207.png","8278","images/1201-1300/LCCC-1207.png","LCCC-1207.png","D:\github\ron-english-light-cult-1001-2000\images\1201-1300\LCCC-1207.png","items/lccc-1207.html","https://ronenglish-archive.github.io/ron-english-light-cult-1001-2000/items/lccc-1207.html","https://opensea.io/item/ethereum/0xbe85fbd182af91290be7293438ae67549638189f/1207","OK",""
"1208","1208","Light Cult Crypto Club #1208","RE-003018","1201-1300","D:\github\ron-english-nfts\light-cult-crypto-club\images\LCCC-1208.png","23845","images/1201-1300/LCCC-1208.png","LCCC-1208.png","D:\github\ron-english-light-cult-1001-2000\images\1201-1300\LCCC-1208.png","items/lccc-1208.html","https://ronenglish-archive.github.io/ron-english-light-cult-1001-2000/items/lccc-1208.html","https://opensea.io/item/ethereum/0xbe85fbd182af91290be7293438ae67549638189f/1208","OK",""
"1209","1209","Light Cult Crypto Club #1209","RE-003019","1201-1300","","","","","","items/lccc-1209.html","https://ronenglish-archive.github.io/ron-english-light-cult-1001-2000/items/lccc-1209.html","https://opensea.io/item/ethereum/0xbe85fbd182af91290be7293438ae67549638189f/1209","MISSING SOURCE IMAGE","No source image found for token #1209"
"1210","1210","Light Cult Crypto Club #1210","RE-003020","1201-1300","D:\github\ron-english-nfts\light-cult-crypto-club\images\LCCC-1210.png","20824","images/1201-1300/LCCC-1210.png","LCCC-1210.png","D:\github\ron-english-light-cult-1001-2000\images\1201-1300\LCCC-1210.png","items/lccc-1210.html","https://ronenglish-archive.github.io/ron-english-light-cult-1001-2000/items/lccc-1210.html","https://opensea.io/item/ethereum/0xbe85fbd182af91290be7293438ae67549638189f/1210","OK",""
"1211","1211","Light Cult Crypto Club #1211","RE-003021","1201-1300","D:\github\ron-english-nfts\light-cult-crypto-club\images\LCCC-1211.png","6493","images/1201-1300/LCCC-1211.png","LCCC-1211.png","D:\github\ron-english-light-cult-1001-2000\images\1201-1300\LCCC-1211.png","items/lccc-1211.html","https://ronenglish-archive.github.io/ron-english-light-cult-1001-2000/items/lccc-1211.html","https://opensea.io/item/ethereum/0xbe85fbd182af91290be7293438ae67549638189f/1211","OK",""
"1212","1212","Light Cult Crypto Club #1212","RE-003022","1201-1300","D:\github\ron-english-nfts\light-cult-crypto-club\images\LCCC-1212.png","13087","images/1201-1300/LCCC-1212.png","LCCC-1212.png","D:\github\ron-english-light-cult-1001-2000\images\1201-1300\LCCC-1212.png","items/lccc-1212.html","https://ronenglish-archive.github.io/ron-english-light-cult-1001-2000/items/lccc-1212.html","https://opensea.io/item/ethereum/0xbe85fbd182af91290be7293438ae67549638189f/1212","OK",""
"1213","1213","Light Cult Crypto Club #1213","RE-003023","1201-1300","D:\github\ron-english-nfts\light-cult-crypto-club\images\LCCC-1213.png","11747","images/1201-1300/LCCC-1213.png","LCCC-1213.png","D:\github\ron-english-light-cult-1001-2000\images\1201-1300\LCCC-1213.png","items/lccc-1213.html","https://ronenglish-archive.github.io/ron-english-light-cult-1001-2000/items/lccc-1213.html","https://opensea.io/item/ethereum/0xbe85fbd182af91290be7293438ae67549638189f/1213","OK",""
"1214","1214","Light Cult Crypto Club #1214","RE-003024","1201-1300","D:\github\ron-english-nfts\light-cult-crypto-club\images\LCCC-1214.png","25734","images/1201-1300/LCCC-1214.png","LCCC-1214.png","D:\github\ron-english-light-cult-1001-2000\images\1201-1300\LCCC-1214.png","items/lccc-1214.html","https://ronenglish-archive.github.io/ron-english-light-cult-1001-2000/items/lccc-1214.html","https://opensea.io/item/ethereum/0xbe85fbd182af91290be7293438ae67549638189f/1214","OK",""
"1215","1215","Light Cult Crypto Club #1215","RE-003025","1201-1300","D:\github\ron-english-nfts\light-cult-crypto-club\images\LCCC-1215.png","32547","images/1201-1300/LCCC-1215.png","LCCC-1215.png","D:\github\ron-english-light-cult-1001-2000\images\1201-1300\LCCC-1215.png","items/lccc-1215.html","https://ronenglish-archive.github.io/ron-english-light-cult-1001-2000/items/lccc-1215.html","https://opensea.io/item/ethereum/0xbe85fbd182af91290be7293438ae67549638189f/1215","OK",""
"1216","1216","Light Cult Crypto Club #1216","RE-003026","1201-1300","D:\github\ron-english-nfts\light-cult-crypto-club\images\LCCC-1216.png","29666","images/1201-1300/LCCC-1216.png","LCCC-1216.png","D:\github\ron-english-light-cult-1001-2000\images\1201-1300\LCCC-1216.png","items/lccc-1216.html","https://ronenglish-archive.github.io/ron-english-light-cult-1001-2000/items/lccc-1216.html","https://opensea.io/item/ethereum/0xbe85fbd182af91290be7293438ae67549638189f/1216","OK",""
"1217","1217","Light Cult Crypto Club #1217","RE-003027","1201-1300","D:\github\ron-english-nfts\light-cult-crypto-club\images\LCCC-1217.png","13146","images/1201-1300/LCCC-1217.png","LCCC-1217.png","D:\github\ron-english-light-cult-1001-2000\images\1201-1300\LCCC-1217.png","items/lccc-1217.html","https://ronenglish-archive.github.io/ron-english-light-cult-1001-2000/items/lccc-1217.html","https://opensea.io/item/ethereum/0xbe85fbd182af91290be7293438ae67549638189f/1217","OK",""
"1218","1218","Light Cult Crypto Club #1218","RE-003028","1201-1300","D:\github\ron-english-nfts\light-cult-crypto-club\images\LCCC-1218.png","7047","images/1201-1300/LCCC-1218.png","LCCC-1218.png","D:\github\ron-english-light-cult-1001-2000\images\1201-1300\LCCC-1218.png","items/lccc-1218.html","https://ronenglish-archive.github.io/ron-english-light-cult-1001-2000/items/lccc-1218.html","https://opensea.io/item/ethereum/0xbe85fbd182af91290be7293438ae67549638189f/1218","OK",""
"1219","1219","Light Cult Crypto Club #1219","RE-003029","1201-1300","D:\github\ron-english-nfts\light-cult-crypto-club\images\LCCC-1219.png","7570","images/1201-1300/LCCC-1219.png","LCCC-1219.png","D:\github\ron-english-light-cult-1001-2000\images\1201-1300\LCCC-1219.png","items/lccc-1219.html","https://ronenglish-archive.github.io/ron-english-light-cult-1001-2000/items/lccc-1219.html","https://opensea.io/item/ethereum/0xbe85fbd182af91290be7293438ae67549638189f/1219","OK",""
"1220","1220","Light Cult Crypto Club #1220","RE-003030","1201-1300","D:\github\ron-english-nfts\light-cult-crypto-club\images\LCCC-1220.png","16565","images/1201-1300/LCCC-1220.png","LCCC-1220.png","D:\github\ron-english-light-cult-1001-2000\images\1201-1300\LCCC-1220.png","items/lccc-1220.html","https://ronenglish-archive.github.io/ron-english-light-cult-1001-2000/items/lccc-1220.html","https://opensea.io/item/ethereum/0xbe85fbd182af91290be7293438ae67549638189f/1220","OK",""
"1221","1221","Light Cult Crypto Club #1221","RE-003031","1201-1300","D:\github\ron-english-nfts\light-cult-crypto-club\images\LCCC-1221.png","21724","images/1201-1300/LCCC-1221.png","LCCC-1221.png","D:\github\ron-english-light-cult-1001-2000\images\1201-1300\LCCC-1221.png","items/lccc-1221.html","https://ronenglish-archive.github.io/ron-english-light-cult-1001-2000/items/lccc-1221.html","https://opensea.io/item/ethereum/0xbe85fbd182af91290be7293438ae67549638189f/1221","OK",""
"1222","1222","Light Cult Crypto Club #1222","RE-003032","1201-1300","D:\github\ron-english-nfts\light-cult-crypto-club\images\LCCC-1222.png","15534","images/1201-1300/LCCC-1222.png","LCCC-1222.png","D:\github\ron-english-light-cult-1001-2000\images\1201-1300\LCCC-1222.png","items/lccc-1222.html","https://ronenglish-archive.github.io/ron-english-light-cult-1001-2000/items/lccc-1222.html","https://opensea.io/item/ethereum/0xbe85fbd182af91290be7293438ae67549638189f/1222","OK",""
"1223","1223","Light Cult Crypto Club #1223","RE-003033","1201-1300","D:\github\ron-english-nfts\light-cult-crypto-club\images\LCCC-1223.png","35711","images/1201-1300/LCCC-1223.png","LCCC-1223.png","D:\github\ron-english-light-cult-1001-2000\images\1201-1300\LCCC-1223.png","items/lccc-1223.html","https://ronenglish-archive.github.io/ron-english-light-cult-1001-2000/items/lccc-1223.html","https://opensea.io/item/ethereum/0xbe85fbd182af91290be7293438ae67549638189f/1223","OK",""
"1224","1224","Light Cult Crypto Club #1224","RE-003034","1201-1300","","","","","","items/lccc-1224.html","https://ronenglish-archive.github.io/ron-english-light-cult-1001-2000/items/lccc-1224.html","https://opensea.io/item/ethereum/0xbe85fbd182af91290be7293438ae67549638189f/1224","MISSING SOURCE IMAGE","No source image found for token #1224"
"1225","1225","Light Cult Crypto Club #1225","RE-003035","1201-1300","D:\github\ron-english-nfts\light-cult-crypto-club\images\LCCC-1225.png","31876","images/1201-1300/LCCC-1225.png","LCCC-1225.png","D:\github\ron-english-light-cult-1001-2000\images\1201-1300\LCCC-1225.png","items/lccc-1225.html","https://ronenglish-archive.github.io/ron-english-light-cult-1001-2000/items/lccc-1225.html","https://opensea.io/item/ethereum/0xbe85fbd182af91290be7293438ae67549638189f/1225","OK",""
"1226","1226","Light Cult Crypto Club #1226","RE-003036","1201-1300","D:\github\ron-english-nfts\light-cult-crypto-club\images\LCCC-1226.png","6227","images/1201-1300/LCCC-1226.png","LCCC-1226.png","D:\github\ron-english-light-cult-1001-2000\images\1201-1300\LCCC-1226.png","items/lccc-1226.html","https://ronenglish-archive.github.io/ron-english-light-cult-1001-2000/items/lccc-1226.html","https://opensea.io/item/ethereum/0xbe85fbd182af91290be7293438ae67549638189f/1226","OK",""
"1227","1227","Light Cult Crypto Club #1227","RE-003037","1201-1300","D:\github\ron-english-nfts\light-cult-crypto-club\images\LCCC-1227.png","16123","images/1201-1300/LCCC-1227.png","LCCC-1227.png","D:\github\ron-english-light-cult-1001-2000\images\1201-1300\LCCC-1227.png","items/lccc-1227.html","https://ronenglish-archive.github.io/ron-english-light-cult-1001-2000/items/lccc-1227.html","https://opensea.io/item/ethereum/0xbe85fbd182af91290be7293438ae67549638189f/1227","OK",""
"1228","1228","Light Cult Crypto Club #1228","RE-003038","1201-1300","D:\github\ron-english-nfts\light-cult-crypto-club\images\LCCC-1228.png","34195","images/1201-1300/LCCC-1228.png","LCCC-1228.png","D:\github\ron-english-light-cult-1001-2000\images\1201-1300\LCCC-1228.png","items/lccc-1228.html","https://ronenglish-archive.github.io/ron-english-light-cult-1001-2000/items/lccc-1228.html","https://opensea.io/item/ethereum/0xbe85fbd182af91290be7293438ae67549638189f/1228","OK",""
"1229","1229","Light Cult Crypto Club #1229","RE-003039","1201-1300","D:\github\ron-english-nfts\light-cult-crypto-club\images\LCCC-1229.png","27436","images/1201-1300/LCCC-1229.png","LCCC-1229.png","D:\github\ron-english-light-cult-1001-2000\images\1201-1300\LCCC-1229.png","items/lccc-1229.html","https://ronenglish-archive.github.io/ron-english-light-cult-1001-2000/items/lccc-1229.html","https://opensea.io/item/ethereum/0xbe85fbd182af91290be7293438ae67549638189f/1229","OK",""
"1230","1230","Light Cult Crypto Club #1230","RE-003040","1201-1300","D:\github\ron-english-nfts\light-cult-crypto-club\images\LCCC-1230.png","38863","images/1201-1300/LCCC-1230.png","LCCC-1230.png","D:\github\ron-english-light-cult-1001-2000\images\1201-1300\LCCC-1230.png","items/lccc-1230.html","https://ronenglish-archive.github.io/ron-english-light-cult-1001-2000/items/lccc-1230.html","https://opensea.io/item/ethereum/0xbe85fbd182af91290be7293438ae67549638189f/1230","OK",""
"1231","1231","Light Cult Crypto Club #1231","RE-003041","1201-1300","D:\github\ron-english-nfts\light-cult-crypto-club\images\LCCC-1231.png","23972","images/1201-1300/LCCC-1231.png","LCCC-1231.png","D:\github\ron-english-light-cult-1001-2000\images\1201-1300\LCCC-1231.png","items/lccc-1231.html","https://ronenglish-archive.github.io/ron-english-light-cult-1001-2000/items/lccc-1231.html","https://opensea.io/item/ethereum/0xbe85fbd182af91290be7293438ae67549638189f/1231","OK",""
"1232","1232","Light Cult Crypto Club #1232","RE-003042","1201-1300","D:\github\ron-english-nfts\light-cult-crypto-club\images\LCCC-1232.png","30373","images/1201-1300/LCCC-1232.png","LCCC-1232.png","D:\github\ron-english-light-cult-1001-2000\images\1201-1300\LCCC-1232.png","items/lccc-1232.html","https://ronenglish-archive.github.io/ron-english-light-cult-1001-2000/items/lccc-1232.html","https://opensea.io/item/ethereum/0xbe85fbd182af91290be7293438ae67549638189f/1232","OK",""
"1233","1233","Light Cult Crypto Club #1233","RE-003043","1201-1300","D:\github\ron-english-nfts\light-cult-crypto-club\images\LCCC-1233.png","25780","images/1201-1300/LCCC-1233.png","LCCC-1233.png","D:\github\ron-english-light-cult-1001-2000\images\1201-1300\LCCC-1233.png","items/lccc-1233.html","https://ronenglish-archive.github.io/ron-english-light-cult-1001-2000/items/lccc-1233.html","https://opensea.io/item/ethereum/0xbe85fbd182af91290be7293438ae67549638189f/1233","OK",""
"1234","1234","Light Cult Crypto Club #1234","RE-003044","1201-1300","D:\github\ron-english-nfts\light-cult-crypto-club\images\LCCC-1234.png","30289","images/1201-1300/LCCC-1234.png","LCCC-1234.png","D:\github\ron-english-light-cult-1001-2000\images\1201-1300\LCCC-1234.png","items/lccc-1234.html","https://ronenglish-archive.github.io/ron-english-light-cult-1001-2000/items/lccc-1234.html","https://opensea.io/item/ethereum/0xbe85fbd182af91290be7293438ae67549638189f/1234","OK",""
"1235","1235","Light Cult Crypto Club #1235","RE-003045","1201-1300","D:\github\ron-english-nfts\light-cult-crypto-club\images\LCCC-1235.png","25835","images/1201-1300/LCCC-1235.png","LCCC-1235.png","D:\github\ron-english-light-cult-1001-2000\images\1201-1300\LCCC-1235.png","items/lccc-1235.html","https://ronenglish-archive.github.io/ron-english-light-cult-1001-2000/items/lccc-1235.html","https://opensea.io/item/ethereum/0xbe85fbd182af91290be7293438ae67549638189f/1235","OK",""
"1236","1236","Light Cult Crypto Club #1236","RE-003046","1201-1300","D:\github\ron-english-nfts\light-cult-crypto-club\images\LCCC-1236.png","11576","images/1201-1300/LCCC-1236.png","LCCC-1236.png","D:\github\ron-english-light-cult-1001-2000\images\1201-1300\LCCC-1236.png","items/lccc-1236.html","https://ronenglish-archive.github.io/ron-english-light-cult-1001-2000/items/lccc-1236.html","https://opensea.io/item/ethereum/0xbe85fbd182af91290be7293438ae67549638189f/1236","OK",""
"1237","1237","Light Cult Crypto Club #1237","RE-003047","1201-1300","D:\github\ron-english-nfts\light-cult-crypto-club\images\LCCC-1237.png","21111","images/1201-1300/LCCC-1237.png","LCCC-1237.png","D:\github\ron-english-light-cult-1001-2000\images\1201-1300\LCCC-1237.png","items/lccc-1237.html","https://ronenglish-archive.github.io/ron-english-light-cult-1001-2000/items/lccc-1237.html","https://opensea.io/item/ethereum/0xbe85fbd182af91290be7293438ae67549638189f/1237","OK",""
"1238","1238","Light Cult Crypto Club #1238","RE-003048","1201-1300","D:\github\ron-english-nfts\light-cult-crypto-club\images\LCCC-1238.png","13763","images/1201-1300/LCCC-1238.png","LCCC-1238.png","D:\github\ron-english-light-cult-1001-2000\images\1201-1300\LCCC-1238.png","items/lccc-1238.html","https://ronenglish-archive.github.io/ron-english-light-cult-1001-2000/items/lccc-1238.html","https://opensea.io/item/ethereum/0xbe85fbd182af91290be7293438ae67549638189f/1238","OK",""
"1239","1239","Light Cult Crypto Club #1239","RE-003049","1201-1300","D:\github\ron-english-nfts\light-cult-crypto-club\images\LCCC-1239.png","16692","images/1201-1300/LCCC-1239.png","LCCC-1239.png","D:\github\ron-english-light-cult-1001-2000\images\1201-1300\LCCC-1239.png","items/lccc-1239.html","https://ronenglish-archive.github.io/ron-english-light-cult-1001-2000/items/lccc-1239.html","https://opensea.io/item/ethereum/0xbe85fbd182af91290be7293438ae67549638189f/1239","OK",""
"1240","1240","Light Cult Crypto Club #1240","RE-003050","1201-1300","D:\github\ron-english-nfts\light-cult-crypto-club\images\LCCC-1240.png","6102","images/1201-1300/LCCC-1240.png","LCCC-1240.png","D:\github\ron-english-light-cult-1001-2000\images\1201-1300\LCCC-1240.png","items/lccc-1240.html","https://ronenglish-archive.github.io/ron-english-light-cult-1001-2000/items/lccc-1240.html","https://opensea.io/item/ethereum/0xbe85fbd182af91290be7293438ae67549638189f/1240","OK",""
"1241","1241","Light Cult Crypto Club #1241","RE-003051","1201-1300","D:\github\ron-english-nfts\light-cult-crypto-club\images\LCCC-1241.png","17075","images/1201-1300/LCCC-1241.png","LCCC-1241.png","D:\github\ron-english-light-cult-1001-2000\images\1201-1300\LCCC-1241.png","items/lccc-1241.html","https://ronenglish-archive.github.io/ron-english-light-cult-1001-2000/items/lccc-1241.html","https://opensea.io/item/ethereum/0xbe85fbd182af91290be7293438ae67549638189f/1241","OK",""
"1242","1242","Light Cult Crypto Club #1242","RE-003052","1201-1300","D:\github\ron-english-nfts\light-cult-crypto-club\images\LCCC-1242.png","8650","images/1201-1300/LCCC-1242.png","LCCC-1242.png","D:\github\ron-english-light-cult-1001-2000\images\1201-1300\LCCC-1242.png","items/lccc-1242.html","https://ronenglish-archive.github.io/ron-english-light-cult-1001-2000/items/lccc-1242.html","https://opensea.io/item/ethereum/0xbe85fbd182af91290be7293438ae67549638189f/1242","OK",""
"1243","1243","Light Cult Crypto Club #1243","RE-003053","1201-1300","D:\github\ron-english-nfts\light-cult-crypto-club\images\LCCC-1243.png","43461","images/1201-1300/LCCC-1243.png","LCCC-1243.png","D:\github\ron-english-light-cult-1001-2000\images\1201-1300\LCCC-1243.png","items/lccc-1243.html","https://ronenglish-archive.github.io/ron-english-light-cult-1001-2000/items/lccc-1243.html","https://opensea.io/item/ethereum/0xbe85fbd182af91290be7293438ae67549638189f/1243","OK",""
"1244","1244","Light Cult Crypto Club #1244","RE-003054","1201-1300","D:\github\ron-english-nfts\light-cult-crypto-club\images\LCCC-1244.png","28511","images/1201-1300/LCCC-1244.png","LCCC-1244.png","D:\github\ron-english-light-cult-1001-2000\images\1201-1300\LCCC-1244.png","items/lccc-1244.html","https://ronenglish-archive.github.io/ron-english-light-cult-1001-2000/items/lccc-1244.html","https://opensea.io/item/ethereum/0xbe85fbd182af91290be7293438ae67549638189f/1244","OK",""
"1245","1245","Light Cult Crypto Club #1245","RE-003055","1201-1300","D:\github\ron-english-nfts\light-cult-crypto-club\images\LCCC-1245.png","10673","images/1201-1300/LCCC-1245.png","LCCC-1245.png","D:\github\ron-english-light-cult-1001-2000\images\1201-1300\LCCC-1245.png","items/lccc-1245.html","https://ronenglish-archive.github.io/ron-english-light-cult-1001-2000/items/lccc-1245.html","https://opensea.io/item/ethereum/0xbe85fbd182af91290be7293438ae67549638189f/1245","OK",""
"1246","1246","Light Cult Crypto Club #1246","RE-003056","1201-1300","D:\github\ron-english-nfts\light-cult-crypto-club\images\LCCC-1246.png","18004","images/1201-1300/LCCC-1246.png","LCCC-1246.png","D:\github\ron-english-light-cult-1001-2000\images\1201-1300\LCCC-1246.png","items/lccc-1246.html","https://ronenglish-archive.github.io/ron-english-light-cult-1001-2000/items/lccc-1246.html","https://opensea.io/item/ethereum/0xbe85fbd182af91290be7293438ae67549638189f/1246","OK",""
"1247","1247","Light Cult Crypto Club #1247","RE-003057","1201-1300","D:\github\ron-english-nfts\light-cult-crypto-club\images\LCCC-1247.png","38808","images/1201-1300/LCCC-1247.png","LCCC-1247.png","D:\github\ron-english-light-cult-1001-2000\images\1201-1300\LCCC-1247.png","items/lccc-1247.html","https://ronenglish-archive.github.io/ron-english-light-cult-1001-2000/items/lccc-1247.html","https://opensea.io/item/ethereum/0xbe85fbd182af91290be7293438ae67549638189f/1247","OK",""
"1248","1248","Light Cult Crypto Club #1248","RE-003058","1201-1300","D:\github\ron-english-nfts\light-cult-crypto-club\images\LCCC-1248.png","8512","images/1201-1300/LCCC-1248.png","LCCC-1248.png","D:\github\ron-english-light-cult-1001-2000\images\1201-1300\LCCC-1248.png","items/lccc-1248.html","https://ronenglish-archive.github.io/ron-english-light-cult-1001-2000/items/lccc-1248.html","https://opensea.io/item/ethereum/0xbe85fbd182af91290be7293438ae67549638189f/1248","OK",""
"1249","1249","Light Cult Crypto Club #1249","RE-003059","1201-1300","D:\github\ron-english-nfts\light-cult-crypto-club\images\LCCC-1249.png","21049","images/1201-1300/LCCC-1249.png","LCCC-1249.png","D:\github\ron-english-light-cult-1001-2000\images\1201-1300\LCCC-1249.png","items/lccc-1249.html","https://ronenglish-archive.github.io/ron-english-light-cult-1001-2000/items/lccc-1249.html","https://opensea.io/item/ethereum/0xbe85fbd182af91290be7293438ae67549638189f/1249","OK",""
"1250","1250","Light Cult Crypto Club #1250","RE-003060","1201-1300","D:\github\ron-english-nfts\light-cult-crypto-club\images\LCCC-1250.png","31796","images/1201-1300/LCCC-1250.png","LCCC-1250.png","D:\github\ron-english-light-cult-1001-2000\images\1201-1300\LCCC-1250.png","items/lccc-1250.html","https://ronenglish-archive.github.io/ron-english-light-cult-1001-2000/items/lccc-1250.html","https://opensea.io/item/ethereum/0xbe85fbd182af91290be7293438ae67549638189f/1250","OK",""
"1251","1251","Light Cult Crypto Club #1251","RE-003061","1201-1300","D:\github\ron-english-nfts\light-cult-crypto-club\images\LCCC-1251.png","27178","images/1201-1300/LCCC-1251.png","LCCC-1251.png","D:\github\ron-english-light-cult-1001-2000\images\1201-1300\LCCC-1251.png","items/lccc-1251.html","https://ronenglish-archive.github.io/ron-english-light-cult-1001-2000/items/lccc-1251.html","https://opensea.io/item/ethereum/0xbe85fbd182af91290be7293438ae67549638189f/1251","OK",""
"1252","1252","Light Cult Crypto Club #1252","RE-003062","1201-1300","D:\github\ron-english-nfts\light-cult-crypto-club\images\LCCC-1252.png","13640","images/1201-1300/LCCC-1252.png","LCCC-1252.png","D:\github\ron-english-light-cult-1001-2000\images\1201-1300\LCCC-1252.png","items/lccc-1252.html","https://ronenglish-archive.github.io/ron-english-light-cult-1001-2000/items/lccc-1252.html","https://opensea.io/item/ethereum/0xbe85fbd182af91290be7293438ae67549638189f/1252","OK",""
"1253","1253","Light Cult Crypto Club #1253","RE-003063","1201-1300","D:\github\ron-english-nfts\light-cult-crypto-club\images\LCCC-1253.png","36028","images/1201-1300/LCCC-1253.png","LCCC-1253.png","D:\github\ron-english-light-cult-1001-2000\images\1201-1300\LCCC-1253.png","items/lccc-1253.html","https://ronenglish-archive.github.io/ron-english-light-cult-1001-2000/items/lccc-1253.html","https://opensea.io/item/ethereum/0xbe85fbd182af91290be7293438ae67549638189f/1253","OK",""
"1254","1254","Light Cult Crypto Club #1254","RE-003064","1201-1300","D:\github\ron-english-nfts\light-cult-crypto-club\images\LCCC-1254.png","29457","images/1201-1300/LCCC-1254.png","LCCC-1254.png","D:\github\ron-english-light-cult-1001-2000\images\1201-1300\LCCC-1254.png","items/lccc-1254.html","https://ronenglish-archive.github.io/ron-english-light-cult-1001-2000/items/lccc-1254.html","https://opensea.io/item/ethereum/0xbe85fbd182af91290be7293438ae67549638189f/1254","OK",""
"1255","1255","Light Cult Crypto Club #1255","RE-003065","1201-1300","D:\github\ron-english-nfts\light-cult-crypto-club\images\LCCC-1255.png","19132","images/1201-1300/LCCC-1255.png","LCCC-1255.png","D:\github\ron-english-light-cult-1001-2000\images\1201-1300\LCCC-1255.png","items/lccc-1255.html","https://ronenglish-archive.github.io/ron-english-light-cult-1001-2000/items/lccc-1255.html","https://opensea.io/item/ethereum/0xbe85fbd182af91290be7293438ae67549638189f/1255","OK",""
"1256","1256","Light Cult Crypto Club #1256","RE-003066","1201-1300","D:\github\ron-english-nfts\light-cult-crypto-club\images\LCCC-1256.png","7516","images/1201-1300/LCCC-1256.png","LCCC-1256.png","D:\github\ron-english-light-cult-1001-2000\images\1201-1300\LCCC-1256.png","items/lccc-1256.html","https://ronenglish-archive.github.io/ron-english-light-cult-1001-2000/items/lccc-1256.html","https://opensea.io/item/ethereum/0xbe85fbd182af91290be7293438ae67549638189f/1256","OK",""
"1257","1257","Light Cult Crypto Club #1257","RE-003067","1201-1300","D:\github\ron-english-nfts\light-cult-crypto-club\images\LCCC-1257.png","33304","images/1201-1300/LCCC-1257.png","LCCC-1257.png","D:\github\ron-english-light-cult-1001-2000\images\1201-1300\LCCC-1257.png","items/lccc-1257.html","https://ronenglish-archive.github.io/ron-english-light-cult-1001-2000/items/lccc-1257.html","https://opensea.io/item/ethereum/0xbe85fbd182af91290be7293438ae67549638189f/1257","OK",""
"1258","1258","Light Cult Crypto Club #1258","RE-003068","1201-1300","D:\github\ron-english-nfts\light-cult-crypto-club\images\LCCC-1258.png","5175","images/1201-1300/LCCC-1258.png","LCCC-1258.png","D:\github\ron-english-light-cult-1001-2000\images\1201-1300\LCCC-1258.png","items/lccc-1258.html","https://ronenglish-archive.github.io/ron-english-light-cult-1001-2000/items/lccc-1258.html","https://opensea.io/item/ethereum/0xbe85fbd182af91290be7293438ae67549638189f/1258","OK",""
"1259","1259","Light Cult Crypto Club #1259","RE-003069","1201-1300","D:\github\ron-english-nfts\light-cult-crypto-club\images\LCCC-1259.png","5764","images/1201-1300/LCCC-1259.png","LCCC-1259.png","D:\github\ron-english-light-cult-1001-2000\images\1201-1300\LCCC-1259.png","items/lccc-1259.html","https://ronenglish-archive.github.io/ron-english-light-cult-1001-2000/items/lccc-1259.html","https://opensea.io/item/ethereum/0xbe85fbd182af91290be7293438ae67549638189f/1259","OK",""
"1260","1260","Light Cult Crypto Club #1260","RE-003070","1201-1300","","","","","","items/lccc-1260.html","https://ronenglish-archive.github.io/ron-english-light-cult-1001-2000/items/lccc-1260.html","https://opensea.io/item/ethereum/0xbe85fbd182af91290be7293438ae67549638189f/1260","MISSING SOURCE IMAGE","No source image found for token #1260"
"1261","1261","Light Cult Crypto Club #1261","RE-003071","1201-1300","D:\github\ron-english-nfts\light-cult-crypto-club\images\LCCC-1261.png","28556","images/1201-1300/LCCC-1261.png","LCCC-1261.png","D:\github\ron-english-light-cult-1001-2000\images\1201-1300\LCCC-1261.png","items/lccc-1261.html","https://ronenglish-archive.github.io/ron-english-light-cult-1001-2000/items/lccc-1261.html","https://opensea.io/item/ethereum/0xbe85fbd182af91290be7293438ae67549638189f/1261","OK",""
"1262","1262","Light Cult Crypto Club #1262","RE-003072","1201-1300","D:\github\ron-english-nfts\light-cult-crypto-club\images\LCCC-1262.png","24952","images/1201-1300/LCCC-1262.png","LCCC-1262.png","D:\github\ron-english-light-cult-1001-2000\images\1201-1300\LCCC-1262.png","items/lccc-1262.html","https://ronenglish-archive.github.io/ron-english-light-cult-1001-2000/items/lccc-1262.html","https://opensea.io/item/ethereum/0xbe85fbd182af91290be7293438ae67549638189f/1262","OK",""
"1263","1263","Light Cult Crypto Club #1263","RE-003073","1201-1300","D:\github\ron-english-nfts\light-cult-crypto-club\images\LCCC-1263.png","6231","images/1201-1300/LCCC-1263.png","LCCC-1263.png","D:\github\ron-english-light-cult-1001-2000\images\1201-1300\LCCC-1263.png","items/lccc-1263.html","https://ronenglish-archive.github.io/ron-english-light-cult-1001-2000/items/lccc-1263.html","https://opensea.io/item/ethereum/0xbe85fbd182af91290be7293438ae67549638189f/1263","OK",""
"1264","1264","Light Cult Crypto Club #1264","RE-003074","1201-1300","D:\github\ron-english-nfts\light-cult-crypto-club\images\LCCC-1264.png","14589","images/1201-1300/LCCC-1264.png","LCCC-1264.png","D:\github\ron-english-light-cult-1001-2000\images\1201-1300\LCCC-1264.png","items/lccc-1264.html","https://ronenglish-archive.github.io/ron-english-light-cult-1001-2000/items/lccc-1264.html","https://opensea.io/item/ethereum/0xbe85fbd182af91290be7293438ae67549638189f/1264","OK",""
"1265","1265","Light Cult Crypto Club #1265","RE-003075","1201-1300","D:\github\ron-english-nfts\light-cult-crypto-club\images\LCCC-1265.png","31716","images/1201-1300/LCCC-1265.png","LCCC-1265.png","D:\github\ron-english-light-cult-1001-2000\images\1201-1300\LCCC-1265.png","items/lccc-1265.html","https://ronenglish-archive.github.io/ron-english-light-cult-1001-2000/items/lccc-1265.html","https://opensea.io/item/ethereum/0xbe85fbd182af91290be7293438ae67549638189f/1265","OK",""
"1266","1266","Light Cult Crypto Club #1266","RE-003076","1201-1300","D:\github\ron-english-nfts\light-cult-crypto-club\images\LCCC-1266.png","19921","images/1201-1300/LCCC-1266.png","LCCC-1266.png","D:\github\ron-english-light-cult-1001-2000\images\1201-1300\LCCC-1266.png","items/lccc-1266.html","https://ronenglish-archive.github.io/ron-english-light-cult-1001-2000/items/lccc-1266.html","https://opensea.io/item/ethereum/0xbe85fbd182af91290be7293438ae67549638189f/1266","OK",""
"1267","1267","Light Cult Crypto Club #1267","RE-003077","1201-1300","D:\github\ron-english-nfts\light-cult-crypto-club\images\LCCC-1267.png","42037","images/1201-1300/LCCC-1267.png","LCCC-1267.png","D:\github\ron-english-light-cult-1001-2000\images\1201-1300\LCCC-1267.png","items/lccc-1267.html","https://ronenglish-archive.github.io/ron-english-light-cult-1001-2000/items/lccc-1267.html","https://opensea.io/item/ethereum/0xbe85fbd182af91290be7293438ae67549638189f/1267","OK",""
"1268","1268","Light Cult Crypto Club #1268","RE-003078","1201-1300","D:\github\ron-english-nfts\light-cult-crypto-club\images\LCCC-1268.png","7189","images/1201-1300/LCCC-1268.png","LCCC-1268.png","D:\github\ron-english-light-cult-1001-2000\images\1201-1300\LCCC-1268.png","items/lccc-1268.html","https://ronenglish-archive.github.io/ron-english-light-cult-1001-2000/items/lccc-1268.html","https://opensea.io/item/ethereum/0xbe85fbd182af91290be7293438ae67549638189f/1268","OK",""
"1269","1269","Light Cult Crypto Club #1269","RE-003079","1201-1300","","","","","","items/lccc-1269.html","https://ronenglish-archive.github.io/ron-english-light-cult-1001-2000/items/lccc-1269.html","https://opensea.io/item/ethereum/0xbe85fbd182af91290be7293438ae67549638189f/1269","MISSING SOURCE IMAGE","No source image found for token #1269"
"1270","1270","Light Cult Crypto Club #1270","RE-003080","1201-1300","D:\github\ron-english-nfts\light-cult-crypto-club\images\LCCC-1270.png","59878","images/1201-1300/LCCC-1270.png","LCCC-1270.png","D:\github\ron-english-light-cult-1001-2000\images\1201-1300\LCCC-1270.png","items/lccc-1270.html","https://ronenglish-archive.github.io/ron-english-light-cult-1001-2000/items/lccc-1270.html","https://opensea.io/item/ethereum/0xbe85fbd182af91290be7293438ae67549638189f/1270","OK",""
"1271","1271","Light Cult Crypto Club #1271","RE-003081","1201-1300","D:\github\ron-english-nfts\light-cult-crypto-club\images\LCCC-1271.png","48155","images/1201-1300/LCCC-1271.png","LCCC-1271.png","D:\github\ron-english-light-cult-1001-2000\images\1201-1300\LCCC-1271.png","items/lccc-1271.html","https://ronenglish-archive.github.io/ron-english-light-cult-1001-2000/items/lccc-1271.html","https://opensea.io/item/ethereum/0xbe85fbd182af91290be7293438ae67549638189f/1271","OK",""
"1272","1272","Light Cult Crypto Club #1272","RE-003082","1201-1300","","","","","","items/lccc-1272.html","https://ronenglish-archive.github.io/ron-english-light-cult-1001-2000/items/lccc-1272.html","https://opensea.io/item/ethereum/0xbe85fbd182af91290be7293438ae67549638189f/1272","MISSING SOURCE IMAGE","No source image found for token #1272"
"1273","1273","Light Cult Crypto Club #1273","RE-003083","1201-1300","D:\github\ron-english-nfts\light-cult-crypto-club\images\LCCC-1273.png","18550","images/1201-1300/LCCC-1273.png","LCCC-1273.png","D:\github\ron-english-light-cult-1001-2000\images\1201-1300\LCCC-1273.png","items/lccc-1273.html","https://ronenglish-archive.github.io/ron-english-light-cult-1001-2000/items/lccc-1273.html","https://opensea.io/item/ethereum/0xbe85fbd182af91290be7293438ae67549638189f/1273","OK",""
"1274","1274","Light Cult Crypto Club #1274","RE-003084","1201-1300","D:\github\ron-english-nfts\light-cult-crypto-club\images\LCCC-1274.png","15681","images/1201-1300/LCCC-1274.png","LCCC-1274.png","D:\github\ron-english-light-cult-1001-2000\images\1201-1300\LCCC-1274.png","items/lccc-1274.html","https://ronenglish-archive.github.io/ron-english-light-cult-1001-2000/items/lccc-1274.html","https://opensea.io/item/ethereum/0xbe85fbd182af91290be7293438ae67549638189f/1274","OK",""
"1275","1275","Light Cult Crypto Club #1275","RE-003085","1201-1300","D:\github\ron-english-nfts\light-cult-crypto-club\images\LCCC-1275.png","10499","images/1201-1300/LCCC-1275.png","LCCC-1275.png","D:\github\ron-english-light-cult-1001-2000\images\1201-1300\LCCC-1275.png","items/lccc-1275.html","https://ronenglish-archive.github.io/ron-english-light-cult-1001-2000/items/lccc-1275.html","https://opensea.io/item/ethereum/0xbe85fbd182af91290be7293438ae67549638189f/1275","OK",""
"1276","1276","Light Cult Crypto Club #1276","RE-003086","1201-1300","D:\github\ron-english-nfts\light-cult-crypto-club\images\LCCC-1276.png","15435","images/1201-1300/LCCC-1276.png","LCCC-1276.png","D:\github\ron-english-light-cult-1001-2000\images\1201-1300\LCCC-1276.png","items/lccc-1276.html","https://ronenglish-archive.github.io/ron-english-light-cult-1001-2000/items/lccc-1276.html","https://opensea.io/item/ethereum/0xbe85fbd182af91290be7293438ae67549638189f/1276","OK",""
"1277","1277","Light Cult Crypto Club #1277","RE-003087","1201-1300","D:\github\ron-english-nfts\light-cult-crypto-club\images\LCCC-1277.png","3865","images/1201-1300/LCCC-1277.png","LCCC-1277.png","D:\github\ron-english-light-cult-1001-2000\images\1201-1300\LCCC-1277.png","items/lccc-1277.html","https://ronenglish-archive.github.io/ron-english-light-cult-1001-2000/items/lccc-1277.html","https://opensea.io/item/ethereum/0xbe85fbd182af91290be7293438ae67549638189f/1277","OK",""
"1278","1278","Light Cult Crypto Club #1278","RE-003088","1201-1300","","","","","","items/lccc-1278.html","https://ronenglish-archive.github.io/ron-english-light-cult-1001-2000/items/lccc-1278.html","https://opensea.io/item/ethereum/0xbe85fbd182af91290be7293438ae67549638189f/1278","MISSING SOURCE IMAGE","No source image found for token #1278"
"1279","1279","Light Cult Crypto Club #1279","RE-003089","1201-1300","D:\github\ron-english-nfts\light-cult-crypto-club\images\LCCC-1279.png","7711","images/1201-1300/LCCC-1279.png","LCCC-1279.png","D:\github\ron-english-light-cult-1001-2000\images\1201-1300\LCCC-1279.png","items/lccc-1279.html","https://ronenglish-archive.github.io/ron-english-light-cult-1001-2000/items/lccc-1279.html","https://opensea.io/item/ethereum/0xbe85fbd182af91290be7293438ae67549638189f/1279","OK",""
"1280","1280","Light Cult Crypto Club #1280","RE-003090","1201-1300","","","","","","items/lccc-1280.html","https://ronenglish-archive.github.io/ron-english-light-cult-1001-2000/items/lccc-1280.html","https://opensea.io/item/ethereum/0xbe85fbd182af91290be7293438ae67549638189f/1280","MISSING SOURCE IMAGE","No source image found for token #1280"
"1281","1281","Light Cult Crypto Club #1281","RE-003091","1201-1300","D:\github\ron-english-nfts\light-cult-crypto-club\images\LCCC-1281.png","13037","images/1201-1300/LCCC-1281.png","LCCC-1281.png","D:\github\ron-english-light-cult-1001-2000\images\1201-1300\LCCC-1281.png","items/lccc-1281.html","https://ronenglish-archive.github.io/ron-english-light-cult-1001-2000/items/lccc-1281.html","https://opensea.io/item/ethereum/0xbe85fbd182af91290be7293438ae67549638189f/1281","OK",""
"1282","1282","Light Cult Crypto Club #1282","RE-003092","1201-1300","","","","","","items/lccc-1282.html","https://ronenglish-archive.github.io/ron-english-light-cult-1001-2000/items/lccc-1282.html","https://opensea.io/item/ethereum/0xbe85fbd182af91290be7293438ae67549638189f/1282","MISSING SOURCE IMAGE","No source image found for token #1282"
"1283","1283","Light Cult Crypto Club #1283","RE-003093","1201-1300","D:\github\ron-english-nfts\light-cult-crypto-club\images\LCCC-1283.png","11823","images/1201-1300/LCCC-1283.png","LCCC-1283.png","D:\github\ron-english-light-cult-1001-2000\images\1201-1300\LCCC-1283.png","items/lccc-1283.html","https://ronenglish-archive.github.io/ron-english-light-cult-1001-2000/items/lccc-1283.html","https://opensea.io/item/ethereum/0xbe85fbd182af91290be7293438ae67549638189f/1283","OK",""
"1284","1284","Light Cult Crypto Club #1284","RE-003094","1201-1300","D:\github\ron-english-nfts\light-cult-crypto-club\images\LCCC-1284.png","26781","images/1201-1300/LCCC-1284.png","LCCC-1284.png","D:\github\ron-english-light-cult-1001-2000\images\1201-1300\LCCC-1284.png","items/lccc-1284.html","https://ronenglish-archive.github.io/ron-english-light-cult-1001-2000/items/lccc-1284.html","https://opensea.io/item/ethereum/0xbe85fbd182af91290be7293438ae67549638189f/1284","OK",""
"1285","1285","Light Cult Crypto Club #1285","RE-003095","1201-1300","D:\github\ron-english-nfts\light-cult-crypto-club\images\LCCC-1285.png","3355","images/1201-1300/LCCC-1285.png","LCCC-1285.png","D:\github\ron-english-light-cult-1001-2000\images\1201-1300\LCCC-1285.png","items/lccc-1285.html","https://ronenglish-archive.github.io/ron-english-light-cult-1001-2000/items/lccc-1285.html","https://opensea.io/item/ethereum/0xbe85fbd182af91290be7293438ae67549638189f/1285","OK",""
"1286","1286","Light Cult Crypto Club #1286","RE-003096","1201-1300","D:\github\ron-english-nfts\light-cult-crypto-club\images\LCCC-1286.png","15277","images/1201-1300/LCCC-1286.png","LCCC-1286.png","D:\github\ron-english-light-cult-1001-2000\images\1201-1300\LCCC-1286.png","items/lccc-1286.html","https://ronenglish-archive.github.io/ron-english-light-cult-1001-2000/items/lccc-1286.html","https://opensea.io/item/ethereum/0xbe85fbd182af91290be7293438ae67549638189f/1286","OK",""
"1287","1287","Light Cult Crypto Club #1287","RE-003097","1201-1300","D:\github\ron-english-nfts\light-cult-crypto-club\images\LCCC-1287.png","16838","images/1201-1300/LCCC-1287.png","LCCC-1287.png","D:\github\ron-english-light-cult-1001-2000\images\1201-1300\LCCC-1287.png","items/lccc-1287.html","https://ronenglish-archive.github.io/ron-english-light-cult-1001-2000/items/lccc-1287.html","https://opensea.io/item/ethereum/0xbe85fbd182af91290be7293438ae67549638189f/1287","OK",""
"1288","1288","Light Cult Crypto Club #1288","RE-003098","1201-1300","D:\github\ron-english-nfts\light-cult-crypto-club\images\LCCC-1288.png","30424","images/1201-1300/LCCC-1288.png","LCCC-1288.png","D:\github\ron-english-light-cult-1001-2000\images\1201-1300\LCCC-1288.png","items/lccc-1288.html","https://ronenglish-archive.github.io/ron-english-light-cult-1001-2000/items/lccc-1288.html","https://opensea.io/item/ethereum/0xbe85fbd182af91290be7293438ae67549638189f/1288","OK",""
"1289","1289","Light Cult Crypto Club #1289","RE-003099","1201-1300","D:\github\ron-english-nfts\light-cult-crypto-club\images\LCCC-1289.png","44253","images/1201-1300/LCCC-1289.png","LCCC-1289.png","D:\github\ron-english-light-cult-1001-2000\images\1201-1300\LCCC-1289.png","items/lccc-1289.html","https://ronenglish-archive.github.io/ron-english-light-cult-1001-2000/items/lccc-1289.html","https://opensea.io/item/ethereum/0xbe85fbd182af91290be7293438ae67549638189f/1289","OK",""
"1290","1290","Light Cult Crypto Club #1290","RE-003100","1201-1300","D:\github\ron-english-nfts\light-cult-crypto-club\images\LCCC-1290.png","8416","images/1201-1300/LCCC-1290.png","LCCC-1290.png","D:\github\ron-english-light-cult-1001-2000\images\1201-1300\LCCC-1290.png","items/lccc-1290.html","https://ronenglish-archive.github.io/ron-english-light-cult-1001-2000/items/lccc-1290.html","https://opensea.io/item/ethereum/0xbe85fbd182af91290be7293438ae67549638189f/1290","OK",""
"1291","1291","Light Cult Crypto Club #1291","RE-003101","1201-1300","D:\github\ron-english-nfts\light-cult-crypto-club\images\LCCC-1291.png","25338","images/1201-1300/LCCC-1291.png","LCCC-1291.png","D:\github\ron-english-light-cult-1001-2000\images\1201-1300\LCCC-1291.png","items/lccc-1291.html","https://ronenglish-archive.github.io/ron-english-light-cult-1001-2000/items/lccc-1291.html","https://opensea.io/item/ethereum/0xbe85fbd182af91290be7293438ae67549638189f/1291","OK",""
"1292","1292","Light Cult Crypto Club #1292","RE-003102","1201-1300","D:\github\ron-english-nfts\light-cult-crypto-club\images\LCCC-1292.png","9406","images/1201-1300/LCCC-1292.png","LCCC-1292.png","D:\github\ron-english-light-cult-1001-2000\images\1201-1300\LCCC-1292.png","items/lccc-1292.html","https://ronenglish-archive.github.io/ron-english-light-cult-1001-2000/items/lccc-1292.html","https://opensea.io/item/ethereum/0xbe85fbd182af91290be7293438ae67549638189f/1292","OK",""
"1293","1293","Light Cult Crypto Club #1293","RE-003103","1201-1300","D:\github\ron-english-nfts\light-cult-crypto-club\images\LCCC-1293.png","10691","images/1201-1300/LCCC-1293.png","LCCC-1293.png","D:\github\ron-english-light-cult-1001-2000\images\1201-1300\LCCC-1293.png","items/lccc-1293.html","https://ronenglish-archive.github.io/ron-english-light-cult-1001-2000/items/lccc-1293.html","https://opensea.io/item/ethereum/0xbe85fbd182af91290be7293438ae67549638189f/1293","OK",""
"1294","1294","Light Cult Crypto Club #1294","RE-003104","1201-1300","D:\github\ron-english-nfts\light-cult-crypto-club\images\LCCC-1294.png","17300","images/1201-1300/LCCC-1294.png","LCCC-1294.png","D:\github\ron-english-light-cult-1001-2000\images\1201-1300\LCCC-1294.png","items/lccc-1294.html","https://ronenglish-archive.github.io/ron-english-light-cult-1001-2000/items/lccc-1294.html","https://opensea.io/item/ethereum/0xbe85fbd182af91290be7293438ae67549638189f/1294","OK",""
"1295","1295","Light Cult Crypto Club #1295","RE-003105","1201-1300","","","","","","items/lccc-1295.html","https://ronenglish-archive.github.io/ron-english-light-cult-1001-2000/items/lccc-1295.html","https://opensea.io/item/ethereum/0xbe85fbd182af91290be7293438ae67549638189f/1295","MISSING SOURCE IMAGE","No source image found for token #1295"
"1296","1296","Light Cult Crypto Club #1296","RE-003106","1201-1300","D:\github\ron-english-nfts\light-cult-crypto-club\images\LCCC-1296.png","4244","images/1201-1300/LCCC-1296.png","LCCC-1296.png","D:\github\ron-english-light-cult-1001-2000\images\1201-1300\LCCC-1296.png","items/lccc-1296.html","https://ronenglish-archive.github.io/ron-english-light-cult-1001-2000/items/lccc-1296.html","https://opensea.io/item/ethereum/0xbe85fbd182af91290be7293438ae67549638189f/1296","OK",""
"1297","1297","Light Cult Crypto Club #1297","RE-003107","1201-1300","D:\github\ron-english-nfts\light-cult-crypto-club\images\LCCC-1297.png","29157","images/1201-1300/LCCC-1297.png","LCCC-1297.png","D:\github\ron-english-light-cult-1001-2000\images\1201-1300\LCCC-1297.png","items/lccc-1297.html","https://ronenglish-archive.github.io/ron-english-light-cult-1001-2000/items/lccc-1297.html","https://opensea.io/item/ethereum/0xbe85fbd182af91290be7293438ae67549638189f/1297","OK",""
"1298","1298","Light Cult Crypto Club #1298","RE-003108","1201-1300","D:\github\ron-english-nfts\light-cult-crypto-club\images\LCCC-1298.png","18331","images/1201-1300/LCCC-1298.png","LCCC-1298.png","D:\github\ron-english-light-cult-1001-2000\images\1201-1300\LCCC-1298.png","items/lccc-1298.html","https://ronenglish-archive.github.io/ron-english-light-cult-1001-2000/items/lccc-1298.html","https://opensea.io/item/ethereum/0xbe85fbd182af91290be7293438ae67549638189f/1298","OK",""
"1299","1299","Light Cult Crypto Club #1299","RE-003109","1201-1300","D:\github\ron-english-nfts\light-cult-crypto-club\images\LCCC-1299.png","29839","images/1201-1300/LCCC-1299.png","LCCC-1299.png","D:\github\ron-english-light-cult-1001-2000\images\1201-1300\LCCC-1299.png","items/lccc-1299.html","https://ronenglish-archive.github.io/ron-english-light-cult-1001-2000/items/lccc-1299.html","https://opensea.io/item/ethereum/0xbe85fbd182af91290be7293438ae67549638189f/1299","OK",""
"1300","1300","Light Cult Crypto Club #1300","RE-003110","1201-1300","D:\github\ron-english-nfts\light-cult-crypto-club\images\LCCC-1300.png","16205","images/1201-1300/LCCC-1300.png","LCCC-1300.png","D:\github\ron-english-light-cult-1001-2000\images\1201-1300\LCCC-1300.png","items/lccc-1300.html","https://ronenglish-archive.github.io/ron-english-light-cult-1001-2000/items/lccc-1300.html","https://opensea.io/item/ethereum/0xbe85fbd182af91290be7293438ae67549638189f/1300","OK",""
"1301","1301","Light Cult Crypto Club #1301","RE-003111","1301-1400","D:\github\ron-english-nfts\light-cult-crypto-club\images\LCCC-1301.png","28930","images/1301-1400/LCCC-1301.png","LCCC-1301.png","D:\github\ron-english-light-cult-1001-2000\images\1301-1400\LCCC-1301.png","items/lccc-1301.html","https://ronenglish-archive.github.io/ron-english-light-cult-1001-2000/items/lccc-1301.html","https://opensea.io/item/ethereum/0xbe85fbd182af91290be7293438ae67549638189f/1301","OK",""
"1302","1302","Light Cult Crypto Club #1302","RE-003112","1301-1400","D:\github\ron-english-nfts\light-cult-crypto-club\images\LCCC-1302.png","26045","images/1301-1400/LCCC-1302.png","LCCC-1302.png","D:\github\ron-english-light-cult-1001-2000\images\1301-1400\LCCC-1302.png","items/lccc-1302.html","https://ronenglish-archive.github.io/ron-english-light-cult-1001-2000/items/lccc-1302.html","https://opensea.io/item/ethereum/0xbe85fbd182af91290be7293438ae67549638189f/1302","OK",""
"1303","1303","Light Cult Crypto Club #1303","RE-003113","1301-1400","","","","","","items/lccc-1303.html","https://ronenglish-archive.github.io/ron-english-light-cult-1001-2000/items/lccc-1303.html","https://opensea.io/item/ethereum/0xbe85fbd182af91290be7293438ae67549638189f/1303","MISSING SOURCE IMAGE","No source image found for token #1303"
"1304","1304","Light Cult Crypto Club #1304","RE-003114","1301-1400","","","","","","items/lccc-1304.html","https://ronenglish-archive.github.io/ron-english-light-cult-1001-2000/items/lccc-1304.html","https://opensea.io/item/ethereum/0xbe85fbd182af91290be7293438ae67549638189f/1304","MISSING SOURCE IMAGE","No source image found for token #1304"
"1305","1305","Light Cult Crypto Club #1305","RE-003115","1301-1400","D:\github\ron-english-nfts\light-cult-crypto-club\images\LCCC-1305.png","7577","images/1301-1400/LCCC-1305.png","LCCC-1305.png","D:\github\ron-english-light-cult-1001-2000\images\1301-1400\LCCC-1305.png","items/lccc-1305.html","https://ronenglish-archive.github.io/ron-english-light-cult-1001-2000/items/lccc-1305.html","https://opensea.io/item/ethereum/0xbe85fbd182af91290be7293438ae67549638189f/1305","OK",""
"1306","1306","Light Cult Crypto Club #1306","RE-003116","1301-1400","D:\github\ron-english-nfts\light-cult-crypto-club\images\LCCC-1306.png","28686","images/1301-1400/LCCC-1306.png","LCCC-1306.png","D:\github\ron-english-light-cult-1001-2000\images\1301-1400\LCCC-1306.png","items/lccc-1306.html","https://ronenglish-archive.github.io/ron-english-light-cult-1001-2000/items/lccc-1306.html","https://opensea.io/item/ethereum/0xbe85fbd182af91290be7293438ae67549638189f/1306","OK",""
"1307","1307","Light Cult Crypto Club #1307","RE-003117","1301-1400","","","","","","items/lccc-1307.html","https://ronenglish-archive.github.io/ron-english-light-cult-1001-2000/items/lccc-1307.html","https://opensea.io/item/ethereum/0xbe85fbd182af91290be7293438ae67549638189f/1307","MISSING SOURCE IMAGE","No source image found for token #1307"
"1308","1308","Light Cult Crypto Club #1308","RE-003118","1301-1400","D:\github\ron-english-nfts\light-cult-crypto-club\images\LCCC-1308.png","12200","images/1301-1400/LCCC-1308.png","LCCC-1308.png","D:\github\ron-english-light-cult-1001-2000\images\1301-1400\LCCC-1308.png","items/lccc-1308.html","https://ronenglish-archive.github.io/ron-english-light-cult-1001-2000/items/lccc-1308.html","https://opensea.io/item/ethereum/0xbe85fbd182af91290be7293438ae67549638189f/1308","OK",""
"1309","1309","Light Cult Crypto Club #1309","RE-003119","1301-1400","D:\github\ron-english-nfts\light-cult-crypto-club\images\LCCC-1309.png","11711","images/1301-1400/LCCC-1309.png","LCCC-1309.png","D:\github\ron-english-light-cult-1001-2000\images\1301-1400\LCCC-1309.png","items/lccc-1309.html","https://ronenglish-archive.github.io/ron-english-light-cult-1001-2000/items/lccc-1309.html","https://opensea.io/item/ethereum/0xbe85fbd182af91290be7293438ae67549638189f/1309","OK",""
"1310","1310","Light Cult Crypto Club #1310","RE-003120","1301-1400","D:\github\ron-english-nfts\light-cult-crypto-club\images\LCCC-1310.png","49066","images/1301-1400/LCCC-1310.png","LCCC-1310.png","D:\github\ron-english-light-cult-1001-2000\images\1301-1400\LCCC-1310.png","items/lccc-1310.html","https://ronenglish-archive.github.io/ron-english-light-cult-1001-2000/items/lccc-1310.html","https://opensea.io/item/ethereum/0xbe85fbd182af91290be7293438ae67549638189f/1310","OK",""
"1311","1311","Light Cult Crypto Club #1311","RE-003121","1301-1400","D:\github\ron-english-nfts\light-cult-crypto-club\images\LCCC-1311.png","24413","images/1301-1400/LCCC-1311.png","LCCC-1311.png","D:\github\ron-english-light-cult-1001-2000\images\1301-1400\LCCC-1311.png","items/lccc-1311.html","https://ronenglish-archive.github.io/ron-english-light-cult-1001-2000/items/lccc-1311.html","https://opensea.io/item/ethereum/0xbe85fbd182af91290be7293438ae67549638189f/1311","OK",""
"1312","1312","Light Cult Crypto Club #1312","RE-003122","1301-1400","","","","","","items/lccc-1312.html","https://ronenglish-archive.github.io/ron-english-light-cult-1001-2000/items/lccc-1312.html","https://opensea.io/item/ethereum/0xbe85fbd182af91290be7293438ae67549638189f/1312","MISSING SOURCE IMAGE","No source image found for token #1312"
"1313","1313","Light Cult Crypto Club #1313","RE-003123","1301-1400","D:\github\ron-english-nfts\light-cult-crypto-club\images\LCCC-1313.png","26629","images/1301-1400/LCCC-1313.png","LCCC-1313.png","D:\github\ron-english-light-cult-1001-2000\images\1301-1400\LCCC-1313.png","items/lccc-1313.html","https://ronenglish-archive.github.io/ron-english-light-cult-1001-2000/items/lccc-1313.html","https://opensea.io/item/ethereum/0xbe85fbd182af91290be7293438ae67549638189f/1313","OK",""
"1314","1314","Light Cult Crypto Club #1314","RE-003124","1301-1400","D:\github\ron-english-nfts\light-cult-crypto-club\images\LCCC-1314.png","7162","images/1301-1400/LCCC-1314.png","LCCC-1314.png","D:\github\ron-english-light-cult-1001-2000\images\1301-1400\LCCC-1314.png","items/lccc-1314.html","https://ronenglish-archive.github.io/ron-english-light-cult-1001-2000/items/lccc-1314.html","https://opensea.io/item/ethereum/0xbe85fbd182af91290be7293438ae67549638189f/1314","OK",""
"1315","1315","Light Cult Crypto Club #1315","RE-003125","1301-1400","","","","","","items/lccc-1315.html","https://ronenglish-archive.github.io/ron-english-light-cult-1001-2000/items/lccc-1315.html","https://opensea.io/item/ethereum/0xbe85fbd182af91290be7293438ae67549638189f/1315","MISSING SOURCE IMAGE","No source image found for token #1315"
"1316","1316","Light Cult Crypto Club #1316","RE-003126","1301-1400","D:\github\ron-english-nfts\light-cult-crypto-club\images\LCCC-1316.png","46658","images/1301-1400/LCCC-1316.png","LCCC-1316.png","D:\github\ron-english-light-cult-1001-2000\images\1301-1400\LCCC-1316.png","items/lccc-1316.html","https://ronenglish-archive.github.io/ron-english-light-cult-1001-2000/items/lccc-1316.html","https://opensea.io/item/ethereum/0xbe85fbd182af91290be7293438ae67549638189f/1316","OK",""
"1317","1317","Light Cult Crypto Club #1317","RE-003127","1301-1400","D:\github\ron-english-nfts\light-cult-crypto-club\images\LCCC-1317.png","8244","images/1301-1400/LCCC-1317.png","LCCC-1317.png","D:\github\ron-english-light-cult-1001-2000\images\1301-1400\LCCC-1317.png","items/lccc-1317.html","https://ronenglish-archive.github.io/ron-english-light-cult-1001-2000/items/lccc-1317.html","https://opensea.io/item/ethereum/0xbe85fbd182af91290be7293438ae67549638189f/1317","OK",""
"1318","1318","Light Cult Crypto Club #1318","RE-003128","1301-1400","D:\github\ron-english-nfts\light-cult-crypto-club\images\LCCC-1318.png","8892","images/1301-1400/LCCC-1318.png","LCCC-1318.png","D:\github\ron-english-light-cult-1001-2000\images\1301-1400\LCCC-1318.png","items/lccc-1318.html","https://ronenglish-archive.github.io/ron-english-light-cult-1001-2000/items/lccc-1318.html","https://opensea.io/item/ethereum/0xbe85fbd182af91290be7293438ae67549638189f/1318","OK",""
"1319","1319","Light Cult Crypto Club #1319","RE-003129","1301-1400","D:\github\ron-english-nfts\light-cult-crypto-club\images\LCCC-1319.png","17690","images/1301-1400/LCCC-1319.png","LCCC-1319.png","D:\github\ron-english-light-cult-1001-2000\images\1301-1400\LCCC-1319.png","items/lccc-1319.html","https://ronenglish-archive.github.io/ron-english-light-cult-1001-2000/items/lccc-1319.html","https://opensea.io/item/ethereum/0xbe85fbd182af91290be7293438ae67549638189f/1319","OK",""
"1320","1320","Light Cult Crypto Club #1320","RE-003130","1301-1400","D:\github\ron-english-nfts\light-cult-crypto-club\images\LCCC-1320.png","49815","images/1301-1400/LCCC-1320.png","LCCC-1320.png","D:\github\ron-english-light-cult-1001-2000\images\1301-1400\LCCC-1320.png","items/lccc-1320.html","https://ronenglish-archive.github.io/ron-english-light-cult-1001-2000/items/lccc-1320.html","https://opensea.io/item/ethereum/0xbe85fbd182af91290be7293438ae67549638189f/1320","OK",""
"1321","1321","Light Cult Crypto Club #1321","RE-003131","1301-1400","D:\github\ron-english-nfts\light-cult-crypto-club\images\LCCC-1321.png","6121","images/1301-1400/LCCC-1321.png","LCCC-1321.png","D:\github\ron-english-light-cult-1001-2000\images\1301-1400\LCCC-1321.png","items/lccc-1321.html","https://ronenglish-archive.github.io/ron-english-light-cult-1001-2000/items/lccc-1321.html","https://opensea.io/item/ethereum/0xbe85fbd182af91290be7293438ae67549638189f/1321","OK",""
"1322","1322","Light Cult Crypto Club #1322","RE-003132","1301-1400","","","","","","items/lccc-1322.html","https://ronenglish-archive.github.io/ron-english-light-cult-1001-2000/items/lccc-1322.html","https://opensea.io/item/ethereum/0xbe85fbd182af91290be7293438ae67549638189f/1322","MISSING SOURCE IMAGE","No source image found for token #1322"
"1323","1323","Light Cult Crypto Club #1323","RE-003133","1301-1400","D:\github\ron-english-nfts\light-cult-crypto-club\images\LCCC-1323.png","6716","images/1301-1400/LCCC-1323.png","LCCC-1323.png","D:\github\ron-english-light-cult-1001-2000\images\1301-1400\LCCC-1323.png","items/lccc-1323.html","https://ronenglish-archive.github.io/ron-english-light-cult-1001-2000/items/lccc-1323.html","https://opensea.io/item/ethereum/0xbe85fbd182af91290be7293438ae67549638189f/1323","OK",""
"1324","1324","Light Cult Crypto Club #1324","RE-003134","1301-1400","D:\github\ron-english-nfts\light-cult-crypto-club\images\LCCC-1324.png","10083","images/1301-1400/LCCC-1324.png","LCCC-1324.png","D:\github\ron-english-light-cult-1001-2000\images\1301-1400\LCCC-1324.png","items/lccc-1324.html","https://ronenglish-archive.github.io/ron-english-light-cult-1001-2000/items/lccc-1324.html","https://opensea.io/item/ethereum/0xbe85fbd182af91290be7293438ae67549638189f/1324","OK",""
"1325","1325","Light Cult Crypto Club #1325","RE-003135","1301-1400","D:\github\ron-english-nfts\light-cult-crypto-club\images\LCCC-1325.png","26195","images/1301-1400/LCCC-1325.png","LCCC-1325.png","D:\github\ron-english-light-cult-1001-2000\images\1301-1400\LCCC-1325.png","items/lccc-1325.html","https://ronenglish-archive.github.io/ron-english-light-cult-1001-2000/items/lccc-1325.html","https://opensea.io/item/ethereum/0xbe85fbd182af91290be7293438ae67549638189f/1325","OK",""
"1326","1326","Light Cult Crypto Club #1326","RE-003136","1301-1400","D:\github\ron-english-nfts\light-cult-crypto-club\images\LCCC-1326.png","10551","images/1301-1400/LCCC-1326.png","LCCC-1326.png","D:\github\ron-english-light-cult-1001-2000\images\1301-1400\LCCC-1326.png","items/lccc-1326.html","https://ronenglish-archive.github.io/ron-english-light-cult-1001-2000/items/lccc-1326.html","https://opensea.io/item/ethereum/0xbe85fbd182af91290be7293438ae67549638189f/1326","OK",""
"1327","1327","Light Cult Crypto Club #1327","RE-003137","1301-1400","D:\github\ron-english-nfts\light-cult-crypto-club\images\LCCC-1327.png","18562","images/1301-1400/LCCC-1327.png","LCCC-1327.png","D:\github\ron-english-light-cult-1001-2000\images\1301-1400\LCCC-1327.png","items/lccc-1327.html","https://ronenglish-archive.github.io/ron-english-light-cult-1001-2000/items/lccc-1327.html","https://opensea.io/item/ethereum/0xbe85fbd182af91290be7293438ae67549638189f/1327","OK",""
"1328","1328","Light Cult Crypto Club #1328","RE-003138","1301-1400","D:\github\ron-english-nfts\light-cult-crypto-club\images\LCCC-1328.png","29158","images/1301-1400/LCCC-1328.png","LCCC-1328.png","D:\github\ron-english-light-cult-1001-2000\images\1301-1400\LCCC-1328.png","items/lccc-1328.html","https://ronenglish-archive.github.io/ron-english-light-cult-1001-2000/items/lccc-1328.html","https://opensea.io/item/ethereum/0xbe85fbd182af91290be7293438ae67549638189f/1328","OK",""
"1329","1329","Light Cult Crypto Club #1329","RE-003139","1301-1400","D:\github\ron-english-nfts\light-cult-crypto-club\images\LCCC-1329.png","38591","images/1301-1400/LCCC-1329.png","LCCC-1329.png","D:\github\ron-english-light-cult-1001-2000\images\1301-1400\LCCC-1329.png","items/lccc-1329.html","https://ronenglish-archive.github.io/ron-english-light-cult-1001-2000/items/lccc-1329.html","https://opensea.io/item/ethereum/0xbe85fbd182af91290be7293438ae67549638189f/1329","OK",""
"1330","1330","Light Cult Crypto Club #1330","RE-003140","1301-1400","D:\github\ron-english-nfts\light-cult-crypto-club\images\LCCC-1330.png","20612","images/1301-1400/LCCC-1330.png","LCCC-1330.png","D:\github\ron-english-light-cult-1001-2000\images\1301-1400\LCCC-1330.png","items/lccc-1330.html","https://ronenglish-archive.github.io/ron-english-light-cult-1001-2000/items/lccc-1330.html","https://opensea.io/item/ethereum/0xbe85fbd182af91290be7293438ae67549638189f/1330","OK",""
"1331","1331","Light Cult Crypto Club #1331","RE-003141","1301-1400","D:\github\ron-english-nfts\light-cult-crypto-club\images\LCCC-1331.png","8685","images/1301-1400/LCCC-1331.png","LCCC-1331.png","D:\github\ron-english-light-cult-1001-2000\images\1301-1400\LCCC-1331.png","items/lccc-1331.html","https://ronenglish-archive.github.io/ron-english-light-cult-1001-2000/items/lccc-1331.html","https://opensea.io/item/ethereum/0xbe85fbd182af91290be7293438ae67549638189f/1331","OK",""
"1332","1332","Light Cult Crypto Club #1332","RE-003142","1301-1400","D:\github\ron-english-nfts\light-cult-crypto-club\images\LCCC-1332.png","31372","images/1301-1400/LCCC-1332.png","LCCC-1332.png","D:\github\ron-english-light-cult-1001-2000\images\1301-1400\LCCC-1332.png","items/lccc-1332.html","https://ronenglish-archive.github.io/ron-english-light-cult-1001-2000/items/lccc-1332.html","https://opensea.io/item/ethereum/0xbe85fbd182af91290be7293438ae67549638189f/1332","OK",""
"1333","1333","Light Cult Crypto Club #1333","RE-003143","1301-1400","","","","","","items/lccc-1333.html","https://ronenglish-archive.github.io/ron-english-light-cult-1001-2000/items/lccc-1333.html","https://opensea.io/item/ethereum/0xbe85fbd182af91290be7293438ae67549638189f/1333","MISSING SOURCE IMAGE","No source image found for token #1333"
"1334","1334","Light Cult Crypto Club #1334","RE-003144","1301-1400","D:\github\ron-english-nfts\light-cult-crypto-club\images\LCCC-1334.png","47151","images/1301-1400/LCCC-1334.png","LCCC-1334.png","D:\github\ron-english-light-cult-1001-2000\images\1301-1400\LCCC-1334.png","items/lccc-1334.html","https://ronenglish-archive.github.io/ron-english-light-cult-1001-2000/items/lccc-1334.html","https://opensea.io/item/ethereum/0xbe85fbd182af91290be7293438ae67549638189f/1334","OK",""
"1335","1335","Light Cult Crypto Club #1335","RE-003145","1301-1400","D:\github\ron-english-nfts\light-cult-crypto-club\images\LCCC-1335.png","4201","images/1301-1400/LCCC-1335.png","LCCC-1335.png","D:\github\ron-english-light-cult-1001-2000\images\1301-1400\LCCC-1335.png","items/lccc-1335.html","https://ronenglish-archive.github.io/ron-english-light-cult-1001-2000/items/lccc-1335.html","https://opensea.io/item/ethereum/0xbe85fbd182af91290be7293438ae67549638189f/1335","OK",""
"1336","1336","Light Cult Crypto Club #1336","RE-003146","1301-1400","D:\github\ron-english-nfts\light-cult-crypto-club\images\LCCC-1336.png","7963","images/1301-1400/LCCC-1336.png","LCCC-1336.png","D:\github\ron-english-light-cult-1001-2000\images\1301-1400\LCCC-1336.png","items/lccc-1336.html","https://ronenglish-archive.github.io/ron-english-light-cult-1001-2000/items/lccc-1336.html","https://opensea.io/item/ethereum/0xbe85fbd182af91290be7293438ae67549638189f/1336","OK",""
"1337","1337","Light Cult Crypto Club #1337","RE-003147","1301-1400","D:\github\ron-english-nfts\light-cult-crypto-club\images\LCCC-1337.png","15271","images/1301-1400/LCCC-1337.png","LCCC-1337.png","D:\github\ron-english-light-cult-1001-2000\images\1301-1400\LCCC-1337.png","items/lccc-1337.html","https://ronenglish-archive.github.io/ron-english-light-cult-1001-2000/items/lccc-1337.html","https://opensea.io/item/ethereum/0xbe85fbd182af91290be7293438ae67549638189f/1337","OK",""
"1338","1338","Light Cult Crypto Club #1338","RE-003148","1301-1400","D:\github\ron-english-nfts\light-cult-crypto-club\images\LCCC-1338.png","6875","images/1301-1400/LCCC-1338.png","LCCC-1338.png","D:\github\ron-english-light-cult-1001-2000\images\1301-1400\LCCC-1338.png","items/lccc-1338.html","https://ronenglish-archive.github.io/ron-english-light-cult-1001-2000/items/lccc-1338.html","https://opensea.io/item/ethereum/0xbe85fbd182af91290be7293438ae67549638189f/1338","OK",""
"1339","1339","Light Cult Crypto Club #1339","RE-003149","1301-1400","D:\github\ron-english-nfts\light-cult-crypto-club\images\LCCC-1339.png","8758","images/1301-1400/LCCC-1339.png","LCCC-1339.png","D:\github\ron-english-light-cult-1001-2000\images\1301-1400\LCCC-1339.png","items/lccc-1339.html","https://ronenglish-archive.github.io/ron-english-light-cult-1001-2000/items/lccc-1339.html","https://opensea.io/item/ethereum/0xbe85fbd182af91290be7293438ae67549638189f/1339","OK",""
"1340","1340","Light Cult Crypto Club #1340","RE-003150","1301-1400","D:\github\ron-english-nfts\light-cult-crypto-club\images\LCCC-1340.png","25069","images/1301-1400/LCCC-1340.png","LCCC-1340.png","D:\github\ron-english-light-cult-1001-2000\images\1301-1400\LCCC-1340.png","items/lccc-1340.html","https://ronenglish-archive.github.io/ron-english-light-cult-1001-2000/items/lccc-1340.html","https://opensea.io/item/ethereum/0xbe85fbd182af91290be7293438ae67549638189f/1340","OK",""
"1341","1341","Light Cult Crypto Club #1341","RE-003151","1301-1400","D:\github\ron-english-nfts\light-cult-crypto-club\images\LCCC-1341.png","5868","images/1301-1400/LCCC-1341.png","LCCC-1341.png","D:\github\ron-english-light-cult-1001-2000\images\1301-1400\LCCC-1341.png","items/lccc-1341.html","https://ronenglish-archive.github.io/ron-english-light-cult-1001-2000/items/lccc-1341.html","https://opensea.io/item/ethereum/0xbe85fbd182af91290be7293438ae67549638189f/1341","OK",""
"1342","1342","Light Cult Crypto Club #1342","RE-003152","1301-1400","","","","","","items/lccc-1342.html","https://ronenglish-archive.github.io/ron-english-light-cult-1001-2000/items/lccc-1342.html","https://opensea.io/item/ethereum/0xbe85fbd182af91290be7293438ae67549638189f/1342","MISSING SOURCE IMAGE","No source image found for token #1342"
"1343","1343","Light Cult Crypto Club #1343","RE-003153","1301-1400","D:\github\ron-english-nfts\light-cult-crypto-club\images\LCCC-1343.png","7336","images/1301-1400/LCCC-1343.png","LCCC-1343.png","D:\github\ron-english-light-cult-1001-2000\images\1301-1400\LCCC-1343.png","items/lccc-1343.html","https://ronenglish-archive.github.io/ron-english-light-cult-1001-2000/items/lccc-1343.html","https://opensea.io/item/ethereum/0xbe85fbd182af91290be7293438ae67549638189f/1343","OK",""
"1344","1344","Light Cult Crypto Club #1344","RE-003154","1301-1400","D:\github\ron-english-nfts\light-cult-crypto-club\images\LCCC-1344.png","9740","images/1301-1400/LCCC-1344.png","LCCC-1344.png","D:\github\ron-english-light-cult-1001-2000\images\1301-1400\LCCC-1344.png","items/lccc-1344.html","https://ronenglish-archive.github.io/ron-english-light-cult-1001-2000/items/lccc-1344.html","https://opensea.io/item/ethereum/0xbe85fbd182af91290be7293438ae67549638189f/1344","OK",""
"1345","1345","Light Cult Crypto Club #1345","RE-003155","1301-1400","D:\github\ron-english-nfts\light-cult-crypto-club\images\LCCC-1345.png","16806","images/1301-1400/LCCC-1345.png","LCCC-1345.png","D:\github\ron-english-light-cult-1001-2000\images\1301-1400\LCCC-1345.png","items/lccc-1345.html","https://ronenglish-archive.github.io/ron-english-light-cult-1001-2000/items/lccc-1345.html","https://opensea.io/item/ethereum/0xbe85fbd182af91290be7293438ae67549638189f/1345","OK",""
"1346","1346","Light Cult Crypto Club #1346","RE-003156","1301-1400","D:\github\ron-english-nfts\light-cult-crypto-club\images\LCCC-1346.png","35208","images/1301-1400/LCCC-1346.png","LCCC-1346.png","D:\github\ron-english-light-cult-1001-2000\images\1301-1400\LCCC-1346.png","items/lccc-1346.html","https://ronenglish-archive.github.io/ron-english-light-cult-1001-2000/items/lccc-1346.html","https://opensea.io/item/ethereum/0xbe85fbd182af91290be7293438ae67549638189f/1346","OK",""
"1347","1347","Light Cult Crypto Club #1347","RE-003157","1301-1400","D:\github\ron-english-nfts\light-cult-crypto-club\images\LCCC-1347.png","17616","images/1301-1400/LCCC-1347.png","LCCC-1347.png","D:\github\ron-english-light-cult-1001-2000\images\1301-1400\LCCC-1347.png","items/lccc-1347.html","https://ronenglish-archive.github.io/ron-english-light-cult-1001-2000/items/lccc-1347.html","https://opensea.io/item/ethereum/0xbe85fbd182af91290be7293438ae67549638189f/1347","OK",""
"1348","1348","Light Cult Crypto Club #1348","RE-003158","1301-1400","D:\github\ron-english-nfts\light-cult-crypto-club\images\LCCC-1348.png","32275","images/1301-1400/LCCC-1348.png","LCCC-1348.png","D:\github\ron-english-light-cult-1001-2000\images\1301-1400\LCCC-1348.png","items/lccc-1348.html","https://ronenglish-archive.github.io/ron-english-light-cult-1001-2000/items/lccc-1348.html","https://opensea.io/item/ethereum/0xbe85fbd182af91290be7293438ae67549638189f/1348","OK",""
"1349","1349","Light Cult Crypto Club #1349","RE-003159","1301-1400","D:\github\ron-english-nfts\light-cult-crypto-club\images\LCCC-1349.png","42930","images/1301-1400/LCCC-1349.png","LCCC-1349.png","D:\github\ron-english-light-cult-1001-2000\images\1301-1400\LCCC-1349.png","items/lccc-1349.html","https://ronenglish-archive.github.io/ron-english-light-cult-1001-2000/items/lccc-1349.html","https://opensea.io/item/ethereum/0xbe85fbd182af91290be7293438ae67549638189f/1349","OK",""
"1350","1350","Light Cult Crypto Club #1350","RE-003160","1301-1400","D:\github\ron-english-nfts\light-cult-crypto-club\images\LCCC-1350.png","13196","images/1301-1400/LCCC-1350.png","LCCC-1350.png","D:\github\ron-english-light-cult-1001-2000\images\1301-1400\LCCC-1350.png","items/lccc-1350.html","https://ronenglish-archive.github.io/ron-english-light-cult-1001-2000/items/lccc-1350.html","https://opensea.io/item/ethereum/0xbe85fbd182af91290be7293438ae67549638189f/1350","OK",""
"1351","1351","Light Cult Crypto Club #1351","RE-003161","1301-1400","D:\github\ron-english-nfts\light-cult-crypto-club\images\LCCC-1351.png","7723","images/1301-1400/LCCC-1351.png","LCCC-1351.png","D:\github\ron-english-light-cult-1001-2000\images\1301-1400\LCCC-1351.png","items/lccc-1351.html","https://ronenglish-archive.github.io/ron-english-light-cult-1001-2000/items/lccc-1351.html","https://opensea.io/item/ethereum/0xbe85fbd182af91290be7293438ae67549638189f/1351","OK",""
"1352","1352","Light Cult Crypto Club #1352","RE-003162","1301-1400","D:\github\ron-english-nfts\light-cult-crypto-club\images\LCCC-1352.png","9914","images/1301-1400/LCCC-1352.png","LCCC-1352.png","D:\github\ron-english-light-cult-1001-2000\images\1301-1400\LCCC-1352.png","items/lccc-1352.html","https://ronenglish-archive.github.io/ron-english-light-cult-1001-2000/items/lccc-1352.html","https://opensea.io/item/ethereum/0xbe85fbd182af91290be7293438ae67549638189f/1352","OK",""
"1353","1353","Light Cult Crypto Club #1353","RE-003163","1301-1400","D:\github\ron-english-nfts\light-cult-crypto-club\images\LCCC-1353.png","9913","images/1301-1400/LCCC-1353.png","LCCC-1353.png","D:\github\ron-english-light-cult-1001-2000\images\1301-1400\LCCC-1353.png","items/lccc-1353.html","https://ronenglish-archive.github.io/ron-english-light-cult-1001-2000/items/lccc-1353.html","https://opensea.io/item/ethereum/0xbe85fbd182af91290be7293438ae67549638189f/1353","OK",""
"1354","1354","Light Cult Crypto Club #1354","RE-003164","1301-1400","D:\github\ron-english-nfts\light-cult-crypto-club\images\LCCC-1354.png","31849","images/1301-1400/LCCC-1354.png","LCCC-1354.png","D:\github\ron-english-light-cult-1001-2000\images\1301-1400\LCCC-1354.png","items/lccc-1354.html","https://ronenglish-archive.github.io/ron-english-light-cult-1001-2000/items/lccc-1354.html","https://opensea.io/item/ethereum/0xbe85fbd182af91290be7293438ae67549638189f/1354","OK",""
"1355","1355","Light Cult Crypto Club #1355","RE-003165","1301-1400","","","","","","items/lccc-1355.html","https://ronenglish-archive.github.io/ron-english-light-cult-1001-2000/items/lccc-1355.html","https://opensea.io/item/ethereum/0xbe85fbd182af91290be7293438ae67549638189f/1355","MISSING SOURCE IMAGE","No source image found for token #1355"
"1356","1356","Light Cult Crypto Club #1356","RE-003166","1301-1400","D:\github\ron-english-nfts\light-cult-crypto-club\images\LCCC-1356.png","24624","images/1301-1400/LCCC-1356.png","LCCC-1356.png","D:\github\ron-english-light-cult-1001-2000\images\1301-1400\LCCC-1356.png","items/lccc-1356.html","https://ronenglish-archive.github.io/ron-english-light-cult-1001-2000/items/lccc-1356.html","https://opensea.io/item/ethereum/0xbe85fbd182af91290be7293438ae67549638189f/1356","OK",""
"1357","1357","Light Cult Crypto Club #1357","RE-003167","1301-1400","D:\github\ron-english-nfts\light-cult-crypto-club\images\LCCC-1357.png","29713","images/1301-1400/LCCC-1357.png","LCCC-1357.png","D:\github\ron-english-light-cult-1001-2000\images\1301-1400\LCCC-1357.png","items/lccc-1357.html","https://ronenglish-archive.github.io/ron-english-light-cult-1001-2000/items/lccc-1357.html","https://opensea.io/item/ethereum/0xbe85fbd182af91290be7293438ae67549638189f/1357","OK",""
"1358","1358","Light Cult Crypto Club #1358","RE-003168","1301-1400","D:\github\ron-english-nfts\light-cult-crypto-club\images\LCCC-1358.png","13877","images/1301-1400/LCCC-1358.png","LCCC-1358.png","D:\github\ron-english-light-cult-1001-2000\images\1301-1400\LCCC-1358.png","items/lccc-1358.html","https://ronenglish-archive.github.io/ron-english-light-cult-1001-2000/items/lccc-1358.html","https://opensea.io/item/ethereum/0xbe85fbd182af91290be7293438ae67549638189f/1358","OK",""
"1359","1359","Light Cult Crypto Club #1359","RE-003169","1301-1400","","","","","","items/lccc-1359.html","https://ronenglish-archive.github.io/ron-english-light-cult-1001-2000/items/lccc-1359.html","https://opensea.io/item/ethereum/0xbe85fbd182af91290be7293438ae67549638189f/1359","MISSING SOURCE IMAGE","No source image found for token #1359"
"1360","1360","Light Cult Crypto Club #1360","RE-003170","1301-1400","D:\github\ron-english-nfts\light-cult-crypto-club\images\LCCC-1360.png","29094","images/1301-1400/LCCC-1360.png","LCCC-1360.png","D:\github\ron-english-light-cult-1001-2000\images\1301-1400\LCCC-1360.png","items/lccc-1360.html","https://ronenglish-archive.github.io/ron-english-light-cult-1001-2000/items/lccc-1360.html","https://opensea.io/item/ethereum/0xbe85fbd182af91290be7293438ae67549638189f/1360","OK",""
"1361","1361","Light Cult Crypto Club #1361","RE-003171","1301-1400","D:\github\ron-english-nfts\light-cult-crypto-club\images\LCCC-1361.png","14870","images/1301-1400/LCCC-1361.png","LCCC-1361.png","D:\github\ron-english-light-cult-1001-2000\images\1301-1400\LCCC-1361.png","items/lccc-1361.html","https://ronenglish-archive.github.io/ron-english-light-cult-1001-2000/items/lccc-1361.html","https://opensea.io/item/ethereum/0xbe85fbd182af91290be7293438ae67549638189f/1361","OK",""
"1362","1362","Light Cult Crypto Club #1362","RE-003172","1301-1400","D:\github\ron-english-nfts\light-cult-crypto-club\images\LCCC-1362.png","14280","images/1301-1400/LCCC-1362.png","LCCC-1362.png","D:\github\ron-english-light-cult-1001-2000\images\1301-1400\LCCC-1362.png","items/lccc-1362.html","https://ronenglish-archive.github.io/ron-english-light-cult-1001-2000/items/lccc-1362.html","https://opensea.io/item/ethereum/0xbe85fbd182af91290be7293438ae67549638189f/1362","OK",""
"1363","1363","Light Cult Crypto Club #1363","RE-003173","1301-1400","D:\github\ron-english-nfts\light-cult-crypto-club\images\LCCC-1363.png","26700","images/1301-1400/LCCC-1363.png","LCCC-1363.png","D:\github\ron-english-light-cult-1001-2000\images\1301-1400\LCCC-1363.png","items/lccc-1363.html","https://ronenglish-archive.github.io/ron-english-light-cult-1001-2000/items/lccc-1363.html","https://opensea.io/item/ethereum/0xbe85fbd182af91290be7293438ae67549638189f/1363","OK",""
"1364","1364","Light Cult Crypto Club #1364","RE-003174","1301-1400","D:\github\ron-english-nfts\light-cult-crypto-club\images\LCCC-1364.png","13100","images/1301-1400/LCCC-1364.png","LCCC-1364.png","D:\github\ron-english-light-cult-1001-2000\images\1301-1400\LCCC-1364.png","items/lccc-1364.html","https://ronenglish-archive.github.io/ron-english-light-cult-1001-2000/items/lccc-1364.html","https://opensea.io/item/ethereum/0xbe85fbd182af91290be7293438ae67549638189f/1364","OK",""
"1365","1365","Light Cult Crypto Club #1365","RE-003175","1301-1400","D:\github\ron-english-nfts\light-cult-crypto-club\images\LCCC-1365.png","33790","images/1301-1400/LCCC-1365.png","LCCC-1365.png","D:\github\ron-english-light-cult-1001-2000\images\1301-1400\LCCC-1365.png","items/lccc-1365.html","https://ronenglish-archive.github.io/ron-english-light-cult-1001-2000/items/lccc-1365.html","https://opensea.io/item/ethereum/0xbe85fbd182af91290be7293438ae67549638189f/1365","OK",""
"1366","1366","Light Cult Crypto Club #1366","RE-003176","1301-1400","","","","","","items/lccc-1366.html","https://ronenglish-archive.github.io/ron-english-light-cult-1001-2000/items/lccc-1366.html","https://opensea.io/item/ethereum/0xbe85fbd182af91290be7293438ae67549638189f/1366","MISSING SOURCE IMAGE","No source image found for token #1366"
"1367","1367","Light Cult Crypto Club #1367","RE-003177","1301-1400","D:\github\ron-english-nfts\light-cult-crypto-club\images\LCCC-1367.png","10932","images/1301-1400/LCCC-1367.png","LCCC-1367.png","D:\github\ron-english-light-cult-1001-2000\images\1301-1400\LCCC-1367.png","items/lccc-1367.html","https://ronenglish-archive.github.io/ron-english-light-cult-1001-2000/items/lccc-1367.html","https://opensea.io/item/ethereum/0xbe85fbd182af91290be7293438ae67549638189f/1367","OK",""
"1368","1368","Light Cult Crypto Club #1368","RE-003178","1301-1400","D:\github\ron-english-nfts\light-cult-crypto-club\images\LCCC-1368.png","28492","images/1301-1400/LCCC-1368.png","LCCC-1368.png","D:\github\ron-english-light-cult-1001-2000\images\1301-1400\LCCC-1368.png","items/lccc-1368.html","https://ronenglish-archive.github.io/ron-english-light-cult-1001-2000/items/lccc-1368.html","https://opensea.io/item/ethereum/0xbe85fbd182af91290be7293438ae67549638189f/1368","OK",""
"1369","1369","Light Cult Crypto Club #1369","RE-003179","1301-1400","D:\github\ron-english-nfts\light-cult-crypto-club\images\LCCC-1369.png","17322","images/1301-1400/LCCC-1369.png","LCCC-1369.png","D:\github\ron-english-light-cult-1001-2000\images\1301-1400\LCCC-1369.png","items/lccc-1369.html","https://ronenglish-archive.github.io/ron-english-light-cult-1001-2000/items/lccc-1369.html","https://opensea.io/item/ethereum/0xbe85fbd182af91290be7293438ae67549638189f/1369","OK",""
"1370","1370","Light Cult Crypto Club #1370","RE-003180","1301-1400","D:\github\ron-english-nfts\light-cult-crypto-club\images\LCCC-1370.png","7260","images/1301-1400/LCCC-1370.png","LCCC-1370.png","D:\github\ron-english-light-cult-1001-2000\images\1301-1400\LCCC-1370.png","items/lccc-1370.html","https://ronenglish-archive.github.io/ron-english-light-cult-1001-2000/items/lccc-1370.html","https://opensea.io/item/ethereum/0xbe85fbd182af91290be7293438ae67549638189f/1370","OK",""
"1371","1371","Light Cult Crypto Club #1371","RE-003181","1301-1400","D:\github\ron-english-nfts\light-cult-crypto-club\images\LCCC-1371.png","16641","images/1301-1400/LCCC-1371.png","LCCC-1371.png","D:\github\ron-english-light-cult-1001-2000\images\1301-1400\LCCC-1371.png","items/lccc-1371.html","https://ronenglish-archive.github.io/ron-english-light-cult-1001-2000/items/lccc-1371.html","https://opensea.io/item/ethereum/0xbe85fbd182af91290be7293438ae67549638189f/1371","OK",""
"1372","1372","Light Cult Crypto Club #1372","RE-003182","1301-1400","D:\github\ron-english-nfts\light-cult-crypto-club\images\LCCC-1372.png","7007","images/1301-1400/LCCC-1372.png","LCCC-1372.png","D:\github\ron-english-light-cult-1001-2000\images\1301-1400\LCCC-1372.png","items/lccc-1372.html","https://ronenglish-archive.github.io/ron-english-light-cult-1001-2000/items/lccc-1372.html","https://opensea.io/item/ethereum/0xbe85fbd182af91290be7293438ae67549638189f/1372","OK",""
"1373","1373","Light Cult Crypto Club #1373","RE-003183","1301-1400","D:\github\ron-english-nfts\light-cult-crypto-club\images\LCCC-1373.png","17700","images/1301-1400/LCCC-1373.png","LCCC-1373.png","D:\github\ron-english-light-cult-1001-2000\images\1301-1400\LCCC-1373.png","items/lccc-1373.html","https://ronenglish-archive.github.io/ron-english-light-cult-1001-2000/items/lccc-1373.html","https://opensea.io/item/ethereum/0xbe85fbd182af91290be7293438ae67549638189f/1373","OK",""
"1374","1374","Light Cult Crypto Club #1374","RE-003184","1301-1400","D:\github\ron-english-nfts\light-cult-crypto-club\images\LCCC-1374.png","7349","images/1301-1400/LCCC-1374.png","LCCC-1374.png","D:\github\ron-english-light-cult-1001-2000\images\1301-1400\LCCC-1374.png","items/lccc-1374.html","https://ronenglish-archive.github.io/ron-english-light-cult-1001-2000/items/lccc-1374.html","https://opensea.io/item/ethereum/0xbe85fbd182af91290be7293438ae67549638189f/1374","OK",""
"1375","1375","Light Cult Crypto Club #1375","RE-003185","1301-1400","D:\github\ron-english-nfts\light-cult-crypto-club\images\LCCC-1375.png","13692","images/1301-1400/LCCC-1375.png","LCCC-1375.png","D:\github\ron-english-light-cult-1001-2000\images\1301-1400\LCCC-1375.png","items/lccc-1375.html","https://ronenglish-archive.github.io/ron-english-light-cult-1001-2000/items/lccc-1375.html","https://opensea.io/item/ethereum/0xbe85fbd182af91290be7293438ae67549638189f/1375","OK",""
"1376","1376","Light Cult Crypto Club #1376","RE-003186","1301-1400","","","","","","items/lccc-1376.html","https://ronenglish-archive.github.io/ron-english-light-cult-1001-2000/items/lccc-1376.html","https://opensea.io/item/ethereum/0xbe85fbd182af91290be7293438ae67549638189f/1376","MISSING SOURCE IMAGE","No source image found for token #1376"
"1377","1377","Light Cult Crypto Club #1377","RE-003187","1301-1400","D:\github\ron-english-nfts\light-cult-crypto-club\images\LCCC-1377.png","24504","images/1301-1400/LCCC-1377.png","LCCC-1377.png","D:\github\ron-english-light-cult-1001-2000\images\1301-1400\LCCC-1377.png","items/lccc-1377.html","https://ronenglish-archive.github.io/ron-english-light-cult-1001-2000/items/lccc-1377.html","https://opensea.io/item/ethereum/0xbe85fbd182af91290be7293438ae67549638189f/1377","OK",""
"1378","1378","Light Cult Crypto Club #1378","RE-003188","1301-1400","D:\github\ron-english-nfts\light-cult-crypto-club\images\LCCC-1378.png","9484","images/1301-1400/LCCC-1378.png","LCCC-1378.png","D:\github\ron-english-light-cult-1001-2000\images\1301-1400\LCCC-1378.png","items/lccc-1378.html","https://ronenglish-archive.github.io/ron-english-light-cult-1001-2000/items/lccc-1378.html","https://opensea.io/item/ethereum/0xbe85fbd182af91290be7293438ae67549638189f/1378","OK",""
"1379","1379","Light Cult Crypto Club #1379","RE-003189","1301-1400","D:\github\ron-english-nfts\light-cult-crypto-club\images\LCCC-1379.png","40067","images/1301-1400/LCCC-1379.png","LCCC-1379.png","D:\github\ron-english-light-cult-1001-2000\images\1301-1400\LCCC-1379.png","items/lccc-1379.html","https://ronenglish-archive.github.io/ron-english-light-cult-1001-2000/items/lccc-1379.html","https://opensea.io/item/ethereum/0xbe85fbd182af91290be7293438ae67549638189f/1379","OK",""
"1380","1380","Light Cult Crypto Club #1380","RE-003190","1301-1400","D:\github\ron-english-nfts\light-cult-crypto-club\images\LCCC-1380.png","15594","images/1301-1400/LCCC-1380.png","LCCC-1380.png","D:\github\ron-english-light-cult-1001-2000\images\1301-1400\LCCC-1380.png","items/lccc-1380.html","https://ronenglish-archive.github.io/ron-english-light-cult-1001-2000/items/lccc-1380.html","https://opensea.io/item/ethereum/0xbe85fbd182af91290be7293438ae67549638189f/1380","OK",""
"1381","1381","Light Cult Crypto Club #1381","RE-003191","1301-1400","D:\github\ron-english-nfts\light-cult-crypto-club\images\LCCC-1381.png","6206","images/1301-1400/LCCC-1381.png","LCCC-1381.png","D:\github\ron-english-light-cult-1001-2000\images\1301-1400\LCCC-1381.png","items/lccc-1381.html","https://ronenglish-archive.github.io/ron-english-light-cult-1001-2000/items/lccc-1381.html","https://opensea.io/item/ethereum/0xbe85fbd182af91290be7293438ae67549638189f/1381","OK",""
"1382","1382","Light Cult Crypto Club #1382","RE-003192","1301-1400","D:\github\ron-english-nfts\light-cult-crypto-club\images\LCCC-1382.png","19922","images/1301-1400/LCCC-1382.png","LCCC-1382.png","D:\github\ron-english-light-cult-1001-2000\images\1301-1400\LCCC-1382.png","items/lccc-1382.html","https://ronenglish-archive.github.io/ron-english-light-cult-1001-2000/items/lccc-1382.html","https://opensea.io/item/ethereum/0xbe85fbd182af91290be7293438ae67549638189f/1382","OK",""
"1383","1383","Light Cult Crypto Club #1383","RE-003193","1301-1400","D:\github\ron-english-nfts\light-cult-crypto-club\images\LCCC-1383.png","28315","images/1301-1400/LCCC-1383.png","LCCC-1383.png","D:\github\ron-english-light-cult-1001-2000\images\1301-1400\LCCC-1383.png","items/lccc-1383.html","https://ronenglish-archive.github.io/ron-english-light-cult-1001-2000/items/lccc-1383.html","https://opensea.io/item/ethereum/0xbe85fbd182af91290be7293438ae67549638189f/1383","OK",""
"1384","1384","Light Cult Crypto Club #1384","RE-003194","1301-1400","D:\github\ron-english-nfts\light-cult-crypto-club\images\LCCC-1384.png","26305","images/1301-1400/LCCC-1384.png","LCCC-1384.png","D:\github\ron-english-light-cult-1001-2000\images\1301-1400\LCCC-1384.png","items/lccc-1384.html","https://ronenglish-archive.github.io/ron-english-light-cult-1001-2000/items/lccc-1384.html","https://opensea.io/item/ethereum/0xbe85fbd182af91290be7293438ae67549638189f/1384","OK",""
"1385","1385","Light Cult Crypto Club #1385","RE-003195","1301-1400","D:\github\ron-english-nfts\light-cult-crypto-club\images\LCCC-1385.png","11762","images/1301-1400/LCCC-1385.png","LCCC-1385.png","D:\github\ron-english-light-cult-1001-2000\images\1301-1400\LCCC-1385.png","items/lccc-1385.html","https://ronenglish-archive.github.io/ron-english-light-cult-1001-2000/items/lccc-1385.html","https://opensea.io/item/ethereum/0xbe85fbd182af91290be7293438ae67549638189f/1385","OK",""
"1386","1386","Light Cult Crypto Club #1386","RE-003196","1301-1400","D:\github\ron-english-nfts\light-cult-crypto-club\images\LCCC-1386.png","15998","images/1301-1400/LCCC-1386.png","LCCC-1386.png","D:\github\ron-english-light-cult-1001-2000\images\1301-1400\LCCC-1386.png","items/lccc-1386.html","https://ronenglish-archive.github.io/ron-english-light-cult-1001-2000/items/lccc-1386.html","https://opensea.io/item/ethereum/0xbe85fbd182af91290be7293438ae67549638189f/1386","OK",""
"1387","1387","Light Cult Crypto Club #1387","RE-003197","1301-1400","D:\github\ron-english-nfts\light-cult-crypto-club\images\LCCC-1387.png","24238","images/1301-1400/LCCC-1387.png","LCCC-1387.png","D:\github\ron-english-light-cult-1001-2000\images\1301-1400\LCCC-1387.png","items/lccc-1387.html","https://ronenglish-archive.github.io/ron-english-light-cult-1001-2000/items/lccc-1387.html","https://opensea.io/item/ethereum/0xbe85fbd182af91290be7293438ae67549638189f/1387","OK",""
"1388","1388","Light Cult Crypto Club #1388","RE-003198","1301-1400","D:\github\ron-english-nfts\light-cult-crypto-club\images\LCCC-1388.png","19866","images/1301-1400/LCCC-1388.png","LCCC-1388.png","D:\github\ron-english-light-cult-1001-2000\images\1301-1400\LCCC-1388.png","items/lccc-1388.html","https://ronenglish-archive.github.io/ron-english-light-cult-1001-2000/items/lccc-1388.html","https://opensea.io/item/ethereum/0xbe85fbd182af91290be7293438ae67549638189f/1388","OK",""
"1389","1389","Light Cult Crypto Club #1389","RE-003199","1301-1400","","","","","","items/lccc-1389.html","https://ronenglish-archive.github.io/ron-english-light-cult-1001-2000/items/lccc-1389.html","https://opensea.io/item/ethereum/0xbe85fbd182af91290be7293438ae67549638189f/1389","MISSING SOURCE IMAGE","No source image found for token #1389"
"1390","1390","Light Cult Crypto Club #1390","RE-003200","1301-1400","D:\github\ron-english-nfts\light-cult-crypto-club\images\LCCC-1390.png","8777","images/1301-1400/LCCC-1390.png","LCCC-1390.png","D:\github\ron-english-light-cult-1001-2000\images\1301-1400\LCCC-1390.png","items/lccc-1390.html","https://ronenglish-archive.github.io/ron-english-light-cult-1001-2000/items/lccc-1390.html","https://opensea.io/item/ethereum/0xbe85fbd182af91290be7293438ae67549638189f/1390","OK",""
"1391","1391","Light Cult Crypto Club #1391","RE-003201","1301-1400","D:\github\ron-english-nfts\light-cult-crypto-club\images\LCCC-1391.png","45265","images/1301-1400/LCCC-1391.png","LCCC-1391.png","D:\github\ron-english-light-cult-1001-2000\images\1301-1400\LCCC-1391.png","items/lccc-1391.html","https://ronenglish-archive.github.io/ron-english-light-cult-1001-2000/items/lccc-1391.html","https://opensea.io/item/ethereum/0xbe85fbd182af91290be7293438ae67549638189f/1391","OK",""
"1392","1392","Light Cult Crypto Club #1392","RE-003202","1301-1400","D:\github\ron-english-nfts\light-cult-crypto-club\images\LCCC-1392.png","11561","images/1301-1400/LCCC-1392.png","LCCC-1392.png","D:\github\ron-english-light-cult-1001-2000\images\1301-1400\LCCC-1392.png","items/lccc-1392.html","https://ronenglish-archive.github.io/ron-english-light-cult-1001-2000/items/lccc-1392.html","https://opensea.io/item/ethereum/0xbe85fbd182af91290be7293438ae67549638189f/1392","OK",""
"1393","1393","Light Cult Crypto Club #1393","RE-003203","1301-1400","D:\github\ron-english-nfts\light-cult-crypto-club\images\LCCC-1393.png","25733","images/1301-1400/LCCC-1393.png","LCCC-1393.png","D:\github\ron-english-light-cult-1001-2000\images\1301-1400\LCCC-1393.png","items/lccc-1393.html","https://ronenglish-archive.github.io/ron-english-light-cult-1001-2000/items/lccc-1393.html","https://opensea.io/item/ethereum/0xbe85fbd182af91290be7293438ae67549638189f/1393","OK",""
"1394","1394","Light Cult Crypto Club #1394","RE-003204","1301-1400","D:\github\ron-english-nfts\light-cult-crypto-club\images\LCCC-1394.png","10992","images/1301-1400/LCCC-1394.png","LCCC-1394.png","D:\github\ron-english-light-cult-1001-2000\images\1301-1400\LCCC-1394.png","items/lccc-1394.html","https://ronenglish-archive.github.io/ron-english-light-cult-1001-2000/items/lccc-1394.html","https://opensea.io/item/ethereum/0xbe85fbd182af91290be7293438ae67549638189f/1394","OK",""
"1395","1395","Light Cult Crypto Club #1395","RE-003205","1301-1400","D:\github\ron-english-nfts\light-cult-crypto-club\images\LCCC-1395.png","9201","images/1301-1400/LCCC-1395.png","LCCC-1395.png","D:\github\ron-english-light-cult-1001-2000\images\1301-1400\LCCC-1395.png","items/lccc-1395.html","https://ronenglish-archive.github.io/ron-english-light-cult-1001-2000/items/lccc-1395.html","https://opensea.io/item/ethereum/0xbe85fbd182af91290be7293438ae67549638189f/1395","OK",""
"1396","1396","Light Cult Crypto Club #1396","RE-003206","1301-1400","D:\github\ron-english-nfts\light-cult-crypto-club\images\LCCC-1396.png","6968","images/1301-1400/LCCC-1396.png","LCCC-1396.png","D:\github\ron-english-light-cult-1001-2000\images\1301-1400\LCCC-1396.png","items/lccc-1396.html","https://ronenglish-archive.github.io/ron-english-light-cult-1001-2000/items/lccc-1396.html","https://opensea.io/item/ethereum/0xbe85fbd182af91290be7293438ae67549638189f/1396","OK",""
"1397","1397","Light Cult Crypto Club #1397","RE-003207","1301-1400","D:\github\ron-english-nfts\light-cult-crypto-club\images\LCCC-1397.png","19083","images/1301-1400/LCCC-1397.png","LCCC-1397.png","D:\github\ron-english-light-cult-1001-2000\images\1301-1400\LCCC-1397.png","items/lccc-1397.html","https://ronenglish-archive.github.io/ron-english-light-cult-1001-2000/items/lccc-1397.html","https://opensea.io/item/ethereum/0xbe85fbd182af91290be7293438ae67549638189f/1397","OK",""
"1398","1398","Light Cult Crypto Club #1398","RE-003208","1301-1400","","","","","","items/lccc-1398.html","https://ronenglish-archive.github.io/ron-english-light-cult-1001-2000/items/lccc-1398.html","https://opensea.io/item/ethereum/0xbe85fbd182af91290be7293438ae67549638189f/1398","MISSING SOURCE IMAGE","No source image found for token #1398"
"1399","1399","Light Cult Crypto Club #1399","RE-003209","1301-1400","D:\github\ron-english-nfts\light-cult-crypto-club\images\LCCC-1399.png","26753","images/1301-1400/LCCC-1399.png","LCCC-1399.png","D:\github\ron-english-light-cult-1001-2000\images\1301-1400\LCCC-1399.png","items/lccc-1399.html","https://ronenglish-archive.github.io/ron-english-light-cult-1001-2000/items/lccc-1399.html","https://opensea.io/item/ethereum/0xbe85fbd182af91290be7293438ae67549638189f/1399","OK",""
"1400","1400","Light Cult Crypto Club #1400","RE-003210","1301-1400","D:\github\ron-english-nfts\light-cult-crypto-club\images\LCCC-1400.png","24977","images/1301-1400/LCCC-1400.png","LCCC-1400.png","D:\github\ron-english-light-cult-1001-2000\images\1301-1400\LCCC-1400.png","items/lccc-1400.html","https://ronenglish-archive.github.io/ron-english-light-cult-1001-2000/items/lccc-1400.html","https://opensea.io/item/ethereum/0xbe85fbd182af91290be7293438ae67549638189f/1400","OK",""
"1401","1401","Light Cult Crypto Club #1401","RE-003211","1401-1500","D:\github\ron-english-nfts\light-cult-crypto-club\images\LCCC-1401.png","11863","images/1401-1500/LCCC-1401.png","LCCC-1401.png","D:\github\ron-english-light-cult-1001-2000\images\1401-1500\LCCC-1401.png","items/lccc-1401.html","https://ronenglish-archive.github.io/ron-english-light-cult-1001-2000/items/lccc-1401.html","https://opensea.io/item/ethereum/0xbe85fbd182af91290be7293438ae67549638189f/1401","OK",""
"1402","1402","Light Cult Crypto Club #1402","RE-003212","1401-1500","D:\github\ron-english-nfts\light-cult-crypto-club\images\LCCC-1402.png","15355","images/1401-1500/LCCC-1402.png","LCCC-1402.png","D:\github\ron-english-light-cult-1001-2000\images\1401-1500\LCCC-1402.png","items/lccc-1402.html","https://ronenglish-archive.github.io/ron-english-light-cult-1001-2000/items/lccc-1402.html","https://opensea.io/item/ethereum/0xbe85fbd182af91290be7293438ae67549638189f/1402","OK",""
"1403","1403","Light Cult Crypto Club #1403","RE-003213","1401-1500","D:\github\ron-english-nfts\light-cult-crypto-club\images\LCCC-1403.png","23118","images/1401-1500/LCCC-1403.png","LCCC-1403.png","D:\github\ron-english-light-cult-1001-2000\images\1401-1500\LCCC-1403.png","items/lccc-1403.html","https://ronenglish-archive.github.io/ron-english-light-cult-1001-2000/items/lccc-1403.html","https://opensea.io/item/ethereum/0xbe85fbd182af91290be7293438ae67549638189f/1403","OK",""
"1404","1404","Light Cult Crypto Club #1404","RE-003214","1401-1500","","","","","","items/lccc-1404.html","https://ronenglish-archive.github.io/ron-english-light-cult-1001-2000/items/lccc-1404.html","https://opensea.io/item/ethereum/0xbe85fbd182af91290be7293438ae67549638189f/1404","MISSING SOURCE IMAGE","No source image found for token #1404"
"1405","1405","Light Cult Crypto Club #1405","RE-003215","1401-1500","","","","","","items/lccc-1405.html","https://ronenglish-archive.github.io/ron-english-light-cult-1001-2000/items/lccc-1405.html","https://opensea.io/item/ethereum/0xbe85fbd182af91290be7293438ae67549638189f/1405","MISSING SOURCE IMAGE","No source image found for token #1405"
"1406","1406","Light Cult Crypto Club #1406","RE-003216","1401-1500","D:\github\ron-english-nfts\light-cult-crypto-club\images\LCCC-1406.png","37932","images/1401-1500/LCCC-1406.png","LCCC-1406.png","D:\github\ron-english-light-cult-1001-2000\images\1401-1500\LCCC-1406.png","items/lccc-1406.html","https://ronenglish-archive.github.io/ron-english-light-cult-1001-2000/items/lccc-1406.html","https://opensea.io/item/ethereum/0xbe85fbd182af91290be7293438ae67549638189f/1406","OK",""
"1407","1407","Light Cult Crypto Club #1407","RE-003217","1401-1500","D:\github\ron-english-nfts\light-cult-crypto-club\images\LCCC-1407.png","19936","images/1401-1500/LCCC-1407.png","LCCC-1407.png","D:\github\ron-english-light-cult-1001-2000\images\1401-1500\LCCC-1407.png","items/lccc-1407.html","https://ronenglish-archive.github.io/ron-english-light-cult-1001-2000/items/lccc-1407.html","https://opensea.io/item/ethereum/0xbe85fbd182af91290be7293438ae67549638189f/1407","OK",""
"1408","1408","Light Cult Crypto Club #1408","RE-003218","1401-1500","D:\github\ron-english-nfts\light-cult-crypto-club\images\LCCC-1408.png","27962","images/1401-1500/LCCC-1408.png","LCCC-1408.png","D:\github\ron-english-light-cult-1001-2000\images\1401-1500\LCCC-1408.png","items/lccc-1408.html","https://ronenglish-archive.github.io/ron-english-light-cult-1001-2000/items/lccc-1408.html","https://opensea.io/item/ethereum/0xbe85fbd182af91290be7293438ae67549638189f/1408","OK",""
"1409","1409","Light Cult Crypto Club #1409","RE-003219","1401-1500","D:\github\ron-english-nfts\light-cult-crypto-club\images\LCCC-1409.png","8750","images/1401-1500/LCCC-1409.png","LCCC-1409.png","D:\github\ron-english-light-cult-1001-2000\images\1401-1500\LCCC-1409.png","items/lccc-1409.html","https://ronenglish-archive.github.io/ron-english-light-cult-1001-2000/items/lccc-1409.html","https://opensea.io/item/ethereum/0xbe85fbd182af91290be7293438ae67549638189f/1409","OK",""
"1410","1410","Light Cult Crypto Club #1410","RE-003220","1401-1500","D:\github\ron-english-nfts\light-cult-crypto-club\images\LCCC-1410.png","25274","images/1401-1500/LCCC-1410.png","LCCC-1410.png","D:\github\ron-english-light-cult-1001-2000\images\1401-1500\LCCC-1410.png","items/lccc-1410.html","https://ronenglish-archive.github.io/ron-english-light-cult-1001-2000/items/lccc-1410.html","https://opensea.io/item/ethereum/0xbe85fbd182af91290be7293438ae67549638189f/1410","OK",""
"1411","1411","Light Cult Crypto Club #1411","RE-003221","1401-1500","","","","","","items/lccc-1411.html","https://ronenglish-archive.github.io/ron-english-light-cult-1001-2000/items/lccc-1411.html","https://opensea.io/item/ethereum/0xbe85fbd182af91290be7293438ae67549638189f/1411","MISSING SOURCE IMAGE","No source image found for token #1411"
"1412","1412","Light Cult Crypto Club #1412","RE-003222","1401-1500","","","","","","items/lccc-1412.html","https://ronenglish-archive.github.io/ron-english-light-cult-1001-2000/items/lccc-1412.html","https://opensea.io/item/ethereum/0xbe85fbd182af91290be7293438ae67549638189f/1412","MISSING SOURCE IMAGE","No source image found for token #1412"
"1413","1413","Light Cult Crypto Club #1413","RE-003223","1401-1500","D:\github\ron-english-nfts\light-cult-crypto-club\images\LCCC-1413.png","27155","images/1401-1500/LCCC-1413.png","LCCC-1413.png","D:\github\ron-english-light-cult-1001-2000\images\1401-1500\LCCC-1413.png","items/lccc-1413.html","https://ronenglish-archive.github.io/ron-english-light-cult-1001-2000/items/lccc-1413.html","https://opensea.io/item/ethereum/0xbe85fbd182af91290be7293438ae67549638189f/1413","OK",""
"1414","1414","Light Cult Crypto Club #1414","RE-003224","1401-1500","D:\github\ron-english-nfts\light-cult-crypto-club\images\LCCC-1414.png","12019","images/1401-1500/LCCC-1414.png","LCCC-1414.png","D:\github\ron-english-light-cult-1001-2000\images\1401-1500\LCCC-1414.png","items/lccc-1414.html","https://ronenglish-archive.github.io/ron-english-light-cult-1001-2000/items/lccc-1414.html","https://opensea.io/item/ethereum/0xbe85fbd182af91290be7293438ae67549638189f/1414","OK",""
"1415","1415","Light Cult Crypto Club #1415","RE-003225","1401-1500","D:\github\ron-english-nfts\light-cult-crypto-club\images\LCCC-1415.png","30244","images/1401-1500/LCCC-1415.png","LCCC-1415.png","D:\github\ron-english-light-cult-1001-2000\images\1401-1500\LCCC-1415.png","items/lccc-1415.html","https://ronenglish-archive.github.io/ron-english-light-cult-1001-2000/items/lccc-1415.html","https://opensea.io/item/ethereum/0xbe85fbd182af91290be7293438ae67549638189f/1415","OK",""
"1416","1416","Light Cult Crypto Club #1416","RE-003226","1401-1500","D:\github\ron-english-nfts\light-cult-crypto-club\images\LCCC-1416.png","13045","images/1401-1500/LCCC-1416.png","LCCC-1416.png","D:\github\ron-english-light-cult-1001-2000\images\1401-1500\LCCC-1416.png","items/lccc-1416.html","https://ronenglish-archive.github.io/ron-english-light-cult-1001-2000/items/lccc-1416.html","https://opensea.io/item/ethereum/0xbe85fbd182af91290be7293438ae67549638189f/1416","OK",""
"1417","1417","Light Cult Crypto Club #1417","RE-003227","1401-1500","D:\github\ron-english-nfts\light-cult-crypto-club\images\LCCC-1417.png","16382","images/1401-1500/LCCC-1417.png","LCCC-1417.png","D:\github\ron-english-light-cult-1001-2000\images\1401-1500\LCCC-1417.png","items/lccc-1417.html","https://ronenglish-archive.github.io/ron-english-light-cult-1001-2000/items/lccc-1417.html","https://opensea.io/item/ethereum/0xbe85fbd182af91290be7293438ae67549638189f/1417","OK",""
"1418","1418","Light Cult Crypto Club #1418","RE-003228","1401-1500","D:\github\ron-english-nfts\light-cult-crypto-club\images\LCCC-1418.png","12256","images/1401-1500/LCCC-1418.png","LCCC-1418.png","D:\github\ron-english-light-cult-1001-2000\images\1401-1500\LCCC-1418.png","items/lccc-1418.html","https://ronenglish-archive.github.io/ron-english-light-cult-1001-2000/items/lccc-1418.html","https://opensea.io/item/ethereum/0xbe85fbd182af91290be7293438ae67549638189f/1418","OK",""
"1419","1419","Light Cult Crypto Club #1419","RE-003229","1401-1500","D:\github\ron-english-nfts\light-cult-crypto-club\images\LCCC-1419.png","16590","images/1401-1500/LCCC-1419.png","LCCC-1419.png","D:\github\ron-english-light-cult-1001-2000\images\1401-1500\LCCC-1419.png","items/lccc-1419.html","https://ronenglish-archive.github.io/ron-english-light-cult-1001-2000/items/lccc-1419.html","https://opensea.io/item/ethereum/0xbe85fbd182af91290be7293438ae67549638189f/1419","OK",""
"1420","1420","Light Cult Crypto Club #1420","RE-003230","1401-1500","D:\github\ron-english-nfts\light-cult-crypto-club\images\LCCC-1420.png","10904","images/1401-1500/LCCC-1420.png","LCCC-1420.png","D:\github\ron-english-light-cult-1001-2000\images\1401-1500\LCCC-1420.png","items/lccc-1420.html","https://ronenglish-archive.github.io/ron-english-light-cult-1001-2000/items/lccc-1420.html","https://opensea.io/item/ethereum/0xbe85fbd182af91290be7293438ae67549638189f/1420","OK",""
"1421","1421","Light Cult Crypto Club #1421","RE-003231","1401-1500","D:\github\ron-english-nfts\light-cult-crypto-club\images\LCCC-1421.png","9586","images/1401-1500/LCCC-1421.png","LCCC-1421.png","D:\github\ron-english-light-cult-1001-2000\images\1401-1500\LCCC-1421.png","items/lccc-1421.html","https://ronenglish-archive.github.io/ron-english-light-cult-1001-2000/items/lccc-1421.html","https://opensea.io/item/ethereum/0xbe85fbd182af91290be7293438ae67549638189f/1421","OK",""
"1422","1422","Light Cult Crypto Club #1422","RE-003232","1401-1500","D:\github\ron-english-nfts\light-cult-crypto-club\images\LCCC-1422.png","8946","images/1401-1500/LCCC-1422.png","LCCC-1422.png","D:\github\ron-english-light-cult-1001-2000\images\1401-1500\LCCC-1422.png","items/lccc-1422.html","https://ronenglish-archive.github.io/ron-english-light-cult-1001-2000/items/lccc-1422.html","https://opensea.io/item/ethereum/0xbe85fbd182af91290be7293438ae67549638189f/1422","OK",""
"1423","1423","Light Cult Crypto Club #1423","RE-003233","1401-1500","D:\github\ron-english-nfts\light-cult-crypto-club\images\LCCC-1423.png","6875","images/1401-1500/LCCC-1423.png","LCCC-1423.png","D:\github\ron-english-light-cult-1001-2000\images\1401-1500\LCCC-1423.png","items/lccc-1423.html","https://ronenglish-archive.github.io/ron-english-light-cult-1001-2000/items/lccc-1423.html","https://opensea.io/item/ethereum/0xbe85fbd182af91290be7293438ae67549638189f/1423","OK",""
"1424","1424","Light Cult Crypto Club #1424","RE-003234","1401-1500","","","","","","items/lccc-1424.html","https://ronenglish-archive.github.io/ron-english-light-cult-1001-2000/items/lccc-1424.html","https://opensea.io/item/ethereum/0xbe85fbd182af91290be7293438ae67549638189f/1424","MISSING SOURCE IMAGE","No source image found for token #1424"
"1425","1425","Light Cult Crypto Club #1425","RE-003235","1401-1500","","","","","","items/lccc-1425.html","https://ronenglish-archive.github.io/ron-english-light-cult-1001-2000/items/lccc-1425.html","https://opensea.io/item/ethereum/0xbe85fbd182af91290be7293438ae67549638189f/1425","MISSING SOURCE IMAGE","No source image found for token #1425"
"1426","1426","Light Cult Crypto Club #1426","RE-003236","1401-1500","","","","","","items/lccc-1426.html","https://ronenglish-archive.github.io/ron-english-light-cult-1001-2000/items/lccc-1426.html","https://opensea.io/item/ethereum/0xbe85fbd182af91290be7293438ae67549638189f/1426","MISSING SOURCE IMAGE","No source image found for token #1426"
"1427","1427","Light Cult Crypto Club #1427","RE-003237","1401-1500","D:\github\ron-english-nfts\light-cult-crypto-club\images\LCCC-1427.png","8486","images/1401-1500/LCCC-1427.png","LCCC-1427.png","D:\github\ron-english-light-cult-1001-2000\images\1401-1500\LCCC-1427.png","items/lccc-1427.html","https://ronenglish-archive.github.io/ron-english-light-cult-1001-2000/items/lccc-1427.html","https://opensea.io/item/ethereum/0xbe85fbd182af91290be7293438ae67549638189f/1427","OK",""
"1428","1428","Light Cult Crypto Club #1428","RE-003238","1401-1500","D:\github\ron-english-nfts\light-cult-crypto-club\images\LCCC-1428.png","17421","images/1401-1500/LCCC-1428.png","LCCC-1428.png","D:\github\ron-english-light-cult-1001-2000\images\1401-1500\LCCC-1428.png","items/lccc-1428.html","https://ronenglish-archive.github.io/ron-english-light-cult-1001-2000/items/lccc-1428.html","https://opensea.io/item/ethereum/0xbe85fbd182af91290be7293438ae67549638189f/1428","OK",""
"1429","1429","Light Cult Crypto Club #1429","RE-003239","1401-1500","D:\github\ron-english-nfts\light-cult-crypto-club\images\LCCC-1429.png","29928","images/1401-1500/LCCC-1429.png","LCCC-1429.png","D:\github\ron-english-light-cult-1001-2000\images\1401-1500\LCCC-1429.png","items/lccc-1429.html","https://ronenglish-archive.github.io/ron-english-light-cult-1001-2000/items/lccc-1429.html","https://opensea.io/item/ethereum/0xbe85fbd182af91290be7293438ae67549638189f/1429","OK",""
"1430","1430","Light Cult Crypto Club #1430","RE-003240","1401-1500","D:\github\ron-english-nfts\light-cult-crypto-club\images\LCCC-1430.png","19761","images/1401-1500/LCCC-1430.png","LCCC-1430.png","D:\github\ron-english-light-cult-1001-2000\images\1401-1500\LCCC-1430.png","items/lccc-1430.html","https://ronenglish-archive.github.io/ron-english-light-cult-1001-2000/items/lccc-1430.html","https://opensea.io/item/ethereum/0xbe85fbd182af91290be7293438ae67549638189f/1430","OK",""
"1431","1431","Light Cult Crypto Club #1431","RE-003241","1401-1500","","","","","","items/lccc-1431.html","https://ronenglish-archive.github.io/ron-english-light-cult-1001-2000/items/lccc-1431.html","https://opensea.io/item/ethereum/0xbe85fbd182af91290be7293438ae67549638189f/1431","MISSING SOURCE IMAGE","No source image found for token #1431"
"1432","1432","Light Cult Crypto Club #1432","RE-003242","1401-1500","D:\github\ron-english-nfts\light-cult-crypto-club\images\LCCC-1432.png","13262","images/1401-1500/LCCC-1432.png","LCCC-1432.png","D:\github\ron-english-light-cult-1001-2000\images\1401-1500\LCCC-1432.png","items/lccc-1432.html","https://ronenglish-archive.github.io/ron-english-light-cult-1001-2000/items/lccc-1432.html","https://opensea.io/item/ethereum/0xbe85fbd182af91290be7293438ae67549638189f/1432","OK",""
"1433","1433","Light Cult Crypto Club #1433","RE-003243","1401-1500","D:\github\ron-english-nfts\light-cult-crypto-club\images\LCCC-1433.png","33797","images/1401-1500/LCCC-1433.png","LCCC-1433.png","D:\github\ron-english-light-cult-1001-2000\images\1401-1500\LCCC-1433.png","items/lccc-1433.html","https://ronenglish-archive.github.io/ron-english-light-cult-1001-2000/items/lccc-1433.html","https://opensea.io/item/ethereum/0xbe85fbd182af91290be7293438ae67549638189f/1433","OK",""
"1434","1434","Light Cult Crypto Club #1434","RE-003244","1401-1500","D:\github\ron-english-nfts\light-cult-crypto-club\images\LCCC-1434.png","11133","images/1401-1500/LCCC-1434.png","LCCC-1434.png","D:\github\ron-english-light-cult-1001-2000\images\1401-1500\LCCC-1434.png","items/lccc-1434.html","https://ronenglish-archive.github.io/ron-english-light-cult-1001-2000/items/lccc-1434.html","https://opensea.io/item/ethereum/0xbe85fbd182af91290be7293438ae67549638189f/1434","OK",""
"1435","1435","Light Cult Crypto Club #1435","RE-003245","1401-1500","D:\github\ron-english-nfts\light-cult-crypto-club\images\LCCC-1435.png","21477","images/1401-1500/LCCC-1435.png","LCCC-1435.png","D:\github\ron-english-light-cult-1001-2000\images\1401-1500\LCCC-1435.png","items/lccc-1435.html","https://ronenglish-archive.github.io/ron-english-light-cult-1001-2000/items/lccc-1435.html","https://opensea.io/item/ethereum/0xbe85fbd182af91290be7293438ae67549638189f/1435","OK",""
"1436","1436","Light Cult Crypto Club #1436","RE-003246","1401-1500","D:\github\ron-english-nfts\light-cult-crypto-club\images\LCCC-1436.png","9300","images/1401-1500/LCCC-1436.png","LCCC-1436.png","D:\github\ron-english-light-cult-1001-2000\images\1401-1500\LCCC-1436.png","items/lccc-1436.html","https://ronenglish-archive.github.io/ron-english-light-cult-1001-2000/items/lccc-1436.html","https://opensea.io/item/ethereum/0xbe85fbd182af91290be7293438ae67549638189f/1436","OK",""
"1437","1437","Light Cult Crypto Club #1437","RE-003247","1401-1500","D:\github\ron-english-nfts\light-cult-crypto-club\images\LCCC-1437.png","27744","images/1401-1500/LCCC-1437.png","LCCC-1437.png","D:\github\ron-english-light-cult-1001-2000\images\1401-1500\LCCC-1437.png","items/lccc-1437.html","https://ronenglish-archive.github.io/ron-english-light-cult-1001-2000/items/lccc-1437.html","https://opensea.io/item/ethereum/0xbe85fbd182af91290be7293438ae67549638189f/1437","OK",""
"1438","1438","Light Cult Crypto Club #1438","RE-003248","1401-1500","D:\github\ron-english-nfts\light-cult-crypto-club\images\LCCC-1438.png","12434","images/1401-1500/LCCC-1438.png","LCCC-1438.png","D:\github\ron-english-light-cult-1001-2000\images\1401-1500\LCCC-1438.png","items/lccc-1438.html","https://ronenglish-archive.github.io/ron-english-light-cult-1001-2000/items/lccc-1438.html","https://opensea.io/item/ethereum/0xbe85fbd182af91290be7293438ae67549638189f/1438","OK",""
"1439","1439","Light Cult Crypto Club #1439","RE-003249","1401-1500","D:\github\ron-english-nfts\light-cult-crypto-club\images\LCCC-1439.png","30776","images/1401-1500/LCCC-1439.png","LCCC-1439.png","D:\github\ron-english-light-cult-1001-2000\images\1401-1500\LCCC-1439.png","items/lccc-1439.html","https://ronenglish-archive.github.io/ron-english-light-cult-1001-2000/items/lccc-1439.html","https://opensea.io/item/ethereum/0xbe85fbd182af91290be7293438ae67549638189f/1439","OK",""
"1440","1440","Light Cult Crypto Club #1440","RE-003250","1401-1500","","","","","","items/lccc-1440.html","https://ronenglish-archive.github.io/ron-english-light-cult-1001-2000/items/lccc-1440.html","https://opensea.io/item/ethereum/0xbe85fbd182af91290be7293438ae67549638189f/1440","MISSING SOURCE IMAGE","No source image found for token #1440"
"1441","1441","Light Cult Crypto Club #1441","RE-003251","1401-1500","D:\github\ron-english-nfts\light-cult-crypto-club\images\LCCC-1441.png","24481","images/1401-1500/LCCC-1441.png","LCCC-1441.png","D:\github\ron-english-light-cult-1001-2000\images\1401-1500\LCCC-1441.png","items/lccc-1441.html","https://ronenglish-archive.github.io/ron-english-light-cult-1001-2000/items/lccc-1441.html","https://opensea.io/item/ethereum/0xbe85fbd182af91290be7293438ae67549638189f/1441","OK",""
"1442","1442","Light Cult Crypto Club #1442","RE-003252","1401-1500","D:\github\ron-english-nfts\light-cult-crypto-club\images\LCCC-1442.png","25380","images/1401-1500/LCCC-1442.png","LCCC-1442.png","D:\github\ron-english-light-cult-1001-2000\images\1401-1500\LCCC-1442.png","items/lccc-1442.html","https://ronenglish-archive.github.io/ron-english-light-cult-1001-2000/items/lccc-1442.html","https://opensea.io/item/ethereum/0xbe85fbd182af91290be7293438ae67549638189f/1442","OK",""
"1443","1443","Light Cult Crypto Club #1443","RE-003253","1401-1500","","","","","","items/lccc-1443.html","https://ronenglish-archive.github.io/ron-english-light-cult-1001-2000/items/lccc-1443.html","https://opensea.io/item/ethereum/0xbe85fbd182af91290be7293438ae67549638189f/1443","MISSING SOURCE IMAGE","No source image found for token #1443"
"1444","1444","Light Cult Crypto Club #1444","RE-003254","1401-1500","D:\github\ron-english-nfts\light-cult-crypto-club\images\LCCC-1444.png","25833","images/1401-1500/LCCC-1444.png","LCCC-1444.png","D:\github\ron-english-light-cult-1001-2000\images\1401-1500\LCCC-1444.png","items/lccc-1444.html","https://ronenglish-archive.github.io/ron-english-light-cult-1001-2000/items/lccc-1444.html","https://opensea.io/item/ethereum/0xbe85fbd182af91290be7293438ae67549638189f/1444","OK",""
"1445","1445","Light Cult Crypto Club #1445","RE-003255","1401-1500","D:\github\ron-english-nfts\light-cult-crypto-club\images\LCCC-1445.png","6589","images/1401-1500/LCCC-1445.png","LCCC-1445.png","D:\github\ron-english-light-cult-1001-2000\images\1401-1500\LCCC-1445.png","items/lccc-1445.html","https://ronenglish-archive.github.io/ron-english-light-cult-1001-2000/items/lccc-1445.html","https://opensea.io/item/ethereum/0xbe85fbd182af91290be7293438ae67549638189f/1445","OK",""
"1446","1446","Light Cult Crypto Club #1446","RE-003256","1401-1500","D:\github\ron-english-nfts\light-cult-crypto-club\images\LCCC-1446.png","24786","images/1401-1500/LCCC-1446.png","LCCC-1446.png","D:\github\ron-english-light-cult-1001-2000\images\1401-1500\LCCC-1446.png","items/lccc-1446.html","https://ronenglish-archive.github.io/ron-english-light-cult-1001-2000/items/lccc-1446.html","https://opensea.io/item/ethereum/0xbe85fbd182af91290be7293438ae67549638189f/1446","OK",""
"1447","1447","Light Cult Crypto Club #1447","RE-003257","1401-1500","D:\github\ron-english-nfts\light-cult-crypto-club\images\LCCC-1447.png","30236","images/1401-1500/LCCC-1447.png","LCCC-1447.png","D:\github\ron-english-light-cult-1001-2000\images\1401-1500\LCCC-1447.png","items/lccc-1447.html","https://ronenglish-archive.github.io/ron-english-light-cult-1001-2000/items/lccc-1447.html","https://opensea.io/item/ethereum/0xbe85fbd182af91290be7293438ae67549638189f/1447","OK",""
"1448","1448","Light Cult Crypto Club #1448","RE-003258","1401-1500","D:\github\ron-english-nfts\light-cult-crypto-club\images\LCCC-1448.png","24133","images/1401-1500/LCCC-1448.png","LCCC-1448.png","D:\github\ron-english-light-cult-1001-2000\images\1401-1500\LCCC-1448.png","items/lccc-1448.html","https://ronenglish-archive.github.io/ron-english-light-cult-1001-2000/items/lccc-1448.html","https://opensea.io/item/ethereum/0xbe85fbd182af91290be7293438ae67549638189f/1448","OK",""
"1449","1449","Light Cult Crypto Club #1449","RE-003259","1401-1500","D:\github\ron-english-nfts\light-cult-crypto-club\images\LCCC-1449.png","17990","images/1401-1500/LCCC-1449.png","LCCC-1449.png","D:\github\ron-english-light-cult-1001-2000\images\1401-1500\LCCC-1449.png","items/lccc-1449.html","https://ronenglish-archive.github.io/ron-english-light-cult-1001-2000/items/lccc-1449.html","https://opensea.io/item/ethereum/0xbe85fbd182af91290be7293438ae67549638189f/1449","OK",""
"1450","1450","Light Cult Crypto Club #1450","RE-003260","1401-1500","D:\github\ron-english-nfts\light-cult-crypto-club\images\LCCC-1450.png","49085","images/1401-1500/LCCC-1450.png","LCCC-1450.png","D:\github\ron-english-light-cult-1001-2000\images\1401-1500\LCCC-1450.png","items/lccc-1450.html","https://ronenglish-archive.github.io/ron-english-light-cult-1001-2000/items/lccc-1450.html","https://opensea.io/item/ethereum/0xbe85fbd182af91290be7293438ae67549638189f/1450","OK",""
"1451","1451","Light Cult Crypto Club #1451","RE-003261","1401-1500","D:\github\ron-english-nfts\light-cult-crypto-club\images\LCCC-1451.png","10230","images/1401-1500/LCCC-1451.png","LCCC-1451.png","D:\github\ron-english-light-cult-1001-2000\images\1401-1500\LCCC-1451.png","items/lccc-1451.html","https://ronenglish-archive.github.io/ron-english-light-cult-1001-2000/items/lccc-1451.html","https://opensea.io/item/ethereum/0xbe85fbd182af91290be7293438ae67549638189f/1451","OK",""
"1452","1452","Light Cult Crypto Club #1452","RE-003262","1401-1500","D:\github\ron-english-nfts\light-cult-crypto-club\images\LCCC-1452.png","14505","images/1401-1500/LCCC-1452.png","LCCC-1452.png","D:\github\ron-english-light-cult-1001-2000\images\1401-1500\LCCC-1452.png","items/lccc-1452.html","https://ronenglish-archive.github.io/ron-english-light-cult-1001-2000/items/lccc-1452.html","https://opensea.io/item/ethereum/0xbe85fbd182af91290be7293438ae67549638189f/1452","OK",""
"1453","1453","Light Cult Crypto Club #1453","RE-003263","1401-1500","D:\github\ron-english-nfts\light-cult-crypto-club\images\LCCC-1453.png","19837","images/1401-1500/LCCC-1453.png","LCCC-1453.png","D:\github\ron-english-light-cult-1001-2000\images\1401-1500\LCCC-1453.png","items/lccc-1453.html","https://ronenglish-archive.github.io/ron-english-light-cult-1001-2000/items/lccc-1453.html","https://opensea.io/item/ethereum/0xbe85fbd182af91290be7293438ae67549638189f/1453","OK",""
"1454","1454","Light Cult Crypto Club #1454","RE-003264","1401-1500","D:\github\ron-english-nfts\light-cult-crypto-club\images\LCCC-1454.png","28395","images/1401-1500/LCCC-1454.png","LCCC-1454.png","D:\github\ron-english-light-cult-1001-2000\images\1401-1500\LCCC-1454.png","items/lccc-1454.html","https://ronenglish-archive.github.io/ron-english-light-cult-1001-2000/items/lccc-1454.html","https://opensea.io/item/ethereum/0xbe85fbd182af91290be7293438ae67549638189f/1454","OK",""
"1455","1455","Light Cult Crypto Club #1455","RE-003265","1401-1500","D:\github\ron-english-nfts\light-cult-crypto-club\images\LCCC-1455.png","13943","images/1401-1500/LCCC-1455.png","LCCC-1455.png","D:\github\ron-english-light-cult-1001-2000\images\1401-1500\LCCC-1455.png","items/lccc-1455.html","https://ronenglish-archive.github.io/ron-english-light-cult-1001-2000/items/lccc-1455.html","https://opensea.io/item/ethereum/0xbe85fbd182af91290be7293438ae67549638189f/1455","OK",""
"1456","1456","Light Cult Crypto Club #1456","RE-003266","1401-1500","D:\github\ron-english-nfts\light-cult-crypto-club\images\LCCC-1456.png","15257","images/1401-1500/LCCC-1456.png","LCCC-1456.png","D:\github\ron-english-light-cult-1001-2000\images\1401-1500\LCCC-1456.png","items/lccc-1456.html","https://ronenglish-archive.github.io/ron-english-light-cult-1001-2000/items/lccc-1456.html","https://opensea.io/item/ethereum/0xbe85fbd182af91290be7293438ae67549638189f/1456","OK",""
"1457","1457","Light Cult Crypto Club #1457","RE-003267","1401-1500","D:\github\ron-english-nfts\light-cult-crypto-club\images\LCCC-1457.png","21419","images/1401-1500/LCCC-1457.png","LCCC-1457.png","D:\github\ron-english-light-cult-1001-2000\images\1401-1500\LCCC-1457.png","items/lccc-1457.html","https://ronenglish-archive.github.io/ron-english-light-cult-1001-2000/items/lccc-1457.html","https://opensea.io/item/ethereum/0xbe85fbd182af91290be7293438ae67549638189f/1457","OK",""
"1458","1458","Light Cult Crypto Club #1458","RE-003268","1401-1500","D:\github\ron-english-nfts\light-cult-crypto-club\images\LCCC-1458.png","13271","images/1401-1500/LCCC-1458.png","LCCC-1458.png","D:\github\ron-english-light-cult-1001-2000\images\1401-1500\LCCC-1458.png","items/lccc-1458.html","https://ronenglish-archive.github.io/ron-english-light-cult-1001-2000/items/lccc-1458.html","https://opensea.io/item/ethereum/0xbe85fbd182af91290be7293438ae67549638189f/1458","OK",""
"1459","1459","Light Cult Crypto Club #1459","RE-003269","1401-1500","D:\github\ron-english-nfts\light-cult-crypto-club\images\LCCC-1459.png","15266","images/1401-1500/LCCC-1459.png","LCCC-1459.png","D:\github\ron-english-light-cult-1001-2000\images\1401-1500\LCCC-1459.png","items/lccc-1459.html","https://ronenglish-archive.github.io/ron-english-light-cult-1001-2000/items/lccc-1459.html","https://opensea.io/item/ethereum/0xbe85fbd182af91290be7293438ae67549638189f/1459","OK",""
"1460","1460","Light Cult Crypto Club #1460","RE-003270","1401-1500","D:\github\ron-english-nfts\light-cult-crypto-club\images\LCCC-1460.png","10430","images/1401-1500/LCCC-1460.png","LCCC-1460.png","D:\github\ron-english-light-cult-1001-2000\images\1401-1500\LCCC-1460.png","items/lccc-1460.html","https://ronenglish-archive.github.io/ron-english-light-cult-1001-2000/items/lccc-1460.html","https://opensea.io/item/ethereum/0xbe85fbd182af91290be7293438ae67549638189f/1460","OK",""
"1461","1461","Light Cult Crypto Club #1461","RE-003271","1401-1500","D:\github\ron-english-nfts\light-cult-crypto-club\images\LCCC-1461.png","13913","images/1401-1500/LCCC-1461.png","LCCC-1461.png","D:\github\ron-english-light-cult-1001-2000\images\1401-1500\LCCC-1461.png","items/lccc-1461.html","https://ronenglish-archive.github.io/ron-english-light-cult-1001-2000/items/lccc-1461.html","https://opensea.io/item/ethereum/0xbe85fbd182af91290be7293438ae67549638189f/1461","OK",""
"1462","1462","Light Cult Crypto Club #1462","RE-003272","1401-1500","D:\github\ron-english-nfts\light-cult-crypto-club\images\LCCC-1462.png","25950","images/1401-1500/LCCC-1462.png","LCCC-1462.png","D:\github\ron-english-light-cult-1001-2000\images\1401-1500\LCCC-1462.png","items/lccc-1462.html","https://ronenglish-archive.github.io/ron-english-light-cult-1001-2000/items/lccc-1462.html","https://opensea.io/item/ethereum/0xbe85fbd182af91290be7293438ae67549638189f/1462","OK",""
"1463","1463","Light Cult Crypto Club #1463","RE-003273","1401-1500","D:\github\ron-english-nfts\light-cult-crypto-club\images\LCCC-1463.png","17251","images/1401-1500/LCCC-1463.png","LCCC-1463.png","D:\github\ron-english-light-cult-1001-2000\images\1401-1500\LCCC-1463.png","items/lccc-1463.html","https://ronenglish-archive.github.io/ron-english-light-cult-1001-2000/items/lccc-1463.html","https://opensea.io/item/ethereum/0xbe85fbd182af91290be7293438ae67549638189f/1463","OK",""
"1464","1464","Light Cult Crypto Club #1464","RE-003274","1401-1500","D:\github\ron-english-nfts\light-cult-crypto-club\images\LCCC-1464.png","6971","images/1401-1500/LCCC-1464.png","LCCC-1464.png","D:\github\ron-english-light-cult-1001-2000\images\1401-1500\LCCC-1464.png","items/lccc-1464.html","https://ronenglish-archive.github.io/ron-english-light-cult-1001-2000/items/lccc-1464.html","https://opensea.io/item/ethereum/0xbe85fbd182af91290be7293438ae67549638189f/1464","OK",""
"1465","1465","Light Cult Crypto Club #1465","RE-003275","1401-1500","","","","","","items/lccc-1465.html","https://ronenglish-archive.github.io/ron-english-light-cult-1001-2000/items/lccc-1465.html","https://opensea.io/item/ethereum/0xbe85fbd182af91290be7293438ae67549638189f/1465","MISSING SOURCE IMAGE","No source image found for token #1465"
"1466","1466","Light Cult Crypto Club #1466","RE-003276","1401-1500","D:\github\ron-english-nfts\light-cult-crypto-club\images\LCCC-1466.png","5633","images/1401-1500/LCCC-1466.png","LCCC-1466.png","D:\github\ron-english-light-cult-1001-2000\images\1401-1500\LCCC-1466.png","items/lccc-1466.html","https://ronenglish-archive.github.io/ron-english-light-cult-1001-2000/items/lccc-1466.html","https://opensea.io/item/ethereum/0xbe85fbd182af91290be7293438ae67549638189f/1466","OK",""
"1467","1467","Light Cult Crypto Club #1467","RE-003277","1401-1500","D:\github\ron-english-nfts\light-cult-crypto-club\images\LCCC-1467.png","10724","images/1401-1500/LCCC-1467.png","LCCC-1467.png","D:\github\ron-english-light-cult-1001-2000\images\1401-1500\LCCC-1467.png","items/lccc-1467.html","https://ronenglish-archive.github.io/ron-english-light-cult-1001-2000/items/lccc-1467.html","https://opensea.io/item/ethereum/0xbe85fbd182af91290be7293438ae67549638189f/1467","OK",""
"1468","1468","Light Cult Crypto Club #1468","RE-003278","1401-1500","D:\github\ron-english-nfts\light-cult-crypto-club\images\LCCC-1468.png","8627","images/1401-1500/LCCC-1468.png","LCCC-1468.png","D:\github\ron-english-light-cult-1001-2000\images\1401-1500\LCCC-1468.png","items/lccc-1468.html","https://ronenglish-archive.github.io/ron-english-light-cult-1001-2000/items/lccc-1468.html","https://opensea.io/item/ethereum/0xbe85fbd182af91290be7293438ae67549638189f/1468","OK",""
"1469","1469","Light Cult Crypto Club #1469","RE-003279","1401-1500","D:\github\ron-english-nfts\light-cult-crypto-club\images\LCCC-1469.png","26314","images/1401-1500/LCCC-1469.png","LCCC-1469.png","D:\github\ron-english-light-cult-1001-2000\images\1401-1500\LCCC-1469.png","items/lccc-1469.html","https://ronenglish-archive.github.io/ron-english-light-cult-1001-2000/items/lccc-1469.html","https://opensea.io/item/ethereum/0xbe85fbd182af91290be7293438ae67549638189f/1469","OK",""
"1470","1470","Light Cult Crypto Club #1470","RE-003280","1401-1500","D:\github\ron-english-nfts\light-cult-crypto-club\images\LCCC-1470.png","14833","images/1401-1500/LCCC-1470.png","LCCC-1470.png","D:\github\ron-english-light-cult-1001-2000\images\1401-1500\LCCC-1470.png","items/lccc-1470.html","https://ronenglish-archive.github.io/ron-english-light-cult-1001-2000/items/lccc-1470.html","https://opensea.io/item/ethereum/0xbe85fbd182af91290be7293438ae67549638189f/1470","OK",""
"1471","1471","Light Cult Crypto Club #1471","RE-003281","1401-1500","D:\github\ron-english-nfts\light-cult-crypto-club\images\LCCC-1471.png","8992","images/1401-1500/LCCC-1471.png","LCCC-1471.png","D:\github\ron-english-light-cult-1001-2000\images\1401-1500\LCCC-1471.png","items/lccc-1471.html","https://ronenglish-archive.github.io/ron-english-light-cult-1001-2000/items/lccc-1471.html","https://opensea.io/item/ethereum/0xbe85fbd182af91290be7293438ae67549638189f/1471","OK",""
"1472","1472","Light Cult Crypto Club #1472","RE-003282","1401-1500","D:\github\ron-english-nfts\light-cult-crypto-club\images\LCCC-1472.png","24491","images/1401-1500/LCCC-1472.png","LCCC-1472.png","D:\github\ron-english-light-cult-1001-2000\images\1401-1500\LCCC-1472.png","items/lccc-1472.html","https://ronenglish-archive.github.io/ron-english-light-cult-1001-2000/items/lccc-1472.html","https://opensea.io/item/ethereum/0xbe85fbd182af91290be7293438ae67549638189f/1472","OK",""
"1473","1473","Light Cult Crypto Club #1473","RE-003283","1401-1500","D:\github\ron-english-nfts\light-cult-crypto-club\images\LCCC-1473.png","22764","images/1401-1500/LCCC-1473.png","LCCC-1473.png","D:\github\ron-english-light-cult-1001-2000\images\1401-1500\LCCC-1473.png","items/lccc-1473.html","https://ronenglish-archive.github.io/ron-english-light-cult-1001-2000/items/lccc-1473.html","https://opensea.io/item/ethereum/0xbe85fbd182af91290be7293438ae67549638189f/1473","OK",""
"1474","1474","Light Cult Crypto Club #1474","RE-003284","1401-1500","D:\github\ron-english-nfts\light-cult-crypto-club\images\LCCC-1474.png","18583","images/1401-1500/LCCC-1474.png","LCCC-1474.png","D:\github\ron-english-light-cult-1001-2000\images\1401-1500\LCCC-1474.png","items/lccc-1474.html","https://ronenglish-archive.github.io/ron-english-light-cult-1001-2000/items/lccc-1474.html","https://opensea.io/item/ethereum/0xbe85fbd182af91290be7293438ae67549638189f/1474","OK",""
"1475","1475","Light Cult Crypto Club #1475","RE-003285","1401-1500","","","","","","items/lccc-1475.html","https://ronenglish-archive.github.io/ron-english-light-cult-1001-2000/items/lccc-1475.html","https://opensea.io/item/ethereum/0xbe85fbd182af91290be7293438ae67549638189f/1475","MISSING SOURCE IMAGE","No source image found for token #1475"
"1476","1476","Light Cult Crypto Club #1476","RE-003286","1401-1500","D:\github\ron-english-nfts\light-cult-crypto-club\images\LCCC-1476.png","31099","images/1401-1500/LCCC-1476.png","LCCC-1476.png","D:\github\ron-english-light-cult-1001-2000\images\1401-1500\LCCC-1476.png","items/lccc-1476.html","https://ronenglish-archive.github.io/ron-english-light-cult-1001-2000/items/lccc-1476.html","https://opensea.io/item/ethereum/0xbe85fbd182af91290be7293438ae67549638189f/1476","OK",""
"1477","1477","Light Cult Crypto Club #1477","RE-003287","1401-1500","D:\github\ron-english-nfts\light-cult-crypto-club\images\LCCC-1477.png","25313","images/1401-1500/LCCC-1477.png","LCCC-1477.png","D:\github\ron-english-light-cult-1001-2000\images\1401-1500\LCCC-1477.png","items/lccc-1477.html","https://ronenglish-archive.github.io/ron-english-light-cult-1001-2000/items/lccc-1477.html","https://opensea.io/item/ethereum/0xbe85fbd182af91290be7293438ae67549638189f/1477","OK",""
"1478","1478","Light Cult Crypto Club #1478","RE-003288","1401-1500","D:\github\ron-english-nfts\light-cult-crypto-club\images\LCCC-1478.png","31940","images/1401-1500/LCCC-1478.png","LCCC-1478.png","D:\github\ron-english-light-cult-1001-2000\images\1401-1500\LCCC-1478.png","items/lccc-1478.html","https://ronenglish-archive.github.io/ron-english-light-cult-1001-2000/items/lccc-1478.html","https://opensea.io/item/ethereum/0xbe85fbd182af91290be7293438ae67549638189f/1478","OK",""
"1479","1479","Light Cult Crypto Club #1479","RE-003289","1401-1500","D:\github\ron-english-nfts\light-cult-crypto-club\images\LCCC-1479.png","82471","images/1401-1500/LCCC-1479.png","LCCC-1479.png","D:\github\ron-english-light-cult-1001-2000\images\1401-1500\LCCC-1479.png","items/lccc-1479.html","https://ronenglish-archive.github.io/ron-english-light-cult-1001-2000/items/lccc-1479.html","https://opensea.io/item/ethereum/0xbe85fbd182af91290be7293438ae67549638189f/1479","OK",""
"1480","1480","Light Cult Crypto Club #1480","RE-003290","1401-1500","D:\github\ron-english-nfts\light-cult-crypto-club\images\LCCC-1480.png","25261","images/1401-1500/LCCC-1480.png","LCCC-1480.png","D:\github\ron-english-light-cult-1001-2000\images\1401-1500\LCCC-1480.png","items/lccc-1480.html","https://ronenglish-archive.github.io/ron-english-light-cult-1001-2000/items/lccc-1480.html","https://opensea.io/item/ethereum/0xbe85fbd182af91290be7293438ae67549638189f/1480","OK",""
"1481","1481","Light Cult Crypto Club #1481","RE-003291","1401-1500","D:\github\ron-english-nfts\light-cult-crypto-club\images\LCCC-1481.png","48310","images/1401-1500/LCCC-1481.png","LCCC-1481.png","D:\github\ron-english-light-cult-1001-2000\images\1401-1500\LCCC-1481.png","items/lccc-1481.html","https://ronenglish-archive.github.io/ron-english-light-cult-1001-2000/items/lccc-1481.html","https://opensea.io/item/ethereum/0xbe85fbd182af91290be7293438ae67549638189f/1481","OK",""
"1482","1482","Light Cult Crypto Club #1482","RE-003292","1401-1500","D:\github\ron-english-nfts\light-cult-crypto-club\images\LCCC-1482.png","26709","images/1401-1500/LCCC-1482.png","LCCC-1482.png","D:\github\ron-english-light-cult-1001-2000\images\1401-1500\LCCC-1482.png","items/lccc-1482.html","https://ronenglish-archive.github.io/ron-english-light-cult-1001-2000/items/lccc-1482.html","https://opensea.io/item/ethereum/0xbe85fbd182af91290be7293438ae67549638189f/1482","OK",""
"1483","1483","Light Cult Crypto Club #1483","RE-003293","1401-1500","D:\github\ron-english-nfts\light-cult-crypto-club\images\LCCC-1483.png","27462","images/1401-1500/LCCC-1483.png","LCCC-1483.png","D:\github\ron-english-light-cult-1001-2000\images\1401-1500\LCCC-1483.png","items/lccc-1483.html","https://ronenglish-archive.github.io/ron-english-light-cult-1001-2000/items/lccc-1483.html","https://opensea.io/item/ethereum/0xbe85fbd182af91290be7293438ae67549638189f/1483","OK",""
"1484","1484","Light Cult Crypto Club #1484","RE-003294","1401-1500","D:\github\ron-english-nfts\light-cult-crypto-club\images\LCCC-1484.png","33732","images/1401-1500/LCCC-1484.png","LCCC-1484.png","D:\github\ron-english-light-cult-1001-2000\images\1401-1500\LCCC-1484.png","items/lccc-1484.html","https://ronenglish-archive.github.io/ron-english-light-cult-1001-2000/items/lccc-1484.html","https://opensea.io/item/ethereum/0xbe85fbd182af91290be7293438ae67549638189f/1484","OK",""
"1485","1485","Light Cult Crypto Club #1485","RE-003295","1401-1500","D:\github\ron-english-nfts\light-cult-crypto-club\images\LCCC-1485.png","16046","images/1401-1500/LCCC-1485.png","LCCC-1485.png","D:\github\ron-english-light-cult-1001-2000\images\1401-1500\LCCC-1485.png","items/lccc-1485.html","https://ronenglish-archive.github.io/ron-english-light-cult-1001-2000/items/lccc-1485.html","https://opensea.io/item/ethereum/0xbe85fbd182af91290be7293438ae67549638189f/1485","OK",""
"1486","1486","Light Cult Crypto Club #1486","RE-003296","1401-1500","D:\github\ron-english-nfts\light-cult-crypto-club\images\LCCC-1486.png","30060","images/1401-1500/LCCC-1486.png","LCCC-1486.png","D:\github\ron-english-light-cult-1001-2000\images\1401-1500\LCCC-1486.png","items/lccc-1486.html","https://ronenglish-archive.github.io/ron-english-light-cult-1001-2000/items/lccc-1486.html","https://opensea.io/item/ethereum/0xbe85fbd182af91290be7293438ae67549638189f/1486","OK",""
"1487","1487","Light Cult Crypto Club #1487","RE-003297","1401-1500","D:\github\ron-english-nfts\light-cult-crypto-club\images\LCCC-1487.png","9751","images/1401-1500/LCCC-1487.png","LCCC-1487.png","D:\github\ron-english-light-cult-1001-2000\images\1401-1500\LCCC-1487.png","items/lccc-1487.html","https://ronenglish-archive.github.io/ron-english-light-cult-1001-2000/items/lccc-1487.html","https://opensea.io/item/ethereum/0xbe85fbd182af91290be7293438ae67549638189f/1487","OK",""
"1488","1488","Light Cult Crypto Club #1488","RE-003298","1401-1500","D:\github\ron-english-nfts\light-cult-crypto-club\images\LCCC-1488.png","7340","images/1401-1500/LCCC-1488.png","LCCC-1488.png","D:\github\ron-english-light-cult-1001-2000\images\1401-1500\LCCC-1488.png","items/lccc-1488.html","https://ronenglish-archive.github.io/ron-english-light-cult-1001-2000/items/lccc-1488.html","https://opensea.io/item/ethereum/0xbe85fbd182af91290be7293438ae67549638189f/1488","OK",""
"1489","1489","Light Cult Crypto Club #1489","RE-003299","1401-1500","D:\github\ron-english-nfts\light-cult-crypto-club\images\LCCC-1489.png","6618","images/1401-1500/LCCC-1489.png","LCCC-1489.png","D:\github\ron-english-light-cult-1001-2000\images\1401-1500\LCCC-1489.png","items/lccc-1489.html","https://ronenglish-archive.github.io/ron-english-light-cult-1001-2000/items/lccc-1489.html","https://opensea.io/item/ethereum/0xbe85fbd182af91290be7293438ae67549638189f/1489","OK",""
"1490","1490","Light Cult Crypto Club #1490","RE-003300","1401-1500","D:\github\ron-english-nfts\light-cult-crypto-club\images\LCCC-1490.png","7874","images/1401-1500/LCCC-1490.png","LCCC-1490.png","D:\github\ron-english-light-cult-1001-2000\images\1401-1500\LCCC-1490.png","items/lccc-1490.html","https://ronenglish-archive.github.io/ron-english-light-cult-1001-2000/items/lccc-1490.html","https://opensea.io/item/ethereum/0xbe85fbd182af91290be7293438ae67549638189f/1490","OK",""
"1491","1491","Light Cult Crypto Club #1491","RE-003301","1401-1500","D:\github\ron-english-nfts\light-cult-crypto-club\images\LCCC-1491.png","14727","images/1401-1500/LCCC-1491.png","LCCC-1491.png","D:\github\ron-english-light-cult-1001-2000\images\1401-1500\LCCC-1491.png","items/lccc-1491.html","https://ronenglish-archive.github.io/ron-english-light-cult-1001-2000/items/lccc-1491.html","https://opensea.io/item/ethereum/0xbe85fbd182af91290be7293438ae67549638189f/1491","OK",""
"1492","1492","Light Cult Crypto Club #1492","RE-003302","1401-1500","D:\github\ron-english-nfts\light-cult-crypto-club\images\LCCC-1492.png","12046","images/1401-1500/LCCC-1492.png","LCCC-1492.png","D:\github\ron-english-light-cult-1001-2000\images\1401-1500\LCCC-1492.png","items/lccc-1492.html","https://ronenglish-archive.github.io/ron-english-light-cult-1001-2000/items/lccc-1492.html","https://opensea.io/item/ethereum/0xbe85fbd182af91290be7293438ae67549638189f/1492","OK",""
"1493","1493","Light Cult Crypto Club #1493","RE-003303","1401-1500","D:\github\ron-english-nfts\light-cult-crypto-club\images\LCCC-1493.png","6808","images/1401-1500/LCCC-1493.png","LCCC-1493.png","D:\github\ron-english-light-cult-1001-2000\images\1401-1500\LCCC-1493.png","items/lccc-1493.html","https://ronenglish-archive.github.io/ron-english-light-cult-1001-2000/items/lccc-1493.html","https://opensea.io/item/ethereum/0xbe85fbd182af91290be7293438ae67549638189f/1493","OK",""
"1494","1494","Light Cult Crypto Club #1494","RE-003304","1401-1500","D:\github\ron-english-nfts\light-cult-crypto-club\images\LCCC-1494.png","8116","images/1401-1500/LCCC-1494.png","LCCC-1494.png","D:\github\ron-english-light-cult-1001-2000\images\1401-1500\LCCC-1494.png","items/lccc-1494.html","https://ronenglish-archive.github.io/ron-english-light-cult-1001-2000/items/lccc-1494.html","https://opensea.io/item/ethereum/0xbe85fbd182af91290be7293438ae67549638189f/1494","OK",""
"1495","1495","Light Cult Crypto Club #1495","RE-003305","1401-1500","D:\github\ron-english-nfts\light-cult-crypto-club\images\LCCC-1495.png","14710","images/1401-1500/LCCC-1495.png","LCCC-1495.png","D:\github\ron-english-light-cult-1001-2000\images\1401-1500\LCCC-1495.png","items/lccc-1495.html","https://ronenglish-archive.github.io/ron-english-light-cult-1001-2000/items/lccc-1495.html","https://opensea.io/item/ethereum/0xbe85fbd182af91290be7293438ae67549638189f/1495","OK",""
"1496","1496","Light Cult Crypto Club #1496","RE-003306","1401-1500","D:\github\ron-english-nfts\light-cult-crypto-club\images\LCCC-1496.png","35167","images/1401-1500/LCCC-1496.png","LCCC-1496.png","D:\github\ron-english-light-cult-1001-2000\images\1401-1500\LCCC-1496.png","items/lccc-1496.html","https://ronenglish-archive.github.io/ron-english-light-cult-1001-2000/items/lccc-1496.html","https://opensea.io/item/ethereum/0xbe85fbd182af91290be7293438ae67549638189f/1496","OK",""
"1497","1497","Light Cult Crypto Club #1497","RE-003307","1401-1500","D:\github\ron-english-nfts\light-cult-crypto-club\images\LCCC-1497.png","6758","images/1401-1500/LCCC-1497.png","LCCC-1497.png","D:\github\ron-english-light-cult-1001-2000\images\1401-1500\LCCC-1497.png","items/lccc-1497.html","https://ronenglish-archive.github.io/ron-english-light-cult-1001-2000/items/lccc-1497.html","https://opensea.io/item/ethereum/0xbe85fbd182af91290be7293438ae67549638189f/1497","OK",""
"1498","1498","Light Cult Crypto Club #1498","RE-003308","1401-1500","D:\github\ron-english-nfts\light-cult-crypto-club\images\LCCC-1498.png","26161","images/1401-1500/LCCC-1498.png","LCCC-1498.png","D:\github\ron-english-light-cult-1001-2000\images\1401-1500\LCCC-1498.png","items/lccc-1498.html","https://ronenglish-archive.github.io/ron-english-light-cult-1001-2000/items/lccc-1498.html","https://opensea.io/item/ethereum/0xbe85fbd182af91290be7293438ae67549638189f/1498","OK",""
"1499","1499","Light Cult Crypto Club #1499","RE-003309","1401-1500","D:\github\ron-english-nfts\light-cult-crypto-club\images\LCCC-1499.png","28218","images/1401-1500/LCCC-1499.png","LCCC-1499.png","D:\github\ron-english-light-cult-1001-2000\images\1401-1500\LCCC-1499.png","items/lccc-1499.html","https://ronenglish-archive.github.io/ron-english-light-cult-1001-2000/items/lccc-1499.html","https://opensea.io/item/ethereum/0xbe85fbd182af91290be7293438ae67549638189f/1499","OK",""
"1500","1500","Light Cult Crypto Club #1500","RE-003310","1401-1500","D:\github\ron-english-nfts\light-cult-crypto-club\images\LCCC-1500.png","40280","images/1401-1500/LCCC-1500.png","LCCC-1500.png","D:\github\ron-english-light-cult-1001-2000\images\1401-1500\LCCC-1500.png","items/lccc-1500.html","https://ronenglish-archive.github.io/ron-english-light-cult-1001-2000/items/lccc-1500.html","https://opensea.io/item/ethereum/0xbe85fbd182af91290be7293438ae67549638189f/1500","OK",""
"1501","1501","Light Cult Crypto Club #1501","RE-003311","1501-1600","D:\github\ron-english-nfts\light-cult-crypto-club\images\LCCC-1501.png","8123","images/1501-1600/LCCC-1501.png","LCCC-1501.png","D:\github\ron-english-light-cult-1001-2000\images\1501-1600\LCCC-1501.png","items/lccc-1501.html","https://ronenglish-archive.github.io/ron-english-light-cult-1001-2000/items/lccc-1501.html","https://opensea.io/item/ethereum/0xbe85fbd182af91290be7293438ae67549638189f/1501","OK",""
"1502","1502","Light Cult Crypto Club #1502","RE-003312","1501-1600","D:\github\ron-english-nfts\light-cult-crypto-club\images\LCCC-1502.png","13871","images/1501-1600/LCCC-1502.png","LCCC-1502.png","D:\github\ron-english-light-cult-1001-2000\images\1501-1600\LCCC-1502.png","items/lccc-1502.html","https://ronenglish-archive.github.io/ron-english-light-cult-1001-2000/items/lccc-1502.html","https://opensea.io/item/ethereum/0xbe85fbd182af91290be7293438ae67549638189f/1502","OK",""
"1503","1503","Light Cult Crypto Club #1503","RE-003313","1501-1600","D:\github\ron-english-nfts\light-cult-crypto-club\images\LCCC-1503.png","11421","images/1501-1600/LCCC-1503.png","LCCC-1503.png","D:\github\ron-english-light-cult-1001-2000\images\1501-1600\LCCC-1503.png","items/lccc-1503.html","https://ronenglish-archive.github.io/ron-english-light-cult-1001-2000/items/lccc-1503.html","https://opensea.io/item/ethereum/0xbe85fbd182af91290be7293438ae67549638189f/1503","OK",""
"1504","1504","Light Cult Crypto Club #1504","RE-003314","1501-1600","D:\github\ron-english-nfts\light-cult-crypto-club\images\LCCC-1504.png","28109","images/1501-1600/LCCC-1504.png","LCCC-1504.png","D:\github\ron-english-light-cult-1001-2000\images\1501-1600\LCCC-1504.png","items/lccc-1504.html","https://ronenglish-archive.github.io/ron-english-light-cult-1001-2000/items/lccc-1504.html","https://opensea.io/item/ethereum/0xbe85fbd182af91290be7293438ae67549638189f/1504","OK",""
"1505","1505","Light Cult Crypto Club #1505","RE-003315","1501-1600","D:\github\ron-english-nfts\light-cult-crypto-club\images\LCCC-1505.png","28186","images/1501-1600/LCCC-1505.png","LCCC-1505.png","D:\github\ron-english-light-cult-1001-2000\images\1501-1600\LCCC-1505.png","items/lccc-1505.html","https://ronenglish-archive.github.io/ron-english-light-cult-1001-2000/items/lccc-1505.html","https://opensea.io/item/ethereum/0xbe85fbd182af91290be7293438ae67549638189f/1505","OK",""
"1506","1506","Light Cult Crypto Club #1506","RE-003316","1501-1600","D:\github\ron-english-nfts\light-cult-crypto-club\images\LCCC-1506.png","29788","images/1501-1600/LCCC-1506.png","LCCC-1506.png","D:\github\ron-english-light-cult-1001-2000\images\1501-1600\LCCC-1506.png","items/lccc-1506.html","https://ronenglish-archive.github.io/ron-english-light-cult-1001-2000/items/lccc-1506.html","https://opensea.io/item/ethereum/0xbe85fbd182af91290be7293438ae67549638189f/1506","OK",""
"1507","1507","Light Cult Crypto Club #1507","RE-003317","1501-1600","D:\github\ron-english-nfts\light-cult-crypto-club\images\LCCC-1507.png","27544","images/1501-1600/LCCC-1507.png","LCCC-1507.png","D:\github\ron-english-light-cult-1001-2000\images\1501-1600\LCCC-1507.png","items/lccc-1507.html","https://ronenglish-archive.github.io/ron-english-light-cult-1001-2000/items/lccc-1507.html","https://opensea.io/item/ethereum/0xbe85fbd182af91290be7293438ae67549638189f/1507","OK",""
"1508","1508","Light Cult Crypto Club #1508","RE-003318","1501-1600","D:\github\ron-english-nfts\light-cult-crypto-club\images\LCCC-1508.png","34202","images/1501-1600/LCCC-1508.png","LCCC-1508.png","D:\github\ron-english-light-cult-1001-2000\images\1501-1600\LCCC-1508.png","items/lccc-1508.html","https://ronenglish-archive.github.io/ron-english-light-cult-1001-2000/items/lccc-1508.html","https://opensea.io/item/ethereum/0xbe85fbd182af91290be7293438ae67549638189f/1508","OK",""
"1509","1509","Light Cult Crypto Club #1509","RE-003319","1501-1600","D:\github\ron-english-nfts\light-cult-crypto-club\images\LCCC-1509.png","31252","images/1501-1600/LCCC-1509.png","LCCC-1509.png","D:\github\ron-english-light-cult-1001-2000\images\1501-1600\LCCC-1509.png","items/lccc-1509.html","https://ronenglish-archive.github.io/ron-english-light-cult-1001-2000/items/lccc-1509.html","https://opensea.io/item/ethereum/0xbe85fbd182af91290be7293438ae67549638189f/1509","OK",""
"1510","1510","Light Cult Crypto Club #1510","RE-003320","1501-1600","D:\github\ron-english-nfts\light-cult-crypto-club\images\LCCC-1510.png","27715","images/1501-1600/LCCC-1510.png","LCCC-1510.png","D:\github\ron-english-light-cult-1001-2000\images\1501-1600\LCCC-1510.png","items/lccc-1510.html","https://ronenglish-archive.github.io/ron-english-light-cult-1001-2000/items/lccc-1510.html","https://opensea.io/item/ethereum/0xbe85fbd182af91290be7293438ae67549638189f/1510","OK",""
"1511","1511","Light Cult Crypto Club #1511","RE-003321","1501-1600","D:\github\ron-english-nfts\light-cult-crypto-club\images\LCCC-1511.png","7695","images/1501-1600/LCCC-1511.png","LCCC-1511.png","D:\github\ron-english-light-cult-1001-2000\images\1501-1600\LCCC-1511.png","items/lccc-1511.html","https://ronenglish-archive.github.io/ron-english-light-cult-1001-2000/items/lccc-1511.html","https://opensea.io/item/ethereum/0xbe85fbd182af91290be7293438ae67549638189f/1511","OK",""
"1512","1512","Light Cult Crypto Club #1512","RE-003322","1501-1600","D:\github\ron-english-nfts\light-cult-crypto-club\images\LCCC-1512.png","32827","images/1501-1600/LCCC-1512.png","LCCC-1512.png","D:\github\ron-english-light-cult-1001-2000\images\1501-1600\LCCC-1512.png","items/lccc-1512.html","https://ronenglish-archive.github.io/ron-english-light-cult-1001-2000/items/lccc-1512.html","https://opensea.io/item/ethereum/0xbe85fbd182af91290be7293438ae67549638189f/1512","OK",""
"1513","1513","Light Cult Crypto Club #1513","RE-003323","1501-1600","D:\github\ron-english-nfts\light-cult-crypto-club\images\LCCC-1513.png","30393","images/1501-1600/LCCC-1513.png","LCCC-1513.png","D:\github\ron-english-light-cult-1001-2000\images\1501-1600\LCCC-1513.png","items/lccc-1513.html","https://ronenglish-archive.github.io/ron-english-light-cult-1001-2000/items/lccc-1513.html","https://opensea.io/item/ethereum/0xbe85fbd182af91290be7293438ae67549638189f/1513","OK",""
"1514","1514","Light Cult Crypto Club #1514","RE-003324","1501-1600","D:\github\ron-english-nfts\light-cult-crypto-club\images\LCCC-1514.png","24611","images/1501-1600/LCCC-1514.png","LCCC-1514.png","D:\github\ron-english-light-cult-1001-2000\images\1501-1600\LCCC-1514.png","items/lccc-1514.html","https://ronenglish-archive.github.io/ron-english-light-cult-1001-2000/items/lccc-1514.html","https://opensea.io/item/ethereum/0xbe85fbd182af91290be7293438ae67549638189f/1514","OK",""
"1515","1515","Light Cult Crypto Club #1515","RE-003325","1501-1600","D:\github\ron-english-nfts\light-cult-crypto-club\images\LCCC-1515.png","21014","images/1501-1600/LCCC-1515.png","LCCC-1515.png","D:\github\ron-english-light-cult-1001-2000\images\1501-1600\LCCC-1515.png","items/lccc-1515.html","https://ronenglish-archive.github.io/ron-english-light-cult-1001-2000/items/lccc-1515.html","https://opensea.io/item/ethereum/0xbe85fbd182af91290be7293438ae67549638189f/1515","OK",""
"1516","1516","Light Cult Crypto Club #1516","RE-003326","1501-1600","","","","","","items/lccc-1516.html","https://ronenglish-archive.github.io/ron-english-light-cult-1001-2000/items/lccc-1516.html","https://opensea.io/item/ethereum/0xbe85fbd182af91290be7293438ae67549638189f/1516","MISSING SOURCE IMAGE","No source image found for token #1516"
"1517","1517","Light Cult Crypto Club #1517","RE-003327","1501-1600","D:\github\ron-english-nfts\light-cult-crypto-club\images\LCCC-1517.png","10096","images/1501-1600/LCCC-1517.png","LCCC-1517.png","D:\github\ron-english-light-cult-1001-2000\images\1501-1600\LCCC-1517.png","items/lccc-1517.html","https://ronenglish-archive.github.io/ron-english-light-cult-1001-2000/items/lccc-1517.html","https://opensea.io/item/ethereum/0xbe85fbd182af91290be7293438ae67549638189f/1517","OK",""
"1518","1518","Light Cult Crypto Club #1518","RE-003328","1501-1600","D:\github\ron-english-nfts\light-cult-crypto-club\images\LCCC-1518.png","25048","images/1501-1600/LCCC-1518.png","LCCC-1518.png","D:\github\ron-english-light-cult-1001-2000\images\1501-1600\LCCC-1518.png","items/lccc-1518.html","https://ronenglish-archive.github.io/ron-english-light-cult-1001-2000/items/lccc-1518.html","https://opensea.io/item/ethereum/0xbe85fbd182af91290be7293438ae67549638189f/1518","OK",""
"1519","1519","Light Cult Crypto Club #1519","RE-003329","1501-1600","D:\github\ron-english-nfts\light-cult-crypto-club\images\LCCC-1519.png","7426","images/1501-1600/LCCC-1519.png","LCCC-1519.png","D:\github\ron-english-light-cult-1001-2000\images\1501-1600\LCCC-1519.png","items/lccc-1519.html","https://ronenglish-archive.github.io/ron-english-light-cult-1001-2000/items/lccc-1519.html","https://opensea.io/item/ethereum/0xbe85fbd182af91290be7293438ae67549638189f/1519","OK",""
"1520","1520","Light Cult Crypto Club #1520","RE-003330","1501-1600","D:\github\ron-english-nfts\light-cult-crypto-club\images\LCCC-1520.png","11554","images/1501-1600/LCCC-1520.png","LCCC-1520.png","D:\github\ron-english-light-cult-1001-2000\images\1501-1600\LCCC-1520.png","items/lccc-1520.html","https://ronenglish-archive.github.io/ron-english-light-cult-1001-2000/items/lccc-1520.html","https://opensea.io/item/ethereum/0xbe85fbd182af91290be7293438ae67549638189f/1520","OK",""
"1521","1521","Light Cult Crypto Club #1521","RE-003331","1501-1600","D:\github\ron-english-nfts\light-cult-crypto-club\images\LCCC-1521.png","9972","images/1501-1600/LCCC-1521.png","LCCC-1521.png","D:\github\ron-english-light-cult-1001-2000\images\1501-1600\LCCC-1521.png","items/lccc-1521.html","https://ronenglish-archive.github.io/ron-english-light-cult-1001-2000/items/lccc-1521.html","https://opensea.io/item/ethereum/0xbe85fbd182af91290be7293438ae67549638189f/1521","OK",""
"1522","1522","Light Cult Crypto Club #1522","RE-003332","1501-1600","D:\github\ron-english-nfts\light-cult-crypto-club\images\LCCC-1522.png","32139","images/1501-1600/LCCC-1522.png","LCCC-1522.png","D:\github\ron-english-light-cult-1001-2000\images\1501-1600\LCCC-1522.png","items/lccc-1522.html","https://ronenglish-archive.github.io/ron-english-light-cult-1001-2000/items/lccc-1522.html","https://opensea.io/item/ethereum/0xbe85fbd182af91290be7293438ae67549638189f/1522","OK",""
"1523","1523","Light Cult Crypto Club #1523","RE-003333","1501-1600","D:\github\ron-english-nfts\light-cult-crypto-club\images\LCCC-1523.png","14870","images/1501-1600/LCCC-1523.png","LCCC-1523.png","D:\github\ron-english-light-cult-1001-2000\images\1501-1600\LCCC-1523.png","items/lccc-1523.html","https://ronenglish-archive.github.io/ron-english-light-cult-1001-2000/items/lccc-1523.html","https://opensea.io/item/ethereum/0xbe85fbd182af91290be7293438ae67549638189f/1523","OK",""
"1524","1524","Light Cult Crypto Club #1524","RE-003334","1501-1600","D:\github\ron-english-nfts\light-cult-crypto-club\images\LCCC-1524.png","9098","images/1501-1600/LCCC-1524.png","LCCC-1524.png","D:\github\ron-english-light-cult-1001-2000\images\1501-1600\LCCC-1524.png","items/lccc-1524.html","https://ronenglish-archive.github.io/ron-english-light-cult-1001-2000/items/lccc-1524.html","https://opensea.io/item/ethereum/0xbe85fbd182af91290be7293438ae67549638189f/1524","OK",""
"1525","1525","Light Cult Crypto Club #1525","RE-003335","1501-1600","D:\github\ron-english-nfts\light-cult-crypto-club\images\LCCC-1525.png","19272","images/1501-1600/LCCC-1525.png","LCCC-1525.png","D:\github\ron-english-light-cult-1001-2000\images\1501-1600\LCCC-1525.png","items/lccc-1525.html","https://ronenglish-archive.github.io/ron-english-light-cult-1001-2000/items/lccc-1525.html","https://opensea.io/item/ethereum/0xbe85fbd182af91290be7293438ae67549638189f/1525","OK",""
"1526","1526","Light Cult Crypto Club #1526","RE-003336","1501-1600","D:\github\ron-english-nfts\light-cult-crypto-club\images\LCCC-1526.png","10230","images/1501-1600/LCCC-1526.png","LCCC-1526.png","D:\github\ron-english-light-cult-1001-2000\images\1501-1600\LCCC-1526.png","items/lccc-1526.html","https://ronenglish-archive.github.io/ron-english-light-cult-1001-2000/items/lccc-1526.html","https://opensea.io/item/ethereum/0xbe85fbd182af91290be7293438ae67549638189f/1526","OK",""
"1527","1527","Light Cult Crypto Club #1527","RE-003337","1501-1600","D:\github\ron-english-nfts\light-cult-crypto-club\images\LCCC-1527.png","38092","images/1501-1600/LCCC-1527.png","LCCC-1527.png","D:\github\ron-english-light-cult-1001-2000\images\1501-1600\LCCC-1527.png","items/lccc-1527.html","https://ronenglish-archive.github.io/ron-english-light-cult-1001-2000/items/lccc-1527.html","https://opensea.io/item/ethereum/0xbe85fbd182af91290be7293438ae67549638189f/1527","OK",""
"1528","1528","Light Cult Crypto Club #1528","RE-003338","1501-1600","D:\github\ron-english-nfts\light-cult-crypto-club\images\LCCC-1528.png","29275","images/1501-1600/LCCC-1528.png","LCCC-1528.png","D:\github\ron-english-light-cult-1001-2000\images\1501-1600\LCCC-1528.png","items/lccc-1528.html","https://ronenglish-archive.github.io/ron-english-light-cult-1001-2000/items/lccc-1528.html","https://opensea.io/item/ethereum/0xbe85fbd182af91290be7293438ae67549638189f/1528","OK",""
"1529","1529","Light Cult Crypto Club #1529","RE-003339","1501-1600","D:\github\ron-english-nfts\light-cult-crypto-club\images\LCCC-1529.png","14073","images/1501-1600/LCCC-1529.png","LCCC-1529.png","D:\github\ron-english-light-cult-1001-2000\images\1501-1600\LCCC-1529.png","items/lccc-1529.html","https://ronenglish-archive.github.io/ron-english-light-cult-1001-2000/items/lccc-1529.html","https://opensea.io/item/ethereum/0xbe85fbd182af91290be7293438ae67549638189f/1529","OK",""
"1530","1530","Light Cult Crypto Club #1530","RE-003340","1501-1600","D:\github\ron-english-nfts\light-cult-crypto-club\images\LCCC-1530.png","10435","images/1501-1600/LCCC-1530.png","LCCC-1530.png","D:\github\ron-english-light-cult-1001-2000\images\1501-1600\LCCC-1530.png","items/lccc-1530.html","https://ronenglish-archive.github.io/ron-english-light-cult-1001-2000/items/lccc-1530.html","https://opensea.io/item/ethereum/0xbe85fbd182af91290be7293438ae67549638189f/1530","OK",""
"1531","1531","Light Cult Crypto Club #1531","RE-003341","1501-1600","D:\github\ron-english-nfts\light-cult-crypto-club\images\LCCC-1531.png","33717","images/1501-1600/LCCC-1531.png","LCCC-1531.png","D:\github\ron-english-light-cult-1001-2000\images\1501-1600\LCCC-1531.png","items/lccc-1531.html","https://ronenglish-archive.github.io/ron-english-light-cult-1001-2000/items/lccc-1531.html","https://opensea.io/item/ethereum/0xbe85fbd182af91290be7293438ae67549638189f/1531","OK",""
"1532","1532","Light Cult Crypto Club #1532","RE-003342","1501-1600","D:\github\ron-english-nfts\light-cult-crypto-club\images\LCCC-1532.png","33202","images/1501-1600/LCCC-1532.png","LCCC-1532.png","D:\github\ron-english-light-cult-1001-2000\images\1501-1600\LCCC-1532.png","items/lccc-1532.html","https://ronenglish-archive.github.io/ron-english-light-cult-1001-2000/items/lccc-1532.html","https://opensea.io/item/ethereum/0xbe85fbd182af91290be7293438ae67549638189f/1532","OK",""
"1533","1533","Light Cult Crypto Club #1533","RE-003343","1501-1600","D:\github\ron-english-nfts\light-cult-crypto-club\images\LCCC-1533.png","30423","images/1501-1600/LCCC-1533.png","LCCC-1533.png","D:\github\ron-english-light-cult-1001-2000\images\1501-1600\LCCC-1533.png","items/lccc-1533.html","https://ronenglish-archive.github.io/ron-english-light-cult-1001-2000/items/lccc-1533.html","https://opensea.io/item/ethereum/0xbe85fbd182af91290be7293438ae67549638189f/1533","OK",""
"1534","1534","Light Cult Crypto Club #1534","RE-003344","1501-1600","D:\github\ron-english-nfts\light-cult-crypto-club\images\LCCC-1534.png","25217","images/1501-1600/LCCC-1534.png","LCCC-1534.png","D:\github\ron-english-light-cult-1001-2000\images\1501-1600\LCCC-1534.png","items/lccc-1534.html","https://ronenglish-archive.github.io/ron-english-light-cult-1001-2000/items/lccc-1534.html","https://opensea.io/item/ethereum/0xbe85fbd182af91290be7293438ae67549638189f/1534","OK",""
"1535","1535","Light Cult Crypto Club #1535","RE-003345","1501-1600","D:\github\ron-english-nfts\light-cult-crypto-club\images\LCCC-1535.png","4920","images/1501-1600/LCCC-1535.png","LCCC-1535.png","D:\github\ron-english-light-cult-1001-2000\images\1501-1600\LCCC-1535.png","items/lccc-1535.html","https://ronenglish-archive.github.io/ron-english-light-cult-1001-2000/items/lccc-1535.html","https://opensea.io/item/ethereum/0xbe85fbd182af91290be7293438ae67549638189f/1535","OK",""
"1536","1536","Light Cult Crypto Club #1536","RE-003346","1501-1600","","","","","","items/lccc-1536.html","https://ronenglish-archive.github.io/ron-english-light-cult-1001-2000/items/lccc-1536.html","https://opensea.io/item/ethereum/0xbe85fbd182af91290be7293438ae67549638189f/1536","MISSING SOURCE IMAGE","No source image found for token #1536"
"1537","1537","Light Cult Crypto Club #1537","RE-003347","1501-1600","D:\github\ron-english-nfts\light-cult-crypto-club\images\LCCC-1537.png","5297","images/1501-1600/LCCC-1537.png","LCCC-1537.png","D:\github\ron-english-light-cult-1001-2000\images\1501-1600\LCCC-1537.png","items/lccc-1537.html","https://ronenglish-archive.github.io/ron-english-light-cult-1001-2000/items/lccc-1537.html","https://opensea.io/item/ethereum/0xbe85fbd182af91290be7293438ae67549638189f/1537","OK",""
"1538","1538","Light Cult Crypto Club #1538","RE-003348","1501-1600","D:\github\ron-english-nfts\light-cult-crypto-club\images\LCCC-1538.png","31971","images/1501-1600/LCCC-1538.png","LCCC-1538.png","D:\github\ron-english-light-cult-1001-2000\images\1501-1600\LCCC-1538.png","items/lccc-1538.html","https://ronenglish-archive.github.io/ron-english-light-cult-1001-2000/items/lccc-1538.html","https://opensea.io/item/ethereum/0xbe85fbd182af91290be7293438ae67549638189f/1538","OK",""
"1539","1539","Light Cult Crypto Club #1539","RE-003349","1501-1600","D:\github\ron-english-nfts\light-cult-crypto-club\images\LCCC-1539.png","6314","images/1501-1600/LCCC-1539.png","LCCC-1539.png","D:\github\ron-english-light-cult-1001-2000\images\1501-1600\LCCC-1539.png","items/lccc-1539.html","https://ronenglish-archive.github.io/ron-english-light-cult-1001-2000/items/lccc-1539.html","https://opensea.io/item/ethereum/0xbe85fbd182af91290be7293438ae67549638189f/1539","OK",""
"1540","1540","Light Cult Crypto Club #1540","RE-003350","1501-1600","D:\github\ron-english-nfts\light-cult-crypto-club\images\LCCC-1540.png","6281","images/1501-1600/LCCC-1540.png","LCCC-1540.png","D:\github\ron-english-light-cult-1001-2000\images\1501-1600\LCCC-1540.png","items/lccc-1540.html","https://ronenglish-archive.github.io/ron-english-light-cult-1001-2000/items/lccc-1540.html","https://opensea.io/item/ethereum/0xbe85fbd182af91290be7293438ae67549638189f/1540","OK",""
"1541","1541","Light Cult Crypto Club #1541","RE-003351","1501-1600","D:\github\ron-english-nfts\light-cult-crypto-club\images\LCCC-1541.png","7395","images/1501-1600/LCCC-1541.png","LCCC-1541.png","D:\github\ron-english-light-cult-1001-2000\images\1501-1600\LCCC-1541.png","items/lccc-1541.html","https://ronenglish-archive.github.io/ron-english-light-cult-1001-2000/items/lccc-1541.html","https://opensea.io/item/ethereum/0xbe85fbd182af91290be7293438ae67549638189f/1541","OK",""
"1542","1542","Light Cult Crypto Club #1542","RE-003352","1501-1600","D:\github\ron-english-nfts\light-cult-crypto-club\images\LCCC-1542.png","27944","images/1501-1600/LCCC-1542.png","LCCC-1542.png","D:\github\ron-english-light-cult-1001-2000\images\1501-1600\LCCC-1542.png","items/lccc-1542.html","https://ronenglish-archive.github.io/ron-english-light-cult-1001-2000/items/lccc-1542.html","https://opensea.io/item/ethereum/0xbe85fbd182af91290be7293438ae67549638189f/1542","OK",""
"1543","1543","Light Cult Crypto Club #1543","RE-003353","1501-1600","D:\github\ron-english-nfts\light-cult-crypto-club\images\LCCC-1543.png","10557","images/1501-1600/LCCC-1543.png","LCCC-1543.png","D:\github\ron-english-light-cult-1001-2000\images\1501-1600\LCCC-1543.png","items/lccc-1543.html","https://ronenglish-archive.github.io/ron-english-light-cult-1001-2000/items/lccc-1543.html","https://opensea.io/item/ethereum/0xbe85fbd182af91290be7293438ae67549638189f/1543","OK",""
"1544","1544","Light Cult Crypto Club #1544","RE-003354","1501-1600","D:\github\ron-english-nfts\light-cult-crypto-club\images\LCCC-1544.png","22364","images/1501-1600/LCCC-1544.png","LCCC-1544.png","D:\github\ron-english-light-cult-1001-2000\images\1501-1600\LCCC-1544.png","items/lccc-1544.html","https://ronenglish-archive.github.io/ron-english-light-cult-1001-2000/items/lccc-1544.html","https://opensea.io/item/ethereum/0xbe85fbd182af91290be7293438ae67549638189f/1544","OK",""
"1545","1545","Light Cult Crypto Club #1545","RE-003355","1501-1600","D:\github\ron-english-nfts\light-cult-crypto-club\images\LCCC-1545.png","10317","images/1501-1600/LCCC-1545.png","LCCC-1545.png","D:\github\ron-english-light-cult-1001-2000\images\1501-1600\LCCC-1545.png","items/lccc-1545.html","https://ronenglish-archive.github.io/ron-english-light-cult-1001-2000/items/lccc-1545.html","https://opensea.io/item/ethereum/0xbe85fbd182af91290be7293438ae67549638189f/1545","OK",""
"1546","1546","Light Cult Crypto Club #1546","RE-003356","1501-1600","D:\github\ron-english-nfts\light-cult-crypto-club\images\LCCC-1546.png","13294","images/1501-1600/LCCC-1546.png","LCCC-1546.png","D:\github\ron-english-light-cult-1001-2000\images\1501-1600\LCCC-1546.png","items/lccc-1546.html","https://ronenglish-archive.github.io/ron-english-light-cult-1001-2000/items/lccc-1546.html","https://opensea.io/item/ethereum/0xbe85fbd182af91290be7293438ae67549638189f/1546","OK",""
"1547","1547","Light Cult Crypto Club #1547","RE-003357","1501-1600","D:\github\ron-english-nfts\light-cult-crypto-club\images\LCCC-1547.png","12765","images/1501-1600/LCCC-1547.png","LCCC-1547.png","D:\github\ron-english-light-cult-1001-2000\images\1501-1600\LCCC-1547.png","items/lccc-1547.html","https://ronenglish-archive.github.io/ron-english-light-cult-1001-2000/items/lccc-1547.html","https://opensea.io/item/ethereum/0xbe85fbd182af91290be7293438ae67549638189f/1547","OK",""
"1548","1548","Light Cult Crypto Club #1548","RE-003358","1501-1600","D:\github\ron-english-nfts\light-cult-crypto-club\images\LCCC-1548.png","7584","images/1501-1600/LCCC-1548.png","LCCC-1548.png","D:\github\ron-english-light-cult-1001-2000\images\1501-1600\LCCC-1548.png","items/lccc-1548.html","https://ronenglish-archive.github.io/ron-english-light-cult-1001-2000/items/lccc-1548.html","https://opensea.io/item/ethereum/0xbe85fbd182af91290be7293438ae67549638189f/1548","OK",""
"1549","1549","Light Cult Crypto Club #1549","RE-003359","1501-1600","D:\github\ron-english-nfts\light-cult-crypto-club\images\LCCC-1549.png","7956","images/1501-1600/LCCC-1549.png","LCCC-1549.png","D:\github\ron-english-light-cult-1001-2000\images\1501-1600\LCCC-1549.png","items/lccc-1549.html","https://ronenglish-archive.github.io/ron-english-light-cult-1001-2000/items/lccc-1549.html","https://opensea.io/item/ethereum/0xbe85fbd182af91290be7293438ae67549638189f/1549","OK",""
"1550","1550","Light Cult Crypto Club #1550","RE-003360","1501-1600","D:\github\ron-english-nfts\light-cult-crypto-club\images\LCCC-1550.png","18897","images/1501-1600/LCCC-1550.png","LCCC-1550.png","D:\github\ron-english-light-cult-1001-2000\images\1501-1600\LCCC-1550.png","items/lccc-1550.html","https://ronenglish-archive.github.io/ron-english-light-cult-1001-2000/items/lccc-1550.html","https://opensea.io/item/ethereum/0xbe85fbd182af91290be7293438ae67549638189f/1550","OK",""
"1551","1551","Light Cult Crypto Club #1551","RE-003361","1501-1600","","","","","","items/lccc-1551.html","https://ronenglish-archive.github.io/ron-english-light-cult-1001-2000/items/lccc-1551.html","https://opensea.io/item/ethereum/0xbe85fbd182af91290be7293438ae67549638189f/1551","MISSING SOURCE IMAGE","No source image found for token #1551"
"1552","1552","Light Cult Crypto Club #1552","RE-003362","1501-1600","D:\github\ron-english-nfts\light-cult-crypto-club\images\LCCC-1552.png","3201","images/1501-1600/LCCC-1552.png","LCCC-1552.png","D:\github\ron-english-light-cult-1001-2000\images\1501-1600\LCCC-1552.png","items/lccc-1552.html","https://ronenglish-archive.github.io/ron-english-light-cult-1001-2000/items/lccc-1552.html","https://opensea.io/item/ethereum/0xbe85fbd182af91290be7293438ae67549638189f/1552","OK",""
"1553","1553","Light Cult Crypto Club #1553","RE-003363","1501-1600","D:\github\ron-english-nfts\light-cult-crypto-club\images\LCCC-1553.png","24547","images/1501-1600/LCCC-1553.png","LCCC-1553.png","D:\github\ron-english-light-cult-1001-2000\images\1501-1600\LCCC-1553.png","items/lccc-1553.html","https://ronenglish-archive.github.io/ron-english-light-cult-1001-2000/items/lccc-1553.html","https://opensea.io/item/ethereum/0xbe85fbd182af91290be7293438ae67549638189f/1553","OK",""
"1554","1554","Light Cult Crypto Club #1554","RE-003364","1501-1600","D:\github\ron-english-nfts\light-cult-crypto-club\images\LCCC-1554.png","28700","images/1501-1600/LCCC-1554.png","LCCC-1554.png","D:\github\ron-english-light-cult-1001-2000\images\1501-1600\LCCC-1554.png","items/lccc-1554.html","https://ronenglish-archive.github.io/ron-english-light-cult-1001-2000/items/lccc-1554.html","https://opensea.io/item/ethereum/0xbe85fbd182af91290be7293438ae67549638189f/1554","OK",""
"1555","1555","Light Cult Crypto Club #1555","RE-003365","1501-1600","D:\github\ron-english-nfts\light-cult-crypto-club\images\LCCC-1555.png","32528","images/1501-1600/LCCC-1555.png","LCCC-1555.png","D:\github\ron-english-light-cult-1001-2000\images\1501-1600\LCCC-1555.png","items/lccc-1555.html","https://ronenglish-archive.github.io/ron-english-light-cult-1001-2000/items/lccc-1555.html","https://opensea.io/item/ethereum/0xbe85fbd182af91290be7293438ae67549638189f/1555","OK",""
"1556","1556","Light Cult Crypto Club #1556","RE-003366","1501-1600","D:\github\ron-english-nfts\light-cult-crypto-club\images\LCCC-1556.png","7453","images/1501-1600/LCCC-1556.png","LCCC-1556.png","D:\github\ron-english-light-cult-1001-2000\images\1501-1600\LCCC-1556.png","items/lccc-1556.html","https://ronenglish-archive.github.io/ron-english-light-cult-1001-2000/items/lccc-1556.html","https://opensea.io/item/ethereum/0xbe85fbd182af91290be7293438ae67549638189f/1556","OK",""
"1557","1557","Light Cult Crypto Club #1557","RE-003367","1501-1600","D:\github\ron-english-nfts\light-cult-crypto-club\images\LCCC-1557.png","11595","images/1501-1600/LCCC-1557.png","LCCC-1557.png","D:\github\ron-english-light-cult-1001-2000\images\1501-1600\LCCC-1557.png","items/lccc-1557.html","https://ronenglish-archive.github.io/ron-english-light-cult-1001-2000/items/lccc-1557.html","https://opensea.io/item/ethereum/0xbe85fbd182af91290be7293438ae67549638189f/1557","OK",""
"1558","1558","Light Cult Crypto Club #1558","RE-003368","1501-1600","D:\github\ron-english-nfts\light-cult-crypto-club\images\LCCC-1558.png","12882","images/1501-1600/LCCC-1558.png","LCCC-1558.png","D:\github\ron-english-light-cult-1001-2000\images\1501-1600\LCCC-1558.png","items/lccc-1558.html","https://ronenglish-archive.github.io/ron-english-light-cult-1001-2000/items/lccc-1558.html","https://opensea.io/item/ethereum/0xbe85fbd182af91290be7293438ae67549638189f/1558","OK",""
"1559","1559","Light Cult Crypto Club #1559","RE-003369","1501-1600","D:\github\ron-english-nfts\light-cult-crypto-club\images\LCCC-1559.png","11570","images/1501-1600/LCCC-1559.png","LCCC-1559.png","D:\github\ron-english-light-cult-1001-2000\images\1501-1600\LCCC-1559.png","items/lccc-1559.html","https://ronenglish-archive.github.io/ron-english-light-cult-1001-2000/items/lccc-1559.html","https://opensea.io/item/ethereum/0xbe85fbd182af91290be7293438ae67549638189f/1559","OK",""
"1560","1560","Light Cult Crypto Club #1560","RE-003370","1501-1600","D:\github\ron-english-nfts\light-cult-crypto-club\images\LCCC-1560.png","35799","images/1501-1600/LCCC-1560.png","LCCC-1560.png","D:\github\ron-english-light-cult-1001-2000\images\1501-1600\LCCC-1560.png","items/lccc-1560.html","https://ronenglish-archive.github.io/ron-english-light-cult-1001-2000/items/lccc-1560.html","https://opensea.io/item/ethereum/0xbe85fbd182af91290be7293438ae67549638189f/1560","OK",""
"1561","1561","Light Cult Crypto Club #1561","RE-003371","1501-1600","D:\github\ron-english-nfts\light-cult-crypto-club\images\LCCC-1561.png","29750","images/1501-1600/LCCC-1561.png","LCCC-1561.png","D:\github\ron-english-light-cult-1001-2000\images\1501-1600\LCCC-1561.png","items/lccc-1561.html","https://ronenglish-archive.github.io/ron-english-light-cult-1001-2000/items/lccc-1561.html","https://opensea.io/item/ethereum/0xbe85fbd182af91290be7293438ae67549638189f/1561","OK",""
"1562","1562","Light Cult Crypto Club #1562","RE-003372","1501-1600","D:\github\ron-english-nfts\light-cult-crypto-club\images\LCCC-1562.png","28473","images/1501-1600/LCCC-1562.png","LCCC-1562.png","D:\github\ron-english-light-cult-1001-2000\images\1501-1600\LCCC-1562.png","items/lccc-1562.html","https://ronenglish-archive.github.io/ron-english-light-cult-1001-2000/items/lccc-1562.html","https://opensea.io/item/ethereum/0xbe85fbd182af91290be7293438ae67549638189f/1562","OK",""
"1563","1563","Light Cult Crypto Club #1563","RE-003373","1501-1600","D:\github\ron-english-nfts\light-cult-crypto-club\images\LCCC-1563.png","32160","images/1501-1600/LCCC-1563.png","LCCC-1563.png","D:\github\ron-english-light-cult-1001-2000\images\1501-1600\LCCC-1563.png","items/lccc-1563.html","https://ronenglish-archive.github.io/ron-english-light-cult-1001-2000/items/lccc-1563.html","https://opensea.io/item/ethereum/0xbe85fbd182af91290be7293438ae67549638189f/1563","OK",""
"1564","1564","Light Cult Crypto Club #1564","RE-003374","1501-1600","D:\github\ron-english-nfts\light-cult-crypto-club\images\LCCC-1564.png","9789","images/1501-1600/LCCC-1564.png","LCCC-1564.png","D:\github\ron-english-light-cult-1001-2000\images\1501-1600\LCCC-1564.png","items/lccc-1564.html","https://ronenglish-archive.github.io/ron-english-light-cult-1001-2000/items/lccc-1564.html","https://opensea.io/item/ethereum/0xbe85fbd182af91290be7293438ae67549638189f/1564","OK",""
"1565","1565","Light Cult Crypto Club #1565","RE-003375","1501-1600","D:\github\ron-english-nfts\light-cult-crypto-club\images\LCCC-1565.png","6568","images/1501-1600/LCCC-1565.png","LCCC-1565.png","D:\github\ron-english-light-cult-1001-2000\images\1501-1600\LCCC-1565.png","items/lccc-1565.html","https://ronenglish-archive.github.io/ron-english-light-cult-1001-2000/items/lccc-1565.html","https://opensea.io/item/ethereum/0xbe85fbd182af91290be7293438ae67549638189f/1565","OK",""
"1566","1566","Light Cult Crypto Club #1566","RE-003376","1501-1600","D:\github\ron-english-nfts\light-cult-crypto-club\images\LCCC-1566.png","27043","images/1501-1600/LCCC-1566.png","LCCC-1566.png","D:\github\ron-english-light-cult-1001-2000\images\1501-1600\LCCC-1566.png","items/lccc-1566.html","https://ronenglish-archive.github.io/ron-english-light-cult-1001-2000/items/lccc-1566.html","https://opensea.io/item/ethereum/0xbe85fbd182af91290be7293438ae67549638189f/1566","OK",""
"1567","1567","Light Cult Crypto Club #1567","RE-003377","1501-1600","D:\github\ron-english-nfts\light-cult-crypto-club\images\LCCC-1567.png","14866","images/1501-1600/LCCC-1567.png","LCCC-1567.png","D:\github\ron-english-light-cult-1001-2000\images\1501-1600\LCCC-1567.png","items/lccc-1567.html","https://ronenglish-archive.github.io/ron-english-light-cult-1001-2000/items/lccc-1567.html","https://opensea.io/item/ethereum/0xbe85fbd182af91290be7293438ae67549638189f/1567","OK",""
"1568","1568","Light Cult Crypto Club #1568","RE-003378","1501-1600","D:\github\ron-english-nfts\light-cult-crypto-club\images\LCCC-1568.png","34274","images/1501-1600/LCCC-1568.png","LCCC-1568.png","D:\github\ron-english-light-cult-1001-2000\images\1501-1600\LCCC-1568.png","items/lccc-1568.html","https://ronenglish-archive.github.io/ron-english-light-cult-1001-2000/items/lccc-1568.html","https://opensea.io/item/ethereum/0xbe85fbd182af91290be7293438ae67549638189f/1568","OK",""
"1569","1569","Light Cult Crypto Club #1569","RE-003379","1501-1600","D:\github\ron-english-nfts\light-cult-crypto-club\images\LCCC-1569.png","10484","images/1501-1600/LCCC-1569.png","LCCC-1569.png","D:\github\ron-english-light-cult-1001-2000\images\1501-1600\LCCC-1569.png","items/lccc-1569.html","https://ronenglish-archive.github.io/ron-english-light-cult-1001-2000/items/lccc-1569.html","https://opensea.io/item/ethereum/0xbe85fbd182af91290be7293438ae67549638189f/1569","OK",""
"1570","1570","Light Cult Crypto Club #1570","RE-003380","1501-1600","D:\github\ron-english-nfts\light-cult-crypto-club\images\LCCC-1570.png","8925","images/1501-1600/LCCC-1570.png","LCCC-1570.png","D:\github\ron-english-light-cult-1001-2000\images\1501-1600\LCCC-1570.png","items/lccc-1570.html","https://ronenglish-archive.github.io/ron-english-light-cult-1001-2000/items/lccc-1570.html","https://opensea.io/item/ethereum/0xbe85fbd182af91290be7293438ae67549638189f/1570","OK",""
"1571","1571","Light Cult Crypto Club #1571","RE-003381","1501-1600","D:\github\ron-english-nfts\light-cult-crypto-club\images\LCCC-1571.png","16349","images/1501-1600/LCCC-1571.png","LCCC-1571.png","D:\github\ron-english-light-cult-1001-2000\images\1501-1600\LCCC-1571.png","items/lccc-1571.html","https://ronenglish-archive.github.io/ron-english-light-cult-1001-2000/items/lccc-1571.html","https://opensea.io/item/ethereum/0xbe85fbd182af91290be7293438ae67549638189f/1571","OK",""
"1572","1572","Light Cult Crypto Club #1572","RE-003382","1501-1600","D:\github\ron-english-nfts\light-cult-crypto-club\images\LCCC-1572.png","8706","images/1501-1600/LCCC-1572.png","LCCC-1572.png","D:\github\ron-english-light-cult-1001-2000\images\1501-1600\LCCC-1572.png","items/lccc-1572.html","https://ronenglish-archive.github.io/ron-english-light-cult-1001-2000/items/lccc-1572.html","https://opensea.io/item/ethereum/0xbe85fbd182af91290be7293438ae67549638189f/1572","OK",""
"1573","1573","Light Cult Crypto Club #1573","RE-003383","1501-1600","","","","","","items/lccc-1573.html","https://ronenglish-archive.github.io/ron-english-light-cult-1001-2000/items/lccc-1573.html","https://opensea.io/item/ethereum/0xbe85fbd182af91290be7293438ae67549638189f/1573","MISSING SOURCE IMAGE","No source image found for token #1573"
"1574","1574","Light Cult Crypto Club #1574","RE-003384","1501-1600","D:\github\ron-english-nfts\light-cult-crypto-club\images\LCCC-1574.png","7723","images/1501-1600/LCCC-1574.png","LCCC-1574.png","D:\github\ron-english-light-cult-1001-2000\images\1501-1600\LCCC-1574.png","items/lccc-1574.html","https://ronenglish-archive.github.io/ron-english-light-cult-1001-2000/items/lccc-1574.html","https://opensea.io/item/ethereum/0xbe85fbd182af91290be7293438ae67549638189f/1574","OK",""
"1575","1575","Light Cult Crypto Club #1575","RE-003385","1501-1600","D:\github\ron-english-nfts\light-cult-crypto-club\images\LCCC-1575.png","30914","images/1501-1600/LCCC-1575.png","LCCC-1575.png","D:\github\ron-english-light-cult-1001-2000\images\1501-1600\LCCC-1575.png","items/lccc-1575.html","https://ronenglish-archive.github.io/ron-english-light-cult-1001-2000/items/lccc-1575.html","https://opensea.io/item/ethereum/0xbe85fbd182af91290be7293438ae67549638189f/1575","OK",""
"1576","1576","Light Cult Crypto Club #1576","RE-003386","1501-1600","D:\github\ron-english-nfts\light-cult-crypto-club\images\LCCC-1576.png","15695","images/1501-1600/LCCC-1576.png","LCCC-1576.png","D:\github\ron-english-light-cult-1001-2000\images\1501-1600\LCCC-1576.png","items/lccc-1576.html","https://ronenglish-archive.github.io/ron-english-light-cult-1001-2000/items/lccc-1576.html","https://opensea.io/item/ethereum/0xbe85fbd182af91290be7293438ae67549638189f/1576","OK",""
"1577","1577","Light Cult Crypto Club #1577","RE-003387","1501-1600","","","","","","items/lccc-1577.html","https://ronenglish-archive.github.io/ron-english-light-cult-1001-2000/items/lccc-1577.html","https://opensea.io/item/ethereum/0xbe85fbd182af91290be7293438ae67549638189f/1577","MISSING SOURCE IMAGE","No source image found for token #1577"
"1578","1578","Light Cult Crypto Club #1578","RE-003388","1501-1600","","","","","","items/lccc-1578.html","https://ronenglish-archive.github.io/ron-english-light-cult-1001-2000/items/lccc-1578.html","https://opensea.io/item/ethereum/0xbe85fbd182af91290be7293438ae67549638189f/1578","MISSING SOURCE IMAGE","No source image found for token #1578"
"1579","1579","Light Cult Crypto Club #1579","RE-003389","1501-1600","D:\github\ron-english-nfts\light-cult-crypto-club\images\LCCC-1579.png","29181","images/1501-1600/LCCC-1579.png","LCCC-1579.png","D:\github\ron-english-light-cult-1001-2000\images\1501-1600\LCCC-1579.png","items/lccc-1579.html","https://ronenglish-archive.github.io/ron-english-light-cult-1001-2000/items/lccc-1579.html","https://opensea.io/item/ethereum/0xbe85fbd182af91290be7293438ae67549638189f/1579","OK",""
"1580","1580","Light Cult Crypto Club #1580","RE-003390","1501-1600","D:\github\ron-english-nfts\light-cult-crypto-club\images\LCCC-1580.png","19336","images/1501-1600/LCCC-1580.png","LCCC-1580.png","D:\github\ron-english-light-cult-1001-2000\images\1501-1600\LCCC-1580.png","items/lccc-1580.html","https://ronenglish-archive.github.io/ron-english-light-cult-1001-2000/items/lccc-1580.html","https://opensea.io/item/ethereum/0xbe85fbd182af91290be7293438ae67549638189f/1580","OK",""
"1581","1581","Light Cult Crypto Club #1581","RE-003391","1501-1600","D:\github\ron-english-nfts\light-cult-crypto-club\images\LCCC-1581.png","23716","images/1501-1600/LCCC-1581.png","LCCC-1581.png","D:\github\ron-english-light-cult-1001-2000\images\1501-1600\LCCC-1581.png","items/lccc-1581.html","https://ronenglish-archive.github.io/ron-english-light-cult-1001-2000/items/lccc-1581.html","https://opensea.io/item/ethereum/0xbe85fbd182af91290be7293438ae67549638189f/1581","OK",""
"1582","1582","Light Cult Crypto Club #1582","RE-003392","1501-1600","D:\github\ron-english-nfts\light-cult-crypto-club\images\LCCC-1582.png","19583","images/1501-1600/LCCC-1582.png","LCCC-1582.png","D:\github\ron-english-light-cult-1001-2000\images\1501-1600\LCCC-1582.png","items/lccc-1582.html","https://ronenglish-archive.github.io/ron-english-light-cult-1001-2000/items/lccc-1582.html","https://opensea.io/item/ethereum/0xbe85fbd182af91290be7293438ae67549638189f/1582","OK",""
"1583","1583","Light Cult Crypto Club #1583","RE-003393","1501-1600","D:\github\ron-english-nfts\light-cult-crypto-club\images\LCCC-1583.png","13019","images/1501-1600/LCCC-1583.png","LCCC-1583.png","D:\github\ron-english-light-cult-1001-2000\images\1501-1600\LCCC-1583.png","items/lccc-1583.html","https://ronenglish-archive.github.io/ron-english-light-cult-1001-2000/items/lccc-1583.html","https://opensea.io/item/ethereum/0xbe85fbd182af91290be7293438ae67549638189f/1583","OK",""
"1584","1584","Light Cult Crypto Club #1584","RE-003394","1501-1600","D:\github\ron-english-nfts\light-cult-crypto-club\images\LCCC-1584.png","31430","images/1501-1600/LCCC-1584.png","LCCC-1584.png","D:\github\ron-english-light-cult-1001-2000\images\1501-1600\LCCC-1584.png","items/lccc-1584.html","https://ronenglish-archive.github.io/ron-english-light-cult-1001-2000/items/lccc-1584.html","https://opensea.io/item/ethereum/0xbe85fbd182af91290be7293438ae67549638189f/1584","OK",""
"1585","1585","Light Cult Crypto Club #1585","RE-003395","1501-1600","D:\github\ron-english-nfts\light-cult-crypto-club\images\LCCC-1585.png","26002","images/1501-1600/LCCC-1585.png","LCCC-1585.png","D:\github\ron-english-light-cult-1001-2000\images\1501-1600\LCCC-1585.png","items/lccc-1585.html","https://ronenglish-archive.github.io/ron-english-light-cult-1001-2000/items/lccc-1585.html","https://opensea.io/item/ethereum/0xbe85fbd182af91290be7293438ae67549638189f/1585","OK",""
"1586","1586","Light Cult Crypto Club #1586","RE-003396","1501-1600","D:\github\ron-english-nfts\light-cult-crypto-club\images\LCCC-1586.png","17339","images/1501-1600/LCCC-1586.png","LCCC-1586.png","D:\github\ron-english-light-cult-1001-2000\images\1501-1600\LCCC-1586.png","items/lccc-1586.html","https://ronenglish-archive.github.io/ron-english-light-cult-1001-2000/items/lccc-1586.html","https://opensea.io/item/ethereum/0xbe85fbd182af91290be7293438ae67549638189f/1586","OK",""
"1587","1587","Light Cult Crypto Club #1587","RE-003397","1501-1600","D:\github\ron-english-nfts\light-cult-crypto-club\images\LCCC-1587.png","12347","images/1501-1600/LCCC-1587.png","LCCC-1587.png","D:\github\ron-english-light-cult-1001-2000\images\1501-1600\LCCC-1587.png","items/lccc-1587.html","https://ronenglish-archive.github.io/ron-english-light-cult-1001-2000/items/lccc-1587.html","https://opensea.io/item/ethereum/0xbe85fbd182af91290be7293438ae67549638189f/1587","OK",""
"1588","1588","Light Cult Crypto Club #1588","RE-003398","1501-1600","D:\github\ron-english-nfts\light-cult-crypto-club\images\LCCC-1588.png","35662","images/1501-1600/LCCC-1588.png","LCCC-1588.png","D:\github\ron-english-light-cult-1001-2000\images\1501-1600\LCCC-1588.png","items/lccc-1588.html","https://ronenglish-archive.github.io/ron-english-light-cult-1001-2000/items/lccc-1588.html","https://opensea.io/item/ethereum/0xbe85fbd182af91290be7293438ae67549638189f/1588","OK",""
"1589","1589","Light Cult Crypto Club #1589","RE-003399","1501-1600","D:\github\ron-english-nfts\light-cult-crypto-club\images\LCCC-1589.png","29212","images/1501-1600/LCCC-1589.png","LCCC-1589.png","D:\github\ron-english-light-cult-1001-2000\images\1501-1600\LCCC-1589.png","items/lccc-1589.html","https://ronenglish-archive.github.io/ron-english-light-cult-1001-2000/items/lccc-1589.html","https://opensea.io/item/ethereum/0xbe85fbd182af91290be7293438ae67549638189f/1589","OK",""
"1590","1590","Light Cult Crypto Club #1590","RE-003400","1501-1600","D:\github\ron-english-nfts\light-cult-crypto-club\images\LCCC-1590.png","11959","images/1501-1600/LCCC-1590.png","LCCC-1590.png","D:\github\ron-english-light-cult-1001-2000\images\1501-1600\LCCC-1590.png","items/lccc-1590.html","https://ronenglish-archive.github.io/ron-english-light-cult-1001-2000/items/lccc-1590.html","https://opensea.io/item/ethereum/0xbe85fbd182af91290be7293438ae67549638189f/1590","OK",""
"1591","1591","Light Cult Crypto Club #1591","RE-003401","1501-1600","D:\github\ron-english-nfts\light-cult-crypto-club\images\LCCC-1591.png","4754","images/1501-1600/LCCC-1591.png","LCCC-1591.png","D:\github\ron-english-light-cult-1001-2000\images\1501-1600\LCCC-1591.png","items/lccc-1591.html","https://ronenglish-archive.github.io/ron-english-light-cult-1001-2000/items/lccc-1591.html","https://opensea.io/item/ethereum/0xbe85fbd182af91290be7293438ae67549638189f/1591","OK",""
"1592","1592","Light Cult Crypto Club #1592","RE-003402","1501-1600","D:\github\ron-english-nfts\light-cult-crypto-club\images\LCCC-1592.png","23605","images/1501-1600/LCCC-1592.png","LCCC-1592.png","D:\github\ron-english-light-cult-1001-2000\images\1501-1600\LCCC-1592.png","items/lccc-1592.html","https://ronenglish-archive.github.io/ron-english-light-cult-1001-2000/items/lccc-1592.html","https://opensea.io/item/ethereum/0xbe85fbd182af91290be7293438ae67549638189f/1592","OK",""
"1593","1593","Light Cult Crypto Club #1593","RE-003403","1501-1600","D:\github\ron-english-nfts\light-cult-crypto-club\images\LCCC-1593.png","15412","images/1501-1600/LCCC-1593.png","LCCC-1593.png","D:\github\ron-english-light-cult-1001-2000\images\1501-1600\LCCC-1593.png","items/lccc-1593.html","https://ronenglish-archive.github.io/ron-english-light-cult-1001-2000/items/lccc-1593.html","https://opensea.io/item/ethereum/0xbe85fbd182af91290be7293438ae67549638189f/1593","OK",""
"1594","1594","Light Cult Crypto Club #1594","RE-003404","1501-1600","D:\github\ron-english-nfts\light-cult-crypto-club\images\LCCC-1594.png","24071","images/1501-1600/LCCC-1594.png","LCCC-1594.png","D:\github\ron-english-light-cult-1001-2000\images\1501-1600\LCCC-1594.png","items/lccc-1594.html","https://ronenglish-archive.github.io/ron-english-light-cult-1001-2000/items/lccc-1594.html","https://opensea.io/item/ethereum/0xbe85fbd182af91290be7293438ae67549638189f/1594","OK",""
"1595","1595","Light Cult Crypto Club #1595","RE-003405","1501-1600","D:\github\ron-english-nfts\light-cult-crypto-club\images\LCCC-1595.png","16787","images/1501-1600/LCCC-1595.png","LCCC-1595.png","D:\github\ron-english-light-cult-1001-2000\images\1501-1600\LCCC-1595.png","items/lccc-1595.html","https://ronenglish-archive.github.io/ron-english-light-cult-1001-2000/items/lccc-1595.html","https://opensea.io/item/ethereum/0xbe85fbd182af91290be7293438ae67549638189f/1595","OK",""
"1596","1596","Light Cult Crypto Club #1596","RE-003406","1501-1600","","","","","","items/lccc-1596.html","https://ronenglish-archive.github.io/ron-english-light-cult-1001-2000/items/lccc-1596.html","https://opensea.io/item/ethereum/0xbe85fbd182af91290be7293438ae67549638189f/1596","MISSING SOURCE IMAGE","No source image found for token #1596"
"1597","1597","Light Cult Crypto Club #1597","RE-003407","1501-1600","D:\github\ron-english-nfts\light-cult-crypto-club\images\LCCC-1597.png","26264","images/1501-1600/LCCC-1597.png","LCCC-1597.png","D:\github\ron-english-light-cult-1001-2000\images\1501-1600\LCCC-1597.png","items/lccc-1597.html","https://ronenglish-archive.github.io/ron-english-light-cult-1001-2000/items/lccc-1597.html","https://opensea.io/item/ethereum/0xbe85fbd182af91290be7293438ae67549638189f/1597","OK",""
"1598","1598","Light Cult Crypto Club #1598","RE-003408","1501-1600","D:\github\ron-english-nfts\light-cult-crypto-club\images\LCCC-1598.png","22344","images/1501-1600/LCCC-1598.png","LCCC-1598.png","D:\github\ron-english-light-cult-1001-2000\images\1501-1600\LCCC-1598.png","items/lccc-1598.html","https://ronenglish-archive.github.io/ron-english-light-cult-1001-2000/items/lccc-1598.html","https://opensea.io/item/ethereum/0xbe85fbd182af91290be7293438ae67549638189f/1598","OK",""
"1599","1599","Light Cult Crypto Club #1599","RE-003409","1501-1600","D:\github\ron-english-nfts\light-cult-crypto-club\images\LCCC-1599.png","25861","images/1501-1600/LCCC-1599.png","LCCC-1599.png","D:\github\ron-english-light-cult-1001-2000\images\1501-1600\LCCC-1599.png","items/lccc-1599.html","https://ronenglish-archive.github.io/ron-english-light-cult-1001-2000/items/lccc-1599.html","https://opensea.io/item/ethereum/0xbe85fbd182af91290be7293438ae67549638189f/1599","OK",""
"1600","1600","Light Cult Crypto Club #1600","RE-003410","1501-1600","D:\github\ron-english-nfts\light-cult-crypto-club\images\LCCC-1600.png","9927","images/1501-1600/LCCC-1600.png","LCCC-1600.png","D:\github\ron-english-light-cult-1001-2000\images\1501-1600\LCCC-1600.png","items/lccc-1600.html","https://ronenglish-archive.github.io/ron-english-light-cult-1001-2000/items/lccc-1600.html","https://opensea.io/item/ethereum/0xbe85fbd182af91290be7293438ae67549638189f/1600","OK",""
"1601","1601","Light Cult Crypto Club #1601","RE-003411","1601-1700","D:\github\ron-english-nfts\light-cult-crypto-club\images\LCCC-1601.png","10880","images/1601-1700/LCCC-1601.png","LCCC-1601.png","D:\github\ron-english-light-cult-1001-2000\images\1601-1700\LCCC-1601.png","items/lccc-1601.html","https://ronenglish-archive.github.io/ron-english-light-cult-1001-2000/items/lccc-1601.html","https://opensea.io/item/ethereum/0xbe85fbd182af91290be7293438ae67549638189f/1601","OK",""
"1602","1602","Light Cult Crypto Club #1602","RE-003412","1601-1700","D:\github\ron-english-nfts\light-cult-crypto-club\images\LCCC-1602.png","11297","images/1601-1700/LCCC-1602.png","LCCC-1602.png","D:\github\ron-english-light-cult-1001-2000\images\1601-1700\LCCC-1602.png","items/lccc-1602.html","https://ronenglish-archive.github.io/ron-english-light-cult-1001-2000/items/lccc-1602.html","https://opensea.io/item/ethereum/0xbe85fbd182af91290be7293438ae67549638189f/1602","OK",""
"1603","1603","Light Cult Crypto Club #1603","RE-003413","1601-1700","D:\github\ron-english-nfts\light-cult-crypto-club\images\LCCC-1603.png","64572","images/1601-1700/LCCC-1603.png","LCCC-1603.png","D:\github\ron-english-light-cult-1001-2000\images\1601-1700\LCCC-1603.png","items/lccc-1603.html","https://ronenglish-archive.github.io/ron-english-light-cult-1001-2000/items/lccc-1603.html","https://opensea.io/item/ethereum/0xbe85fbd182af91290be7293438ae67549638189f/1603","OK",""
"1604","1604","Light Cult Crypto Club #1604","RE-003414","1601-1700","D:\github\ron-english-nfts\light-cult-crypto-club\images\LCCC-1604.png","21701","images/1601-1700/LCCC-1604.png","LCCC-1604.png","D:\github\ron-english-light-cult-1001-2000\images\1601-1700\LCCC-1604.png","items/lccc-1604.html","https://ronenglish-archive.github.io/ron-english-light-cult-1001-2000/items/lccc-1604.html","https://opensea.io/item/ethereum/0xbe85fbd182af91290be7293438ae67549638189f/1604","OK",""
"1605","1605","Light Cult Crypto Club #1605","RE-003415","1601-1700","D:\github\ron-english-nfts\light-cult-crypto-club\images\LCCC-1605.png","10262","images/1601-1700/LCCC-1605.png","LCCC-1605.png","D:\github\ron-english-light-cult-1001-2000\images\1601-1700\LCCC-1605.png","items/lccc-1605.html","https://ronenglish-archive.github.io/ron-english-light-cult-1001-2000/items/lccc-1605.html","https://opensea.io/item/ethereum/0xbe85fbd182af91290be7293438ae67549638189f/1605","OK",""
"1606","1606","Light Cult Crypto Club #1606","RE-003416","1601-1700","","","","","","items/lccc-1606.html","https://ronenglish-archive.github.io/ron-english-light-cult-1001-2000/items/lccc-1606.html","https://opensea.io/item/ethereum/0xbe85fbd182af91290be7293438ae67549638189f/1606","MISSING SOURCE IMAGE","No source image found for token #1606"
"1607","1607","Light Cult Crypto Club #1607","RE-003417","1601-1700","D:\github\ron-english-nfts\light-cult-crypto-club\images\LCCC-1607.png","6725","images/1601-1700/LCCC-1607.png","LCCC-1607.png","D:\github\ron-english-light-cult-1001-2000\images\1601-1700\LCCC-1607.png","items/lccc-1607.html","https://ronenglish-archive.github.io/ron-english-light-cult-1001-2000/items/lccc-1607.html","https://opensea.io/item/ethereum/0xbe85fbd182af91290be7293438ae67549638189f/1607","OK",""
"1608","1608","Light Cult Crypto Club #1608","RE-003418","1601-1700","D:\github\ron-english-nfts\light-cult-crypto-club\images\LCCC-1608.png","45523","images/1601-1700/LCCC-1608.png","LCCC-1608.png","D:\github\ron-english-light-cult-1001-2000\images\1601-1700\LCCC-1608.png","items/lccc-1608.html","https://ronenglish-archive.github.io/ron-english-light-cult-1001-2000/items/lccc-1608.html","https://opensea.io/item/ethereum/0xbe85fbd182af91290be7293438ae67549638189f/1608","OK",""
"1609","1609","Light Cult Crypto Club #1609","RE-003419","1601-1700","D:\github\ron-english-nfts\light-cult-crypto-club\images\LCCC-1609.png","6691","images/1601-1700/LCCC-1609.png","LCCC-1609.png","D:\github\ron-english-light-cult-1001-2000\images\1601-1700\LCCC-1609.png","items/lccc-1609.html","https://ronenglish-archive.github.io/ron-english-light-cult-1001-2000/items/lccc-1609.html","https://opensea.io/item/ethereum/0xbe85fbd182af91290be7293438ae67549638189f/1609","OK",""
"1610","1610","Light Cult Crypto Club #1610","RE-003420","1601-1700","","","","","","items/lccc-1610.html","https://ronenglish-archive.github.io/ron-english-light-cult-1001-2000/items/lccc-1610.html","https://opensea.io/item/ethereum/0xbe85fbd182af91290be7293438ae67549638189f/1610","MISSING SOURCE IMAGE","No source image found for token #1610"
"1611","1611","Light Cult Crypto Club #1611","RE-003421","1601-1700","D:\github\ron-english-nfts\light-cult-crypto-club\images\LCCC-1611.png","6139","images/1601-1700/LCCC-1611.png","LCCC-1611.png","D:\github\ron-english-light-cult-1001-2000\images\1601-1700\LCCC-1611.png","items/lccc-1611.html","https://ronenglish-archive.github.io/ron-english-light-cult-1001-2000/items/lccc-1611.html","https://opensea.io/item/ethereum/0xbe85fbd182af91290be7293438ae67549638189f/1611","OK",""
"1612","1612","Light Cult Crypto Club #1612","RE-003422","1601-1700","","","","","","items/lccc-1612.html","https://ronenglish-archive.github.io/ron-english-light-cult-1001-2000/items/lccc-1612.html","https://opensea.io/item/ethereum/0xbe85fbd182af91290be7293438ae67549638189f/1612","MISSING SOURCE IMAGE","No source image found for token #1612"
"1613","1613","Light Cult Crypto Club #1613","RE-003423","1601-1700","D:\github\ron-english-nfts\light-cult-crypto-club\images\LCCC-1613.png","11199","images/1601-1700/LCCC-1613.png","LCCC-1613.png","D:\github\ron-english-light-cult-1001-2000\images\1601-1700\LCCC-1613.png","items/lccc-1613.html","https://ronenglish-archive.github.io/ron-english-light-cult-1001-2000/items/lccc-1613.html","https://opensea.io/item/ethereum/0xbe85fbd182af91290be7293438ae67549638189f/1613","OK",""
"1614","1614","Light Cult Crypto Club #1614","RE-003424","1601-1700","D:\github\ron-english-nfts\light-cult-crypto-club\images\LCCC-1614.png","6117","images/1601-1700/LCCC-1614.png","LCCC-1614.png","D:\github\ron-english-light-cult-1001-2000\images\1601-1700\LCCC-1614.png","items/lccc-1614.html","https://ronenglish-archive.github.io/ron-english-light-cult-1001-2000/items/lccc-1614.html","https://opensea.io/item/ethereum/0xbe85fbd182af91290be7293438ae67549638189f/1614","OK",""
"1615","1615","Light Cult Crypto Club #1615","RE-003425","1601-1700","D:\github\ron-english-nfts\light-cult-crypto-club\images\LCCC-1615.png","25244","images/1601-1700/LCCC-1615.png","LCCC-1615.png","D:\github\ron-english-light-cult-1001-2000\images\1601-1700\LCCC-1615.png","items/lccc-1615.html","https://ronenglish-archive.github.io/ron-english-light-cult-1001-2000/items/lccc-1615.html","https://opensea.io/item/ethereum/0xbe85fbd182af91290be7293438ae67549638189f/1615","OK",""
"1616","1616","Light Cult Crypto Club #1616","RE-003426","1601-1700","D:\github\ron-english-nfts\light-cult-crypto-club\images\LCCC-1616.png","28224","images/1601-1700/LCCC-1616.png","LCCC-1616.png","D:\github\ron-english-light-cult-1001-2000\images\1601-1700\LCCC-1616.png","items/lccc-1616.html","https://ronenglish-archive.github.io/ron-english-light-cult-1001-2000/items/lccc-1616.html","https://opensea.io/item/ethereum/0xbe85fbd182af91290be7293438ae67549638189f/1616","OK",""
"1617","1617","Light Cult Crypto Club #1617","RE-003427","1601-1700","D:\github\ron-english-nfts\light-cult-crypto-club\images\LCCC-1617.png","30694","images/1601-1700/LCCC-1617.png","LCCC-1617.png","D:\github\ron-english-light-cult-1001-2000\images\1601-1700\LCCC-1617.png","items/lccc-1617.html","https://ronenglish-archive.github.io/ron-english-light-cult-1001-2000/items/lccc-1617.html","https://opensea.io/item/ethereum/0xbe85fbd182af91290be7293438ae67549638189f/1617","OK",""
"1618","1618","Light Cult Crypto Club #1618","RE-003428","1601-1700","D:\github\ron-english-nfts\light-cult-crypto-club\images\LCCC-1618.png","11279","images/1601-1700/LCCC-1618.png","LCCC-1618.png","D:\github\ron-english-light-cult-1001-2000\images\1601-1700\LCCC-1618.png","items/lccc-1618.html","https://ronenglish-archive.github.io/ron-english-light-cult-1001-2000/items/lccc-1618.html","https://opensea.io/item/ethereum/0xbe85fbd182af91290be7293438ae67549638189f/1618","OK",""
"1619","1619","Light Cult Crypto Club #1619","RE-003429","1601-1700","D:\github\ron-english-nfts\light-cult-crypto-club\images\LCCC-1619.png","22764","images/1601-1700/LCCC-1619.png","LCCC-1619.png","D:\github\ron-english-light-cult-1001-2000\images\1601-1700\LCCC-1619.png","items/lccc-1619.html","https://ronenglish-archive.github.io/ron-english-light-cult-1001-2000/items/lccc-1619.html","https://opensea.io/item/ethereum/0xbe85fbd182af91290be7293438ae67549638189f/1619","OK",""
"1620","1620","Light Cult Crypto Club #1620","RE-003430","1601-1700","D:\github\ron-english-nfts\light-cult-crypto-club\images\LCCC-1620.png","12358","images/1601-1700/LCCC-1620.png","LCCC-1620.png","D:\github\ron-english-light-cult-1001-2000\images\1601-1700\LCCC-1620.png","items/lccc-1620.html","https://ronenglish-archive.github.io/ron-english-light-cult-1001-2000/items/lccc-1620.html","https://opensea.io/item/ethereum/0xbe85fbd182af91290be7293438ae67549638189f/1620","OK",""
"1621","1621","Light Cult Crypto Club #1621","RE-003431","1601-1700","D:\github\ron-english-nfts\light-cult-crypto-club\images\LCCC-1621.png","30144","images/1601-1700/LCCC-1621.png","LCCC-1621.png","D:\github\ron-english-light-cult-1001-2000\images\1601-1700\LCCC-1621.png","items/lccc-1621.html","https://ronenglish-archive.github.io/ron-english-light-cult-1001-2000/items/lccc-1621.html","https://opensea.io/item/ethereum/0xbe85fbd182af91290be7293438ae67549638189f/1621","OK",""
"1622","1622","Light Cult Crypto Club #1622","RE-003432","1601-1700","D:\github\ron-english-nfts\light-cult-crypto-club\images\LCCC-1622.png","35407","images/1601-1700/LCCC-1622.png","LCCC-1622.png","D:\github\ron-english-light-cult-1001-2000\images\1601-1700\LCCC-1622.png","items/lccc-1622.html","https://ronenglish-archive.github.io/ron-english-light-cult-1001-2000/items/lccc-1622.html","https://opensea.io/item/ethereum/0xbe85fbd182af91290be7293438ae67549638189f/1622","OK",""
"1623","1623","Light Cult Crypto Club #1623","RE-003433","1601-1700","D:\github\ron-english-nfts\light-cult-crypto-club\images\LCCC-1623.png","36783","images/1601-1700/LCCC-1623.png","LCCC-1623.png","D:\github\ron-english-light-cult-1001-2000\images\1601-1700\LCCC-1623.png","items/lccc-1623.html","https://ronenglish-archive.github.io/ron-english-light-cult-1001-2000/items/lccc-1623.html","https://opensea.io/item/ethereum/0xbe85fbd182af91290be7293438ae67549638189f/1623","OK",""
"1624","1624","Light Cult Crypto Club #1624","RE-003434","1601-1700","D:\github\ron-english-nfts\light-cult-crypto-club\images\LCCC-1624.png","19565","images/1601-1700/LCCC-1624.png","LCCC-1624.png","D:\github\ron-english-light-cult-1001-2000\images\1601-1700\LCCC-1624.png","items/lccc-1624.html","https://ronenglish-archive.github.io/ron-english-light-cult-1001-2000/items/lccc-1624.html","https://opensea.io/item/ethereum/0xbe85fbd182af91290be7293438ae67549638189f/1624","OK",""
"1625","1625","Light Cult Crypto Club #1625","RE-003435","1601-1700","D:\github\ron-english-nfts\light-cult-crypto-club\images\LCCC-1625.png","14275","images/1601-1700/LCCC-1625.png","LCCC-1625.png","D:\github\ron-english-light-cult-1001-2000\images\1601-1700\LCCC-1625.png","items/lccc-1625.html","https://ronenglish-archive.github.io/ron-english-light-cult-1001-2000/items/lccc-1625.html","https://opensea.io/item/ethereum/0xbe85fbd182af91290be7293438ae67549638189f/1625","OK",""
"1626","1626","Light Cult Crypto Club #1626","RE-003436","1601-1700","D:\github\ron-english-nfts\light-cult-crypto-club\images\LCCC-1626.png","33721","images/1601-1700/LCCC-1626.png","LCCC-1626.png","D:\github\ron-english-light-cult-1001-2000\images\1601-1700\LCCC-1626.png","items/lccc-1626.html","https://ronenglish-archive.github.io/ron-english-light-cult-1001-2000/items/lccc-1626.html","https://opensea.io/item/ethereum/0xbe85fbd182af91290be7293438ae67549638189f/1626","OK",""
"1627","1627","Light Cult Crypto Club #1627","RE-003437","1601-1700","D:\github\ron-english-nfts\light-cult-crypto-club\images\LCCC-1627.png","9015","images/1601-1700/LCCC-1627.png","LCCC-1627.png","D:\github\ron-english-light-cult-1001-2000\images\1601-1700\LCCC-1627.png","items/lccc-1627.html","https://ronenglish-archive.github.io/ron-english-light-cult-1001-2000/items/lccc-1627.html","https://opensea.io/item/ethereum/0xbe85fbd182af91290be7293438ae67549638189f/1627","OK",""
"1628","1628","Light Cult Crypto Club #1628","RE-003438","1601-1700","D:\github\ron-english-nfts\light-cult-crypto-club\images\LCCC-1628.png","20743","images/1601-1700/LCCC-1628.png","LCCC-1628.png","D:\github\ron-english-light-cult-1001-2000\images\1601-1700\LCCC-1628.png","items/lccc-1628.html","https://ronenglish-archive.github.io/ron-english-light-cult-1001-2000/items/lccc-1628.html","https://opensea.io/item/ethereum/0xbe85fbd182af91290be7293438ae67549638189f/1628","OK",""
"1629","1629","Light Cult Crypto Club #1629","RE-003439","1601-1700","D:\github\ron-english-nfts\light-cult-crypto-club\images\LCCC-1629.png","23246","images/1601-1700/LCCC-1629.png","LCCC-1629.png","D:\github\ron-english-light-cult-1001-2000\images\1601-1700\LCCC-1629.png","items/lccc-1629.html","https://ronenglish-archive.github.io/ron-english-light-cult-1001-2000/items/lccc-1629.html","https://opensea.io/item/ethereum/0xbe85fbd182af91290be7293438ae67549638189f/1629","OK",""
"1630","1630","Light Cult Crypto Club #1630","RE-003440","1601-1700","D:\github\ron-english-nfts\light-cult-crypto-club\images\LCCC-1630.png","11153","images/1601-1700/LCCC-1630.png","LCCC-1630.png","D:\github\ron-english-light-cult-1001-2000\images\1601-1700\LCCC-1630.png","items/lccc-1630.html","https://ronenglish-archive.github.io/ron-english-light-cult-1001-2000/items/lccc-1630.html","https://opensea.io/item/ethereum/0xbe85fbd182af91290be7293438ae67549638189f/1630","OK",""
"1631","1631","Light Cult Crypto Club #1631","RE-003441","1601-1700","","","","","","items/lccc-1631.html","https://ronenglish-archive.github.io/ron-english-light-cult-1001-2000/items/lccc-1631.html","https://opensea.io/item/ethereum/0xbe85fbd182af91290be7293438ae67549638189f/1631","MISSING SOURCE IMAGE","No source image found for token #1631"
"1632","1632","Light Cult Crypto Club #1632","RE-003442","1601-1700","D:\github\ron-english-nfts\light-cult-crypto-club\images\LCCC-1632.png","29276","images/1601-1700/LCCC-1632.png","LCCC-1632.png","D:\github\ron-english-light-cult-1001-2000\images\1601-1700\LCCC-1632.png","items/lccc-1632.html","https://ronenglish-archive.github.io/ron-english-light-cult-1001-2000/items/lccc-1632.html","https://opensea.io/item/ethereum/0xbe85fbd182af91290be7293438ae67549638189f/1632","OK",""
"1633","1633","Light Cult Crypto Club #1633","RE-003443","1601-1700","D:\github\ron-english-nfts\light-cult-crypto-club\images\LCCC-1633.png","19099","images/1601-1700/LCCC-1633.png","LCCC-1633.png","D:\github\ron-english-light-cult-1001-2000\images\1601-1700\LCCC-1633.png","items/lccc-1633.html","https://ronenglish-archive.github.io/ron-english-light-cult-1001-2000/items/lccc-1633.html","https://opensea.io/item/ethereum/0xbe85fbd182af91290be7293438ae67549638189f/1633","OK",""
"1634","1634","Light Cult Crypto Club #1634","RE-003444","1601-1700","D:\github\ron-english-nfts\light-cult-crypto-club\images\LCCC-1634.png","13197","images/1601-1700/LCCC-1634.png","LCCC-1634.png","D:\github\ron-english-light-cult-1001-2000\images\1601-1700\LCCC-1634.png","items/lccc-1634.html","https://ronenglish-archive.github.io/ron-english-light-cult-1001-2000/items/lccc-1634.html","https://opensea.io/item/ethereum/0xbe85fbd182af91290be7293438ae67549638189f/1634","OK",""
"1635","1635","Light Cult Crypto Club #1635","RE-003445","1601-1700","D:\github\ron-english-nfts\light-cult-crypto-club\images\LCCC-1635.png","9956","images/1601-1700/LCCC-1635.png","LCCC-1635.png","D:\github\ron-english-light-cult-1001-2000\images\1601-1700\LCCC-1635.png","items/lccc-1635.html","https://ronenglish-archive.github.io/ron-english-light-cult-1001-2000/items/lccc-1635.html","https://opensea.io/item/ethereum/0xbe85fbd182af91290be7293438ae67549638189f/1635","OK",""
"1636","1636","Light Cult Crypto Club #1636","RE-003446","1601-1700","D:\github\ron-english-nfts\light-cult-crypto-club\images\LCCC-1636.png","9446","images/1601-1700/LCCC-1636.png","LCCC-1636.png","D:\github\ron-english-light-cult-1001-2000\images\1601-1700\LCCC-1636.png","items/lccc-1636.html","https://ronenglish-archive.github.io/ron-english-light-cult-1001-2000/items/lccc-1636.html","https://opensea.io/item/ethereum/0xbe85fbd182af91290be7293438ae67549638189f/1636","OK",""
"1637","1637","Light Cult Crypto Club #1637","RE-003447","1601-1700","D:\github\ron-english-nfts\light-cult-crypto-club\images\LCCC-1637.png","28896","images/1601-1700/LCCC-1637.png","LCCC-1637.png","D:\github\ron-english-light-cult-1001-2000\images\1601-1700\LCCC-1637.png","items/lccc-1637.html","https://ronenglish-archive.github.io/ron-english-light-cult-1001-2000/items/lccc-1637.html","https://opensea.io/item/ethereum/0xbe85fbd182af91290be7293438ae67549638189f/1637","OK",""
"1638","1638","Light Cult Crypto Club #1638","RE-003448","1601-1700","D:\github\ron-english-nfts\light-cult-crypto-club\images\LCCC-1638.png","15650","images/1601-1700/LCCC-1638.png","LCCC-1638.png","D:\github\ron-english-light-cult-1001-2000\images\1601-1700\LCCC-1638.png","items/lccc-1638.html","https://ronenglish-archive.github.io/ron-english-light-cult-1001-2000/items/lccc-1638.html","https://opensea.io/item/ethereum/0xbe85fbd182af91290be7293438ae67549638189f/1638","OK",""
"1639","1639","Light Cult Crypto Club #1639","RE-003449","1601-1700","D:\github\ron-english-nfts\light-cult-crypto-club\images\LCCC-1639.png","4250","images/1601-1700/LCCC-1639.png","LCCC-1639.png","D:\github\ron-english-light-cult-1001-2000\images\1601-1700\LCCC-1639.png","items/lccc-1639.html","https://ronenglish-archive.github.io/ron-english-light-cult-1001-2000/items/lccc-1639.html","https://opensea.io/item/ethereum/0xbe85fbd182af91290be7293438ae67549638189f/1639","OK",""
"1640","1640","Light Cult Crypto Club #1640","RE-003450","1601-1700","","","","","","items/lccc-1640.html","https://ronenglish-archive.github.io/ron-english-light-cult-1001-2000/items/lccc-1640.html","https://opensea.io/item/ethereum/0xbe85fbd182af91290be7293438ae67549638189f/1640","MISSING SOURCE IMAGE","No source image found for token #1640"
"1641","1641","Light Cult Crypto Club #1641","RE-003451","1601-1700","D:\github\ron-english-nfts\light-cult-crypto-club\images\LCCC-1641.png","6930","images/1601-1700/LCCC-1641.png","LCCC-1641.png","D:\github\ron-english-light-cult-1001-2000\images\1601-1700\LCCC-1641.png","items/lccc-1641.html","https://ronenglish-archive.github.io/ron-english-light-cult-1001-2000/items/lccc-1641.html","https://opensea.io/item/ethereum/0xbe85fbd182af91290be7293438ae67549638189f/1641","OK",""
"1642","1642","Light Cult Crypto Club #1642","RE-003452","1601-1700","","","","","","items/lccc-1642.html","https://ronenglish-archive.github.io/ron-english-light-cult-1001-2000/items/lccc-1642.html","https://opensea.io/item/ethereum/0xbe85fbd182af91290be7293438ae67549638189f/1642","MISSING SOURCE IMAGE","No source image found for token #1642"
"1643","1643","Light Cult Crypto Club #1643","RE-003453","1601-1700","D:\github\ron-english-nfts\light-cult-crypto-club\images\LCCC-1643.png","66636","images/1601-1700/LCCC-1643.png","LCCC-1643.png","D:\github\ron-english-light-cult-1001-2000\images\1601-1700\LCCC-1643.png","items/lccc-1643.html","https://ronenglish-archive.github.io/ron-english-light-cult-1001-2000/items/lccc-1643.html","https://opensea.io/item/ethereum/0xbe85fbd182af91290be7293438ae67549638189f/1643","OK",""
"1644","1644","Light Cult Crypto Club #1644","RE-003454","1601-1700","D:\github\ron-english-nfts\light-cult-crypto-club\images\LCCC-1644.png","24914","images/1601-1700/LCCC-1644.png","LCCC-1644.png","D:\github\ron-english-light-cult-1001-2000\images\1601-1700\LCCC-1644.png","items/lccc-1644.html","https://ronenglish-archive.github.io/ron-english-light-cult-1001-2000/items/lccc-1644.html","https://opensea.io/item/ethereum/0xbe85fbd182af91290be7293438ae67549638189f/1644","OK",""
"1645","1645","Light Cult Crypto Club #1645","RE-003455","1601-1700","D:\github\ron-english-nfts\light-cult-crypto-club\images\LCCC-1645.png","7538","images/1601-1700/LCCC-1645.png","LCCC-1645.png","D:\github\ron-english-light-cult-1001-2000\images\1601-1700\LCCC-1645.png","items/lccc-1645.html","https://ronenglish-archive.github.io/ron-english-light-cult-1001-2000/items/lccc-1645.html","https://opensea.io/item/ethereum/0xbe85fbd182af91290be7293438ae67549638189f/1645","OK",""
"1646","1646","Light Cult Crypto Club #1646","RE-003456","1601-1700","D:\github\ron-english-nfts\light-cult-crypto-club\images\LCCC-1646.png","11852","images/1601-1700/LCCC-1646.png","LCCC-1646.png","D:\github\ron-english-light-cult-1001-2000\images\1601-1700\LCCC-1646.png","items/lccc-1646.html","https://ronenglish-archive.github.io/ron-english-light-cult-1001-2000/items/lccc-1646.html","https://opensea.io/item/ethereum/0xbe85fbd182af91290be7293438ae67549638189f/1646","OK",""
"1647","1647","Light Cult Crypto Club #1647","RE-003457","1601-1700","D:\github\ron-english-nfts\light-cult-crypto-club\images\LCCC-1647.png","27957","images/1601-1700/LCCC-1647.png","LCCC-1647.png","D:\github\ron-english-light-cult-1001-2000\images\1601-1700\LCCC-1647.png","items/lccc-1647.html","https://ronenglish-archive.github.io/ron-english-light-cult-1001-2000/items/lccc-1647.html","https://opensea.io/item/ethereum/0xbe85fbd182af91290be7293438ae67549638189f/1647","OK",""
"1648","1648","Light Cult Crypto Club #1648","RE-003458","1601-1700","","","","","","items/lccc-1648.html","https://ronenglish-archive.github.io/ron-english-light-cult-1001-2000/items/lccc-1648.html","https://opensea.io/item/ethereum/0xbe85fbd182af91290be7293438ae67549638189f/1648","MISSING SOURCE IMAGE","No source image found for token #1648"
"1649","1649","Light Cult Crypto Club #1649","RE-003459","1601-1700","D:\github\ron-english-nfts\light-cult-crypto-club\images\LCCC-1649.png","37735","images/1601-1700/LCCC-1649.png","LCCC-1649.png","D:\github\ron-english-light-cult-1001-2000\images\1601-1700\LCCC-1649.png","items/lccc-1649.html","https://ronenglish-archive.github.io/ron-english-light-cult-1001-2000/items/lccc-1649.html","https://opensea.io/item/ethereum/0xbe85fbd182af91290be7293438ae67549638189f/1649","OK",""
"1650","1650","Light Cult Crypto Club #1650","RE-003460","1601-1700","D:\github\ron-english-nfts\light-cult-crypto-club\images\LCCC-1650.png","10848","images/1601-1700/LCCC-1650.png","LCCC-1650.png","D:\github\ron-english-light-cult-1001-2000\images\1601-1700\LCCC-1650.png","items/lccc-1650.html","https://ronenglish-archive.github.io/ron-english-light-cult-1001-2000/items/lccc-1650.html","https://opensea.io/item/ethereum/0xbe85fbd182af91290be7293438ae67549638189f/1650","OK",""
"1651","1651","Light Cult Crypto Club #1651","RE-003461","1601-1700","D:\github\ron-english-nfts\light-cult-crypto-club\images\LCCC-1651.png","7916","images/1601-1700/LCCC-1651.png","LCCC-1651.png","D:\github\ron-english-light-cult-1001-2000\images\1601-1700\LCCC-1651.png","items/lccc-1651.html","https://ronenglish-archive.github.io/ron-english-light-cult-1001-2000/items/lccc-1651.html","https://opensea.io/item/ethereum/0xbe85fbd182af91290be7293438ae67549638189f/1651","OK",""
"1652","1652","Light Cult Crypto Club #1652","RE-003462","1601-1700","","","","","","items/lccc-1652.html","https://ronenglish-archive.github.io/ron-english-light-cult-1001-2000/items/lccc-1652.html","https://opensea.io/item/ethereum/0xbe85fbd182af91290be7293438ae67549638189f/1652","MISSING SOURCE IMAGE","No source image found for token #1652"
"1653","1653","Light Cult Crypto Club #1653","RE-003463","1601-1700","D:\github\ron-english-nfts\light-cult-crypto-club\images\LCCC-1653.png","13254","images/1601-1700/LCCC-1653.png","LCCC-1653.png","D:\github\ron-english-light-cult-1001-2000\images\1601-1700\LCCC-1653.png","items/lccc-1653.html","https://ronenglish-archive.github.io/ron-english-light-cult-1001-2000/items/lccc-1653.html","https://opensea.io/item/ethereum/0xbe85fbd182af91290be7293438ae67549638189f/1653","OK",""
"1654","1654","Light Cult Crypto Club #1654","RE-003464","1601-1700","D:\github\ron-english-nfts\light-cult-crypto-club\images\LCCC-1654.png","27417","images/1601-1700/LCCC-1654.png","LCCC-1654.png","D:\github\ron-english-light-cult-1001-2000\images\1601-1700\LCCC-1654.png","items/lccc-1654.html","https://ronenglish-archive.github.io/ron-english-light-cult-1001-2000/items/lccc-1654.html","https://opensea.io/item/ethereum/0xbe85fbd182af91290be7293438ae67549638189f/1654","OK",""
"1655","1655","Light Cult Crypto Club #1655","RE-003465","1601-1700","D:\github\ron-english-nfts\light-cult-crypto-club\images\LCCC-1655.png","8124","images/1601-1700/LCCC-1655.png","LCCC-1655.png","D:\github\ron-english-light-cult-1001-2000\images\1601-1700\LCCC-1655.png","items/lccc-1655.html","https://ronenglish-archive.github.io/ron-english-light-cult-1001-2000/items/lccc-1655.html","https://opensea.io/item/ethereum/0xbe85fbd182af91290be7293438ae67549638189f/1655","OK",""
"1656","1656","Light Cult Crypto Club #1656","RE-003466","1601-1700","D:\github\ron-english-nfts\light-cult-crypto-club\images\LCCC-1656.png","18771","images/1601-1700/LCCC-1656.png","LCCC-1656.png","D:\github\ron-english-light-cult-1001-2000\images\1601-1700\LCCC-1656.png","items/lccc-1656.html","https://ronenglish-archive.github.io/ron-english-light-cult-1001-2000/items/lccc-1656.html","https://opensea.io/item/ethereum/0xbe85fbd182af91290be7293438ae67549638189f/1656","OK",""
"1657","1657","Light Cult Crypto Club #1657","RE-003467","1601-1700","D:\github\ron-english-nfts\light-cult-crypto-club\images\LCCC-1657.png","15737","images/1601-1700/LCCC-1657.png","LCCC-1657.png","D:\github\ron-english-light-cult-1001-2000\images\1601-1700\LCCC-1657.png","items/lccc-1657.html","https://ronenglish-archive.github.io/ron-english-light-cult-1001-2000/items/lccc-1657.html","https://opensea.io/item/ethereum/0xbe85fbd182af91290be7293438ae67549638189f/1657","OK",""
"1658","1658","Light Cult Crypto Club #1658","RE-003468","1601-1700","","","","","","items/lccc-1658.html","https://ronenglish-archive.github.io/ron-english-light-cult-1001-2000/items/lccc-1658.html","https://opensea.io/item/ethereum/0xbe85fbd182af91290be7293438ae67549638189f/1658","MISSING SOURCE IMAGE","No source image found for token #1658"
"1659","1659","Light Cult Crypto Club #1659","RE-003469","1601-1700","D:\github\ron-english-nfts\light-cult-crypto-club\images\LCCC-1659.png","31430","images/1601-1700/LCCC-1659.png","LCCC-1659.png","D:\github\ron-english-light-cult-1001-2000\images\1601-1700\LCCC-1659.png","items/lccc-1659.html","https://ronenglish-archive.github.io/ron-english-light-cult-1001-2000/items/lccc-1659.html","https://opensea.io/item/ethereum/0xbe85fbd182af91290be7293438ae67549638189f/1659","OK",""
"1660","1660","Light Cult Crypto Club #1660","RE-003470","1601-1700","D:\github\ron-english-nfts\light-cult-crypto-club\images\LCCC-1660.png","34364","images/1601-1700/LCCC-1660.png","LCCC-1660.png","D:\github\ron-english-light-cult-1001-2000\images\1601-1700\LCCC-1660.png","items/lccc-1660.html","https://ronenglish-archive.github.io/ron-english-light-cult-1001-2000/items/lccc-1660.html","https://opensea.io/item/ethereum/0xbe85fbd182af91290be7293438ae67549638189f/1660","OK",""
"1661","1661","Light Cult Crypto Club #1661","RE-003471","1601-1700","D:\github\ron-english-nfts\light-cult-crypto-club\images\LCCC-1661.png","34017","images/1601-1700/LCCC-1661.png","LCCC-1661.png","D:\github\ron-english-light-cult-1001-2000\images\1601-1700\LCCC-1661.png","items/lccc-1661.html","https://ronenglish-archive.github.io/ron-english-light-cult-1001-2000/items/lccc-1661.html","https://opensea.io/item/ethereum/0xbe85fbd182af91290be7293438ae67549638189f/1661","OK",""
"1662","1662","Light Cult Crypto Club #1662","RE-003472","1601-1700","D:\github\ron-english-nfts\light-cult-crypto-club\images\LCCC-1662.png","48934","images/1601-1700/LCCC-1662.png","LCCC-1662.png","D:\github\ron-english-light-cult-1001-2000\images\1601-1700\LCCC-1662.png","items/lccc-1662.html","https://ronenglish-archive.github.io/ron-english-light-cult-1001-2000/items/lccc-1662.html","https://opensea.io/item/ethereum/0xbe85fbd182af91290be7293438ae67549638189f/1662","OK",""
"1663","1663","Light Cult Crypto Club #1663","RE-003473","1601-1700","","","","","","items/lccc-1663.html","https://ronenglish-archive.github.io/ron-english-light-cult-1001-2000/items/lccc-1663.html","https://opensea.io/item/ethereum/0xbe85fbd182af91290be7293438ae67549638189f/1663","MISSING SOURCE IMAGE","No source image found for token #1663"
"1664","1664","Light Cult Crypto Club #1664","RE-003474","1601-1700","D:\github\ron-english-nfts\light-cult-crypto-club\images\LCCC-1664.png","5527","images/1601-1700/LCCC-1664.png","LCCC-1664.png","D:\github\ron-english-light-cult-1001-2000\images\1601-1700\LCCC-1664.png","items/lccc-1664.html","https://ronenglish-archive.github.io/ron-english-light-cult-1001-2000/items/lccc-1664.html","https://opensea.io/item/ethereum/0xbe85fbd182af91290be7293438ae67549638189f/1664","OK",""
"1665","1665","Light Cult Crypto Club #1665","RE-003475","1601-1700","","","","","","items/lccc-1665.html","https://ronenglish-archive.github.io/ron-english-light-cult-1001-2000/items/lccc-1665.html","https://opensea.io/item/ethereum/0xbe85fbd182af91290be7293438ae67549638189f/1665","MISSING SOURCE IMAGE","No source image found for token #1665"
"1666","1666","Light Cult Crypto Club #1666","RE-003476","1601-1700","D:\github\ron-english-nfts\light-cult-crypto-club\images\LCCC-1666.png","11906","images/1601-1700/LCCC-1666.png","LCCC-1666.png","D:\github\ron-english-light-cult-1001-2000\images\1601-1700\LCCC-1666.png","items/lccc-1666.html","https://ronenglish-archive.github.io/ron-english-light-cult-1001-2000/items/lccc-1666.html","https://opensea.io/item/ethereum/0xbe85fbd182af91290be7293438ae67549638189f/1666","OK",""
"1667","1667","Light Cult Crypto Club #1667","RE-003477","1601-1700","D:\github\ron-english-nfts\light-cult-crypto-club\images\LCCC-1667.png","14721","images/1601-1700/LCCC-1667.png","LCCC-1667.png","D:\github\ron-english-light-cult-1001-2000\images\1601-1700\LCCC-1667.png","items/lccc-1667.html","https://ronenglish-archive.github.io/ron-english-light-cult-1001-2000/items/lccc-1667.html","https://opensea.io/item/ethereum/0xbe85fbd182af91290be7293438ae67549638189f/1667","OK",""
"1668","1668","Light Cult Crypto Club #1668","RE-003478","1601-1700","","","","","","items/lccc-1668.html","https://ronenglish-archive.github.io/ron-english-light-cult-1001-2000/items/lccc-1668.html","https://opensea.io/item/ethereum/0xbe85fbd182af91290be7293438ae67549638189f/1668","MISSING SOURCE IMAGE","No source image found for token #1668"
"1669","1669","Light Cult Crypto Club #1669","RE-003479","1601-1700","D:\github\ron-english-nfts\light-cult-crypto-club\images\LCCC-1669.png","17013","images/1601-1700/LCCC-1669.png","LCCC-1669.png","D:\github\ron-english-light-cult-1001-2000\images\1601-1700\LCCC-1669.png","items/lccc-1669.html","https://ronenglish-archive.github.io/ron-english-light-cult-1001-2000/items/lccc-1669.html","https://opensea.io/item/ethereum/0xbe85fbd182af91290be7293438ae67549638189f/1669","OK",""
"1670","1670","Light Cult Crypto Club #1670","RE-003480","1601-1700","D:\github\ron-english-nfts\light-cult-crypto-club\images\LCCC-1670.png","13595","images/1601-1700/LCCC-1670.png","LCCC-1670.png","D:\github\ron-english-light-cult-1001-2000\images\1601-1700\LCCC-1670.png","items/lccc-1670.html","https://ronenglish-archive.github.io/ron-english-light-cult-1001-2000/items/lccc-1670.html","https://opensea.io/item/ethereum/0xbe85fbd182af91290be7293438ae67549638189f/1670","OK",""
"1671","1671","Light Cult Crypto Club #1671","RE-003481","1601-1700","D:\github\ron-english-nfts\light-cult-crypto-club\images\LCCC-1671.png","28806","images/1601-1700/LCCC-1671.png","LCCC-1671.png","D:\github\ron-english-light-cult-1001-2000\images\1601-1700\LCCC-1671.png","items/lccc-1671.html","https://ronenglish-archive.github.io/ron-english-light-cult-1001-2000/items/lccc-1671.html","https://opensea.io/item/ethereum/0xbe85fbd182af91290be7293438ae67549638189f/1671","OK",""
"1672","1672","Light Cult Crypto Club #1672","RE-003482","1601-1700","D:\github\ron-english-nfts\light-cult-crypto-club\images\LCCC-1672.png","13806","images/1601-1700/LCCC-1672.png","LCCC-1672.png","D:\github\ron-english-light-cult-1001-2000\images\1601-1700\LCCC-1672.png","items/lccc-1672.html","https://ronenglish-archive.github.io/ron-english-light-cult-1001-2000/items/lccc-1672.html","https://opensea.io/item/ethereum/0xbe85fbd182af91290be7293438ae67549638189f/1672","OK",""
"1673","1673","Light Cult Crypto Club #1673","RE-003483","1601-1700","D:\github\ron-english-nfts\light-cult-crypto-club\images\LCCC-1673.png","6754","images/1601-1700/LCCC-1673.png","LCCC-1673.png","D:\github\ron-english-light-cult-1001-2000\images\1601-1700\LCCC-1673.png","items/lccc-1673.html","https://ronenglish-archive.github.io/ron-english-light-cult-1001-2000/items/lccc-1673.html","https://opensea.io/item/ethereum/0xbe85fbd182af91290be7293438ae67549638189f/1673","OK",""
"1674","1674","Light Cult Crypto Club #1674","RE-003484","1601-1700","","","","","","items/lccc-1674.html","https://ronenglish-archive.github.io/ron-english-light-cult-1001-2000/items/lccc-1674.html","https://opensea.io/item/ethereum/0xbe85fbd182af91290be7293438ae67549638189f/1674","MISSING SOURCE IMAGE","No source image found for token #1674"
"1675","1675","Light Cult Crypto Club #1675","RE-003485","1601-1700","D:\github\ron-english-nfts\light-cult-crypto-club\images\LCCC-1675.png","16529","images/1601-1700/LCCC-1675.png","LCCC-1675.png","D:\github\ron-english-light-cult-1001-2000\images\1601-1700\LCCC-1675.png","items/lccc-1675.html","https://ronenglish-archive.github.io/ron-english-light-cult-1001-2000/items/lccc-1675.html","https://opensea.io/item/ethereum/0xbe85fbd182af91290be7293438ae67549638189f/1675","OK",""
"1676","1676","Light Cult Crypto Club #1676","RE-003486","1601-1700","D:\github\ron-english-nfts\light-cult-crypto-club\images\LCCC-1676.png","37175","images/1601-1700/LCCC-1676.png","LCCC-1676.png","D:\github\ron-english-light-cult-1001-2000\images\1601-1700\LCCC-1676.png","items/lccc-1676.html","https://ronenglish-archive.github.io/ron-english-light-cult-1001-2000/items/lccc-1676.html","https://opensea.io/item/ethereum/0xbe85fbd182af91290be7293438ae67549638189f/1676","OK",""
"1677","1677","Light Cult Crypto Club #1677","RE-003487","1601-1700","D:\github\ron-english-nfts\light-cult-crypto-club\images\LCCC-1677.png","23470","images/1601-1700/LCCC-1677.png","LCCC-1677.png","D:\github\ron-english-light-cult-1001-2000\images\1601-1700\LCCC-1677.png","items/lccc-1677.html","https://ronenglish-archive.github.io/ron-english-light-cult-1001-2000/items/lccc-1677.html","https://opensea.io/item/ethereum/0xbe85fbd182af91290be7293438ae67549638189f/1677","OK",""
"1678","1678","Light Cult Crypto Club #1678","RE-003488","1601-1700","D:\github\ron-english-nfts\light-cult-crypto-club\images\LCCC-1678.png","15203","images/1601-1700/LCCC-1678.png","LCCC-1678.png","D:\github\ron-english-light-cult-1001-2000\images\1601-1700\LCCC-1678.png","items/lccc-1678.html","https://ronenglish-archive.github.io/ron-english-light-cult-1001-2000/items/lccc-1678.html","https://opensea.io/item/ethereum/0xbe85fbd182af91290be7293438ae67549638189f/1678","OK",""
"1679","1679","Light Cult Crypto Club #1679","RE-003489","1601-1700","D:\github\ron-english-nfts\light-cult-crypto-club\images\LCCC-1679.png","37811","images/1601-1700/LCCC-1679.png","LCCC-1679.png","D:\github\ron-english-light-cult-1001-2000\images\1601-1700\LCCC-1679.png","items/lccc-1679.html","https://ronenglish-archive.github.io/ron-english-light-cult-1001-2000/items/lccc-1679.html","https://opensea.io/item/ethereum/0xbe85fbd182af91290be7293438ae67549638189f/1679","OK",""
"1680","1680","Light Cult Crypto Club #1680","RE-003490","1601-1700","D:\github\ron-english-nfts\light-cult-crypto-club\images\LCCC-1680.png","14477","images/1601-1700/LCCC-1680.png","LCCC-1680.png","D:\github\ron-english-light-cult-1001-2000\images\1601-1700\LCCC-1680.png","items/lccc-1680.html","https://ronenglish-archive.github.io/ron-english-light-cult-1001-2000/items/lccc-1680.html","https://opensea.io/item/ethereum/0xbe85fbd182af91290be7293438ae67549638189f/1680","OK",""
"1681","1681","Light Cult Crypto Club #1681","RE-003491","1601-1700","D:\github\ron-english-nfts\light-cult-crypto-club\images\LCCC-1681.png","8309","images/1601-1700/LCCC-1681.png","LCCC-1681.png","D:\github\ron-english-light-cult-1001-2000\images\1601-1700\LCCC-1681.png","items/lccc-1681.html","https://ronenglish-archive.github.io/ron-english-light-cult-1001-2000/items/lccc-1681.html","https://opensea.io/item/ethereum/0xbe85fbd182af91290be7293438ae67549638189f/1681","OK",""
"1682","1682","Light Cult Crypto Club #1682","RE-003492","1601-1700","D:\github\ron-english-nfts\light-cult-crypto-club\images\LCCC-1682.png","8368","images/1601-1700/LCCC-1682.png","LCCC-1682.png","D:\github\ron-english-light-cult-1001-2000\images\1601-1700\LCCC-1682.png","items/lccc-1682.html","https://ronenglish-archive.github.io/ron-english-light-cult-1001-2000/items/lccc-1682.html","https://opensea.io/item/ethereum/0xbe85fbd182af91290be7293438ae67549638189f/1682","OK",""
"1683","1683","Light Cult Crypto Club #1683","RE-003493","1601-1700","D:\github\ron-english-nfts\light-cult-crypto-club\images\LCCC-1683.png","20893","images/1601-1700/LCCC-1683.png","LCCC-1683.png","D:\github\ron-english-light-cult-1001-2000\images\1601-1700\LCCC-1683.png","items/lccc-1683.html","https://ronenglish-archive.github.io/ron-english-light-cult-1001-2000/items/lccc-1683.html","https://opensea.io/item/ethereum/0xbe85fbd182af91290be7293438ae67549638189f/1683","OK",""
"1684","1684","Light Cult Crypto Club #1684","RE-003494","1601-1700","D:\github\ron-english-nfts\light-cult-crypto-club\images\LCCC-1684.png","7259","images/1601-1700/LCCC-1684.png","LCCC-1684.png","D:\github\ron-english-light-cult-1001-2000\images\1601-1700\LCCC-1684.png","items/lccc-1684.html","https://ronenglish-archive.github.io/ron-english-light-cult-1001-2000/items/lccc-1684.html","https://opensea.io/item/ethereum/0xbe85fbd182af91290be7293438ae67549638189f/1684","OK",""
"1685","1685","Light Cult Crypto Club #1685","RE-003495","1601-1700","D:\github\ron-english-nfts\light-cult-crypto-club\images\LCCC-1685.png","4826","images/1601-1700/LCCC-1685.png","LCCC-1685.png","D:\github\ron-english-light-cult-1001-2000\images\1601-1700\LCCC-1685.png","items/lccc-1685.html","https://ronenglish-archive.github.io/ron-english-light-cult-1001-2000/items/lccc-1685.html","https://opensea.io/item/ethereum/0xbe85fbd182af91290be7293438ae67549638189f/1685","OK",""
"1686","1686","Light Cult Crypto Club #1686","RE-003496","1601-1700","","","","","","items/lccc-1686.html","https://ronenglish-archive.github.io/ron-english-light-cult-1001-2000/items/lccc-1686.html","https://opensea.io/item/ethereum/0xbe85fbd182af91290be7293438ae67549638189f/1686","MISSING SOURCE IMAGE","No source image found for token #1686"
"1687","1687","Light Cult Crypto Club #1687","RE-003497","1601-1700","D:\github\ron-english-nfts\light-cult-crypto-club\images\LCCC-1687.png","9958","images/1601-1700/LCCC-1687.png","LCCC-1687.png","D:\github\ron-english-light-cult-1001-2000\images\1601-1700\LCCC-1687.png","items/lccc-1687.html","https://ronenglish-archive.github.io/ron-english-light-cult-1001-2000/items/lccc-1687.html","https://opensea.io/item/ethereum/0xbe85fbd182af91290be7293438ae67549638189f/1687","OK",""
"1688","1688","Light Cult Crypto Club #1688","RE-003498","1601-1700","D:\github\ron-english-nfts\light-cult-crypto-club\images\LCCC-1688.png","27919","images/1601-1700/LCCC-1688.png","LCCC-1688.png","D:\github\ron-english-light-cult-1001-2000\images\1601-1700\LCCC-1688.png","items/lccc-1688.html","https://ronenglish-archive.github.io/ron-english-light-cult-1001-2000/items/lccc-1688.html","https://opensea.io/item/ethereum/0xbe85fbd182af91290be7293438ae67549638189f/1688","OK",""
"1689","1689","Light Cult Crypto Club #1689","RE-003499","1601-1700","D:\github\ron-english-nfts\light-cult-crypto-club\images\LCCC-1689.png","5920","images/1601-1700/LCCC-1689.png","LCCC-1689.png","D:\github\ron-english-light-cult-1001-2000\images\1601-1700\LCCC-1689.png","items/lccc-1689.html","https://ronenglish-archive.github.io/ron-english-light-cult-1001-2000/items/lccc-1689.html","https://opensea.io/item/ethereum/0xbe85fbd182af91290be7293438ae67549638189f/1689","OK",""
"1690","1690","Light Cult Crypto Club #1690","RE-003500","1601-1700","D:\github\ron-english-nfts\light-cult-crypto-club\images\LCCC-1690.png","43710","images/1601-1700/LCCC-1690.png","LCCC-1690.png","D:\github\ron-english-light-cult-1001-2000\images\1601-1700\LCCC-1690.png","items/lccc-1690.html","https://ronenglish-archive.github.io/ron-english-light-cult-1001-2000/items/lccc-1690.html","https://opensea.io/item/ethereum/0xbe85fbd182af91290be7293438ae67549638189f/1690","OK",""
"1691","1691","Light Cult Crypto Club #1691","RE-003501","1601-1700","D:\github\ron-english-nfts\light-cult-crypto-club\images\LCCC-1691.png","15194","images/1601-1700/LCCC-1691.png","LCCC-1691.png","D:\github\ron-english-light-cult-1001-2000\images\1601-1700\LCCC-1691.png","items/lccc-1691.html","https://ronenglish-archive.github.io/ron-english-light-cult-1001-2000/items/lccc-1691.html","https://opensea.io/item/ethereum/0xbe85fbd182af91290be7293438ae67549638189f/1691","OK",""
"1692","1692","Light Cult Crypto Club #1692","RE-003502","1601-1700","D:\github\ron-english-nfts\light-cult-crypto-club\images\LCCC-1692.png","5845","images/1601-1700/LCCC-1692.png","LCCC-1692.png","D:\github\ron-english-light-cult-1001-2000\images\1601-1700\LCCC-1692.png","items/lccc-1692.html","https://ronenglish-archive.github.io/ron-english-light-cult-1001-2000/items/lccc-1692.html","https://opensea.io/item/ethereum/0xbe85fbd182af91290be7293438ae67549638189f/1692","OK",""
"1693","1693","Light Cult Crypto Club #1693","RE-003503","1601-1700","D:\github\ron-english-nfts\light-cult-crypto-club\images\LCCC-1693.png","16433","images/1601-1700/LCCC-1693.png","LCCC-1693.png","D:\github\ron-english-light-cult-1001-2000\images\1601-1700\LCCC-1693.png","items/lccc-1693.html","https://ronenglish-archive.github.io/ron-english-light-cult-1001-2000/items/lccc-1693.html","https://opensea.io/item/ethereum/0xbe85fbd182af91290be7293438ae67549638189f/1693","OK",""
"1694","1694","Light Cult Crypto Club #1694","RE-003504","1601-1700","D:\github\ron-english-nfts\light-cult-crypto-club\images\LCCC-1694.png","10787","images/1601-1700/LCCC-1694.png","LCCC-1694.png","D:\github\ron-english-light-cult-1001-2000\images\1601-1700\LCCC-1694.png","items/lccc-1694.html","https://ronenglish-archive.github.io/ron-english-light-cult-1001-2000/items/lccc-1694.html","https://opensea.io/item/ethereum/0xbe85fbd182af91290be7293438ae67549638189f/1694","OK",""
"1695","1695","Light Cult Crypto Club #1695","RE-003505","1601-1700","D:\github\ron-english-nfts\light-cult-crypto-club\images\LCCC-1695.png","34674","images/1601-1700/LCCC-1695.png","LCCC-1695.png","D:\github\ron-english-light-cult-1001-2000\images\1601-1700\LCCC-1695.png","items/lccc-1695.html","https://ronenglish-archive.github.io/ron-english-light-cult-1001-2000/items/lccc-1695.html","https://opensea.io/item/ethereum/0xbe85fbd182af91290be7293438ae67549638189f/1695","OK",""
"1696","1696","Light Cult Crypto Club #1696","RE-003506","1601-1700","D:\github\ron-english-nfts\light-cult-crypto-club\images\LCCC-1696.png","12900","images/1601-1700/LCCC-1696.png","LCCC-1696.png","D:\github\ron-english-light-cult-1001-2000\images\1601-1700\LCCC-1696.png","items/lccc-1696.html","https://ronenglish-archive.github.io/ron-english-light-cult-1001-2000/items/lccc-1696.html","https://opensea.io/item/ethereum/0xbe85fbd182af91290be7293438ae67549638189f/1696","OK",""
"1697","1697","Light Cult Crypto Club #1697","RE-003507","1601-1700","D:\github\ron-english-nfts\light-cult-crypto-club\images\LCCC-1697.png","10281","images/1601-1700/LCCC-1697.png","LCCC-1697.png","D:\github\ron-english-light-cult-1001-2000\images\1601-1700\LCCC-1697.png","items/lccc-1697.html","https://ronenglish-archive.github.io/ron-english-light-cult-1001-2000/items/lccc-1697.html","https://opensea.io/item/ethereum/0xbe85fbd182af91290be7293438ae67549638189f/1697","OK",""
"1698","1698","Light Cult Crypto Club #1698","RE-003508","1601-1700","D:\github\ron-english-nfts\light-cult-crypto-club\images\LCCC-1698.png","11364","images/1601-1700/LCCC-1698.png","LCCC-1698.png","D:\github\ron-english-light-cult-1001-2000\images\1601-1700\LCCC-1698.png","items/lccc-1698.html","https://ronenglish-archive.github.io/ron-english-light-cult-1001-2000/items/lccc-1698.html","https://opensea.io/item/ethereum/0xbe85fbd182af91290be7293438ae67549638189f/1698","OK",""
"1699","1699","Light Cult Crypto Club #1699","RE-003509","1601-1700","D:\github\ron-english-nfts\light-cult-crypto-club\images\LCCC-1699.png","5191","images/1601-1700/LCCC-1699.png","LCCC-1699.png","D:\github\ron-english-light-cult-1001-2000\images\1601-1700\LCCC-1699.png","items/lccc-1699.html","https://ronenglish-archive.github.io/ron-english-light-cult-1001-2000/items/lccc-1699.html","https://opensea.io/item/ethereum/0xbe85fbd182af91290be7293438ae67549638189f/1699","OK",""
"1700","1700","Light Cult Crypto Club #1700","RE-003510","1601-1700","D:\github\ron-english-nfts\light-cult-crypto-club\images\LCCC-1700.png","8835","images/1601-1700/LCCC-1700.png","LCCC-1700.png","D:\github\ron-english-light-cult-1001-2000\images\1601-1700\LCCC-1700.png","items/lccc-1700.html","https://ronenglish-archive.github.io/ron-english-light-cult-1001-2000/items/lccc-1700.html","https://opensea.io/item/ethereum/0xbe85fbd182af91290be7293438ae67549638189f/1700","OK",""
"1701","1701","Light Cult Crypto Club #1701","RE-003511","1701-1800","D:\github\ron-english-nfts\light-cult-crypto-club\images\LCCC-1701.png","24445","images/1701-1800/LCCC-1701.png","LCCC-1701.png","D:\github\ron-english-light-cult-1001-2000\images\1701-1800\LCCC-1701.png","items/lccc-1701.html","https://ronenglish-archive.github.io/ron-english-light-cult-1001-2000/items/lccc-1701.html","https://opensea.io/item/ethereum/0xbe85fbd182af91290be7293438ae67549638189f/1701","OK",""
"1702","1702","Light Cult Crypto Club #1702","RE-003512","1701-1800","D:\github\ron-english-nfts\light-cult-crypto-club\images\LCCC-1702.png","14293","images/1701-1800/LCCC-1702.png","LCCC-1702.png","D:\github\ron-english-light-cult-1001-2000\images\1701-1800\LCCC-1702.png","items/lccc-1702.html","https://ronenglish-archive.github.io/ron-english-light-cult-1001-2000/items/lccc-1702.html","https://opensea.io/item/ethereum/0xbe85fbd182af91290be7293438ae67549638189f/1702","OK",""
"1703","1703","Light Cult Crypto Club #1703","RE-003513","1701-1800","D:\github\ron-english-nfts\light-cult-crypto-club\images\LCCC-1703.png","31899","images/1701-1800/LCCC-1703.png","LCCC-1703.png","D:\github\ron-english-light-cult-1001-2000\images\1701-1800\LCCC-1703.png","items/lccc-1703.html","https://ronenglish-archive.github.io/ron-english-light-cult-1001-2000/items/lccc-1703.html","https://opensea.io/item/ethereum/0xbe85fbd182af91290be7293438ae67549638189f/1703","OK",""
"1704","1704","Light Cult Crypto Club #1704","RE-003514","1701-1800","D:\github\ron-english-nfts\light-cult-crypto-club\images\LCCC-1704.png","14265","images/1701-1800/LCCC-1704.png","LCCC-1704.png","D:\github\ron-english-light-cult-1001-2000\images\1701-1800\LCCC-1704.png","items/lccc-1704.html","https://ronenglish-archive.github.io/ron-english-light-cult-1001-2000/items/lccc-1704.html","https://opensea.io/item/ethereum/0xbe85fbd182af91290be7293438ae67549638189f/1704","OK",""
"1705","1705","Light Cult Crypto Club #1705","RE-003515","1701-1800","D:\github\ron-english-nfts\light-cult-crypto-club\images\LCCC-1705.png","31612","images/1701-1800/LCCC-1705.png","LCCC-1705.png","D:\github\ron-english-light-cult-1001-2000\images\1701-1800\LCCC-1705.png","items/lccc-1705.html","https://ronenglish-archive.github.io/ron-english-light-cult-1001-2000/items/lccc-1705.html","https://opensea.io/item/ethereum/0xbe85fbd182af91290be7293438ae67549638189f/1705","OK",""
"1706","1706","Light Cult Crypto Club #1706","RE-003516","1701-1800","D:\github\ron-english-nfts\light-cult-crypto-club\images\LCCC-1706.png","17864","images/1701-1800/LCCC-1706.png","LCCC-1706.png","D:\github\ron-english-light-cult-1001-2000\images\1701-1800\LCCC-1706.png","items/lccc-1706.html","https://ronenglish-archive.github.io/ron-english-light-cult-1001-2000/items/lccc-1706.html","https://opensea.io/item/ethereum/0xbe85fbd182af91290be7293438ae67549638189f/1706","OK",""
"1707","1707","Light Cult Crypto Club #1707","RE-003517","1701-1800","","","","","","items/lccc-1707.html","https://ronenglish-archive.github.io/ron-english-light-cult-1001-2000/items/lccc-1707.html","https://opensea.io/item/ethereum/0xbe85fbd182af91290be7293438ae67549638189f/1707","MISSING SOURCE IMAGE","No source image found for token #1707"
"1708","1708","Light Cult Crypto Club #1708","RE-003518","1701-1800","D:\github\ron-english-nfts\light-cult-crypto-club\images\LCCC-1708.png","8174","images/1701-1800/LCCC-1708.png","LCCC-1708.png","D:\github\ron-english-light-cult-1001-2000\images\1701-1800\LCCC-1708.png","items/lccc-1708.html","https://ronenglish-archive.github.io/ron-english-light-cult-1001-2000/items/lccc-1708.html","https://opensea.io/item/ethereum/0xbe85fbd182af91290be7293438ae67549638189f/1708","OK",""
"1709","1709","Light Cult Crypto Club #1709","RE-003519","1701-1800","D:\github\ron-english-nfts\light-cult-crypto-club\images\LCCC-1709.png","23212","images/1701-1800/LCCC-1709.png","LCCC-1709.png","D:\github\ron-english-light-cult-1001-2000\images\1701-1800\LCCC-1709.png","items/lccc-1709.html","https://ronenglish-archive.github.io/ron-english-light-cult-1001-2000/items/lccc-1709.html","https://opensea.io/item/ethereum/0xbe85fbd182af91290be7293438ae67549638189f/1709","OK",""
"1710","1710","Light Cult Crypto Club #1710","RE-003520","1701-1800","D:\github\ron-english-nfts\light-cult-crypto-club\images\LCCC-1710.png","12537","images/1701-1800/LCCC-1710.png","LCCC-1710.png","D:\github\ron-english-light-cult-1001-2000\images\1701-1800\LCCC-1710.png","items/lccc-1710.html","https://ronenglish-archive.github.io/ron-english-light-cult-1001-2000/items/lccc-1710.html","https://opensea.io/item/ethereum/0xbe85fbd182af91290be7293438ae67549638189f/1710","OK",""
"1711","1711","Light Cult Crypto Club #1711","RE-003521","1701-1800","D:\github\ron-english-nfts\light-cult-crypto-club\images\LCCC-1711.png","9767","images/1701-1800/LCCC-1711.png","LCCC-1711.png","D:\github\ron-english-light-cult-1001-2000\images\1701-1800\LCCC-1711.png","items/lccc-1711.html","https://ronenglish-archive.github.io/ron-english-light-cult-1001-2000/items/lccc-1711.html","https://opensea.io/item/ethereum/0xbe85fbd182af91290be7293438ae67549638189f/1711","OK",""
"1712","1712","Light Cult Crypto Club #1712","RE-003522","1701-1800","D:\github\ron-english-nfts\light-cult-crypto-club\images\LCCC-1712.png","20582","images/1701-1800/LCCC-1712.png","LCCC-1712.png","D:\github\ron-english-light-cult-1001-2000\images\1701-1800\LCCC-1712.png","items/lccc-1712.html","https://ronenglish-archive.github.io/ron-english-light-cult-1001-2000/items/lccc-1712.html","https://opensea.io/item/ethereum/0xbe85fbd182af91290be7293438ae67549638189f/1712","OK",""
"1713","1713","Light Cult Crypto Club #1713","RE-003523","1701-1800","D:\github\ron-english-nfts\light-cult-crypto-club\images\LCCC-1713.png","11220","images/1701-1800/LCCC-1713.png","LCCC-1713.png","D:\github\ron-english-light-cult-1001-2000\images\1701-1800\LCCC-1713.png","items/lccc-1713.html","https://ronenglish-archive.github.io/ron-english-light-cult-1001-2000/items/lccc-1713.html","https://opensea.io/item/ethereum/0xbe85fbd182af91290be7293438ae67549638189f/1713","OK",""
"1714","1714","Light Cult Crypto Club #1714","RE-003524","1701-1800","D:\github\ron-english-nfts\light-cult-crypto-club\images\LCCC-1714.png","32150","images/1701-1800/LCCC-1714.png","LCCC-1714.png","D:\github\ron-english-light-cult-1001-2000\images\1701-1800\LCCC-1714.png","items/lccc-1714.html","https://ronenglish-archive.github.io/ron-english-light-cult-1001-2000/items/lccc-1714.html","https://opensea.io/item/ethereum/0xbe85fbd182af91290be7293438ae67549638189f/1714","OK",""
"1715","1715","Light Cult Crypto Club #1715","RE-003525","1701-1800","","","","","","items/lccc-1715.html","https://ronenglish-archive.github.io/ron-english-light-cult-1001-2000/items/lccc-1715.html","https://opensea.io/item/ethereum/0xbe85fbd182af91290be7293438ae67549638189f/1715","MISSING SOURCE IMAGE","No source image found for token #1715"
"1716","1716","Light Cult Crypto Club #1716","RE-003526","1701-1800","D:\github\ron-english-nfts\light-cult-crypto-club\images\LCCC-1716.png","37670","images/1701-1800/LCCC-1716.png","LCCC-1716.png","D:\github\ron-english-light-cult-1001-2000\images\1701-1800\LCCC-1716.png","items/lccc-1716.html","https://ronenglish-archive.github.io/ron-english-light-cult-1001-2000/items/lccc-1716.html","https://opensea.io/item/ethereum/0xbe85fbd182af91290be7293438ae67549638189f/1716","OK",""
"1717","1717","Light Cult Crypto Club #1717","RE-003527","1701-1800","D:\github\ron-english-nfts\light-cult-crypto-club\images\LCCC-1717.png","9332","images/1701-1800/LCCC-1717.png","LCCC-1717.png","D:\github\ron-english-light-cult-1001-2000\images\1701-1800\LCCC-1717.png","items/lccc-1717.html","https://ronenglish-archive.github.io/ron-english-light-cult-1001-2000/items/lccc-1717.html","https://opensea.io/item/ethereum/0xbe85fbd182af91290be7293438ae67549638189f/1717","OK",""
"1718","1718","Light Cult Crypto Club #1718","RE-003528","1701-1800","D:\github\ron-english-nfts\light-cult-crypto-club\images\LCCC-1718.png","22832","images/1701-1800/LCCC-1718.png","LCCC-1718.png","D:\github\ron-english-light-cult-1001-2000\images\1701-1800\LCCC-1718.png","items/lccc-1718.html","https://ronenglish-archive.github.io/ron-english-light-cult-1001-2000/items/lccc-1718.html","https://opensea.io/item/ethereum/0xbe85fbd182af91290be7293438ae67549638189f/1718","OK",""
"1719","1719","Light Cult Crypto Club #1719","RE-003529","1701-1800","D:\github\ron-english-nfts\light-cult-crypto-club\images\LCCC-1719.png","5583","images/1701-1800/LCCC-1719.png","LCCC-1719.png","D:\github\ron-english-light-cult-1001-2000\images\1701-1800\LCCC-1719.png","items/lccc-1719.html","https://ronenglish-archive.github.io/ron-english-light-cult-1001-2000/items/lccc-1719.html","https://opensea.io/item/ethereum/0xbe85fbd182af91290be7293438ae67549638189f/1719","OK",""
"1720","1720","Light Cult Crypto Club #1720","RE-003530","1701-1800","D:\github\ron-english-nfts\light-cult-crypto-club\images\LCCC-1720.png","20484","images/1701-1800/LCCC-1720.png","LCCC-1720.png","D:\github\ron-english-light-cult-1001-2000\images\1701-1800\LCCC-1720.png","items/lccc-1720.html","https://ronenglish-archive.github.io/ron-english-light-cult-1001-2000/items/lccc-1720.html","https://opensea.io/item/ethereum/0xbe85fbd182af91290be7293438ae67549638189f/1720","OK",""
"1721","1721","Light Cult Crypto Club #1721","RE-003531","1701-1800","D:\github\ron-english-nfts\light-cult-crypto-club\images\LCCC-1721.png","28392","images/1701-1800/LCCC-1721.png","LCCC-1721.png","D:\github\ron-english-light-cult-1001-2000\images\1701-1800\LCCC-1721.png","items/lccc-1721.html","https://ronenglish-archive.github.io/ron-english-light-cult-1001-2000/items/lccc-1721.html","https://opensea.io/item/ethereum/0xbe85fbd182af91290be7293438ae67549638189f/1721","OK",""
"1722","1722","Light Cult Crypto Club #1722","RE-003532","1701-1800","D:\github\ron-english-nfts\light-cult-crypto-club\images\LCCC-1722.png","23430","images/1701-1800/LCCC-1722.png","LCCC-1722.png","D:\github\ron-english-light-cult-1001-2000\images\1701-1800\LCCC-1722.png","items/lccc-1722.html","https://ronenglish-archive.github.io/ron-english-light-cult-1001-2000/items/lccc-1722.html","https://opensea.io/item/ethereum/0xbe85fbd182af91290be7293438ae67549638189f/1722","OK",""
"1723","1723","Light Cult Crypto Club #1723","RE-003533","1701-1800","D:\github\ron-english-nfts\light-cult-crypto-club\images\LCCC-1723.png","35194","images/1701-1800/LCCC-1723.png","LCCC-1723.png","D:\github\ron-english-light-cult-1001-2000\images\1701-1800\LCCC-1723.png","items/lccc-1723.html","https://ronenglish-archive.github.io/ron-english-light-cult-1001-2000/items/lccc-1723.html","https://opensea.io/item/ethereum/0xbe85fbd182af91290be7293438ae67549638189f/1723","OK",""
"1724","1724","Light Cult Crypto Club #1724","RE-003534","1701-1800","D:\github\ron-english-nfts\light-cult-crypto-club\images\LCCC-1724.png","3919","images/1701-1800/LCCC-1724.png","LCCC-1724.png","D:\github\ron-english-light-cult-1001-2000\images\1701-1800\LCCC-1724.png","items/lccc-1724.html","https://ronenglish-archive.github.io/ron-english-light-cult-1001-2000/items/lccc-1724.html","https://opensea.io/item/ethereum/0xbe85fbd182af91290be7293438ae67549638189f/1724","OK",""
"1725","1725","Light Cult Crypto Club #1725","RE-003535","1701-1800","D:\github\ron-english-nfts\light-cult-crypto-club\images\LCCC-1725.png","22639","images/1701-1800/LCCC-1725.png","LCCC-1725.png","D:\github\ron-english-light-cult-1001-2000\images\1701-1800\LCCC-1725.png","items/lccc-1725.html","https://ronenglish-archive.github.io/ron-english-light-cult-1001-2000/items/lccc-1725.html","https://opensea.io/item/ethereum/0xbe85fbd182af91290be7293438ae67549638189f/1725","OK",""
"1726","1726","Light Cult Crypto Club #1726","RE-003536","1701-1800","D:\github\ron-english-nfts\light-cult-crypto-club\images\LCCC-1726.png","38730","images/1701-1800/LCCC-1726.png","LCCC-1726.png","D:\github\ron-english-light-cult-1001-2000\images\1701-1800\LCCC-1726.png","items/lccc-1726.html","https://ronenglish-archive.github.io/ron-english-light-cult-1001-2000/items/lccc-1726.html","https://opensea.io/item/ethereum/0xbe85fbd182af91290be7293438ae67549638189f/1726","OK",""
"1727","1727","Light Cult Crypto Club #1727","RE-003537","1701-1800","D:\github\ron-english-nfts\light-cult-crypto-club\images\LCCC-1727.png","19683","images/1701-1800/LCCC-1727.png","LCCC-1727.png","D:\github\ron-english-light-cult-1001-2000\images\1701-1800\LCCC-1727.png","items/lccc-1727.html","https://ronenglish-archive.github.io/ron-english-light-cult-1001-2000/items/lccc-1727.html","https://opensea.io/item/ethereum/0xbe85fbd182af91290be7293438ae67549638189f/1727","OK",""
"1728","1728","Light Cult Crypto Club #1728","RE-003538","1701-1800","D:\github\ron-english-nfts\light-cult-crypto-club\images\LCCC-1728.png","17920","images/1701-1800/LCCC-1728.png","LCCC-1728.png","D:\github\ron-english-light-cult-1001-2000\images\1701-1800\LCCC-1728.png","items/lccc-1728.html","https://ronenglish-archive.github.io/ron-english-light-cult-1001-2000/items/lccc-1728.html","https://opensea.io/item/ethereum/0xbe85fbd182af91290be7293438ae67549638189f/1728","OK",""
"1729","1729","Light Cult Crypto Club #1729","RE-003539","1701-1800","D:\github\ron-english-nfts\light-cult-crypto-club\images\LCCC-1729.png","6983","images/1701-1800/LCCC-1729.png","LCCC-1729.png","D:\github\ron-english-light-cult-1001-2000\images\1701-1800\LCCC-1729.png","items/lccc-1729.html","https://ronenglish-archive.github.io/ron-english-light-cult-1001-2000/items/lccc-1729.html","https://opensea.io/item/ethereum/0xbe85fbd182af91290be7293438ae67549638189f/1729","OK",""
"1730","1730","Light Cult Crypto Club #1730","RE-003540","1701-1800","D:\github\ron-english-nfts\light-cult-crypto-club\images\LCCC-1730.png","1987","images/1701-1800/LCCC-1730.png","LCCC-1730.png","D:\github\ron-english-light-cult-1001-2000\images\1701-1800\LCCC-1730.png","items/lccc-1730.html","https://ronenglish-archive.github.io/ron-english-light-cult-1001-2000/items/lccc-1730.html","https://opensea.io/item/ethereum/0xbe85fbd182af91290be7293438ae67549638189f/1730","OK",""
"1731","1731","Light Cult Crypto Club #1731","RE-003541","1701-1800","D:\github\ron-english-nfts\light-cult-crypto-club\images\LCCC-1731.png","8388","images/1701-1800/LCCC-1731.png","LCCC-1731.png","D:\github\ron-english-light-cult-1001-2000\images\1701-1800\LCCC-1731.png","items/lccc-1731.html","https://ronenglish-archive.github.io/ron-english-light-cult-1001-2000/items/lccc-1731.html","https://opensea.io/item/ethereum/0xbe85fbd182af91290be7293438ae67549638189f/1731","OK",""
"1732","1732","Light Cult Crypto Club #1732","RE-003542","1701-1800","D:\github\ron-english-nfts\light-cult-crypto-club\images\LCCC-1732.png","11786","images/1701-1800/LCCC-1732.png","LCCC-1732.png","D:\github\ron-english-light-cult-1001-2000\images\1701-1800\LCCC-1732.png","items/lccc-1732.html","https://ronenglish-archive.github.io/ron-english-light-cult-1001-2000/items/lccc-1732.html","https://opensea.io/item/ethereum/0xbe85fbd182af91290be7293438ae67549638189f/1732","OK",""
"1733","1733","Light Cult Crypto Club #1733","RE-003543","1701-1800","D:\github\ron-english-nfts\light-cult-crypto-club\images\LCCC-1733.png","10441","images/1701-1800/LCCC-1733.png","LCCC-1733.png","D:\github\ron-english-light-cult-1001-2000\images\1701-1800\LCCC-1733.png","items/lccc-1733.html","https://ronenglish-archive.github.io/ron-english-light-cult-1001-2000/items/lccc-1733.html","https://opensea.io/item/ethereum/0xbe85fbd182af91290be7293438ae67549638189f/1733","OK",""
"1734","1734","Light Cult Crypto Club #1734","RE-003544","1701-1800","","","","","","items/lccc-1734.html","https://ronenglish-archive.github.io/ron-english-light-cult-1001-2000/items/lccc-1734.html","https://opensea.io/item/ethereum/0xbe85fbd182af91290be7293438ae67549638189f/1734","MISSING SOURCE IMAGE","No source image found for token #1734"
"1735","1735","Light Cult Crypto Club #1735","RE-003545","1701-1800","D:\github\ron-english-nfts\light-cult-crypto-club\images\LCCC-1735.png","11357","images/1701-1800/LCCC-1735.png","LCCC-1735.png","D:\github\ron-english-light-cult-1001-2000\images\1701-1800\LCCC-1735.png","items/lccc-1735.html","https://ronenglish-archive.github.io/ron-english-light-cult-1001-2000/items/lccc-1735.html","https://opensea.io/item/ethereum/0xbe85fbd182af91290be7293438ae67549638189f/1735","OK",""
"1736","1736","Light Cult Crypto Club #1736","RE-003546","1701-1800","D:\github\ron-english-nfts\light-cult-crypto-club\images\LCCC-1736.png","57085","images/1701-1800/LCCC-1736.png","LCCC-1736.png","D:\github\ron-english-light-cult-1001-2000\images\1701-1800\LCCC-1736.png","items/lccc-1736.html","https://ronenglish-archive.github.io/ron-english-light-cult-1001-2000/items/lccc-1736.html","https://opensea.io/item/ethereum/0xbe85fbd182af91290be7293438ae67549638189f/1736","OK",""
"1737","1737","Light Cult Crypto Club #1737","RE-003547","1701-1800","D:\github\ron-english-nfts\light-cult-crypto-club\images\LCCC-1737.png","30832","images/1701-1800/LCCC-1737.png","LCCC-1737.png","D:\github\ron-english-light-cult-1001-2000\images\1701-1800\LCCC-1737.png","items/lccc-1737.html","https://ronenglish-archive.github.io/ron-english-light-cult-1001-2000/items/lccc-1737.html","https://opensea.io/item/ethereum/0xbe85fbd182af91290be7293438ae67549638189f/1737","OK",""
"1738","1738","Light Cult Crypto Club #1738","RE-003548","1701-1800","D:\github\ron-english-nfts\light-cult-crypto-club\images\LCCC-1738.png","27435","images/1701-1800/LCCC-1738.png","LCCC-1738.png","D:\github\ron-english-light-cult-1001-2000\images\1701-1800\LCCC-1738.png","items/lccc-1738.html","https://ronenglish-archive.github.io/ron-english-light-cult-1001-2000/items/lccc-1738.html","https://opensea.io/item/ethereum/0xbe85fbd182af91290be7293438ae67549638189f/1738","OK",""
"1739","1739","Light Cult Crypto Club #1739","RE-003549","1701-1800","D:\github\ron-english-nfts\light-cult-crypto-club\images\LCCC-1739.png","11554","images/1701-1800/LCCC-1739.png","LCCC-1739.png","D:\github\ron-english-light-cult-1001-2000\images\1701-1800\LCCC-1739.png","items/lccc-1739.html","https://ronenglish-archive.github.io/ron-english-light-cult-1001-2000/items/lccc-1739.html","https://opensea.io/item/ethereum/0xbe85fbd182af91290be7293438ae67549638189f/1739","OK",""
"1740","1740","Light Cult Crypto Club #1740","RE-003550","1701-1800","D:\github\ron-english-nfts\light-cult-crypto-club\images\LCCC-1740.png","29315","images/1701-1800/LCCC-1740.png","LCCC-1740.png","D:\github\ron-english-light-cult-1001-2000\images\1701-1800\LCCC-1740.png","items/lccc-1740.html","https://ronenglish-archive.github.io/ron-english-light-cult-1001-2000/items/lccc-1740.html","https://opensea.io/item/ethereum/0xbe85fbd182af91290be7293438ae67549638189f/1740","OK",""
"1741","1741","Light Cult Crypto Club #1741","RE-003551","1701-1800","D:\github\ron-english-nfts\light-cult-crypto-club\images\LCCC-1741.png","28472","images/1701-1800/LCCC-1741.png","LCCC-1741.png","D:\github\ron-english-light-cult-1001-2000\images\1701-1800\LCCC-1741.png","items/lccc-1741.html","https://ronenglish-archive.github.io/ron-english-light-cult-1001-2000/items/lccc-1741.html","https://opensea.io/item/ethereum/0xbe85fbd182af91290be7293438ae67549638189f/1741","OK",""
"1742","1742","Light Cult Crypto Club #1742","RE-003552","1701-1800","D:\github\ron-english-nfts\light-cult-crypto-club\images\LCCC-1742.png","27174","images/1701-1800/LCCC-1742.png","LCCC-1742.png","D:\github\ron-english-light-cult-1001-2000\images\1701-1800\LCCC-1742.png","items/lccc-1742.html","https://ronenglish-archive.github.io/ron-english-light-cult-1001-2000/items/lccc-1742.html","https://opensea.io/item/ethereum/0xbe85fbd182af91290be7293438ae67549638189f/1742","OK",""
"1743","1743","Light Cult Crypto Club #1743","RE-003553","1701-1800","D:\github\ron-english-nfts\light-cult-crypto-club\images\LCCC-1743.png","25562","images/1701-1800/LCCC-1743.png","LCCC-1743.png","D:\github\ron-english-light-cult-1001-2000\images\1701-1800\LCCC-1743.png","items/lccc-1743.html","https://ronenglish-archive.github.io/ron-english-light-cult-1001-2000/items/lccc-1743.html","https://opensea.io/item/ethereum/0xbe85fbd182af91290be7293438ae67549638189f/1743","OK",""
"1744","1744","Light Cult Crypto Club #1744","RE-003554","1701-1800","D:\github\ron-english-nfts\light-cult-crypto-club\images\LCCC-1744.png","18627","images/1701-1800/LCCC-1744.png","LCCC-1744.png","D:\github\ron-english-light-cult-1001-2000\images\1701-1800\LCCC-1744.png","items/lccc-1744.html","https://ronenglish-archive.github.io/ron-english-light-cult-1001-2000/items/lccc-1744.html","https://opensea.io/item/ethereum/0xbe85fbd182af91290be7293438ae67549638189f/1744","OK",""
"1745","1745","Light Cult Crypto Club #1745","RE-003555","1701-1800","D:\github\ron-english-nfts\light-cult-crypto-club\images\LCCC-1745.png","5953","images/1701-1800/LCCC-1745.png","LCCC-1745.png","D:\github\ron-english-light-cult-1001-2000\images\1701-1800\LCCC-1745.png","items/lccc-1745.html","https://ronenglish-archive.github.io/ron-english-light-cult-1001-2000/items/lccc-1745.html","https://opensea.io/item/ethereum/0xbe85fbd182af91290be7293438ae67549638189f/1745","OK",""
"1746","1746","Light Cult Crypto Club #1746","RE-003556","1701-1800","D:\github\ron-english-nfts\light-cult-crypto-club\images\LCCC-1746.png","20508","images/1701-1800/LCCC-1746.png","LCCC-1746.png","D:\github\ron-english-light-cult-1001-2000\images\1701-1800\LCCC-1746.png","items/lccc-1746.html","https://ronenglish-archive.github.io/ron-english-light-cult-1001-2000/items/lccc-1746.html","https://opensea.io/item/ethereum/0xbe85fbd182af91290be7293438ae67549638189f/1746","OK",""
"1747","1747","Light Cult Crypto Club #1747","RE-003557","1701-1800","D:\github\ron-english-nfts\light-cult-crypto-club\images\LCCC-1747.png","9263","images/1701-1800/LCCC-1747.png","LCCC-1747.png","D:\github\ron-english-light-cult-1001-2000\images\1701-1800\LCCC-1747.png","items/lccc-1747.html","https://ronenglish-archive.github.io/ron-english-light-cult-1001-2000/items/lccc-1747.html","https://opensea.io/item/ethereum/0xbe85fbd182af91290be7293438ae67549638189f/1747","OK",""
"1748","1748","Light Cult Crypto Club #1748","RE-003558","1701-1800","D:\github\ron-english-nfts\light-cult-crypto-club\images\LCCC-1748.png","8004","images/1701-1800/LCCC-1748.png","LCCC-1748.png","D:\github\ron-english-light-cult-1001-2000\images\1701-1800\LCCC-1748.png","items/lccc-1748.html","https://ronenglish-archive.github.io/ron-english-light-cult-1001-2000/items/lccc-1748.html","https://opensea.io/item/ethereum/0xbe85fbd182af91290be7293438ae67549638189f/1748","OK",""
"1749","1749","Light Cult Crypto Club #1749","RE-003559","1701-1800","D:\github\ron-english-nfts\light-cult-crypto-club\images\LCCC-1749.png","10966","images/1701-1800/LCCC-1749.png","LCCC-1749.png","D:\github\ron-english-light-cult-1001-2000\images\1701-1800\LCCC-1749.png","items/lccc-1749.html","https://ronenglish-archive.github.io/ron-english-light-cult-1001-2000/items/lccc-1749.html","https://opensea.io/item/ethereum/0xbe85fbd182af91290be7293438ae67549638189f/1749","OK",""
"1750","1750","Light Cult Crypto Club #1750","RE-003560","1701-1800","D:\github\ron-english-nfts\light-cult-crypto-club\images\LCCC-1750.png","25862","images/1701-1800/LCCC-1750.png","LCCC-1750.png","D:\github\ron-english-light-cult-1001-2000\images\1701-1800\LCCC-1750.png","items/lccc-1750.html","https://ronenglish-archive.github.io/ron-english-light-cult-1001-2000/items/lccc-1750.html","https://opensea.io/item/ethereum/0xbe85fbd182af91290be7293438ae67549638189f/1750","OK",""
"1751","1751","Light Cult Crypto Club #1751","RE-003561","1701-1800","D:\github\ron-english-nfts\light-cult-crypto-club\images\LCCC-1751.png","14414","images/1701-1800/LCCC-1751.png","LCCC-1751.png","D:\github\ron-english-light-cult-1001-2000\images\1701-1800\LCCC-1751.png","items/lccc-1751.html","https://ronenglish-archive.github.io/ron-english-light-cult-1001-2000/items/lccc-1751.html","https://opensea.io/item/ethereum/0xbe85fbd182af91290be7293438ae67549638189f/1751","OK",""
"1752","1752","Light Cult Crypto Club #1752","RE-003562","1701-1800","D:\github\ron-english-nfts\light-cult-crypto-club\images\LCCC-1752.png","7829","images/1701-1800/LCCC-1752.png","LCCC-1752.png","D:\github\ron-english-light-cult-1001-2000\images\1701-1800\LCCC-1752.png","items/lccc-1752.html","https://ronenglish-archive.github.io/ron-english-light-cult-1001-2000/items/lccc-1752.html","https://opensea.io/item/ethereum/0xbe85fbd182af91290be7293438ae67549638189f/1752","OK",""
"1753","1753","Light Cult Crypto Club #1753","RE-003563","1701-1800","D:\github\ron-english-nfts\light-cult-crypto-club\images\LCCC-1753.png","3631","images/1701-1800/LCCC-1753.png","LCCC-1753.png","D:\github\ron-english-light-cult-1001-2000\images\1701-1800\LCCC-1753.png","items/lccc-1753.html","https://ronenglish-archive.github.io/ron-english-light-cult-1001-2000/items/lccc-1753.html","https://opensea.io/item/ethereum/0xbe85fbd182af91290be7293438ae67549638189f/1753","OK",""
"1754","1754","Light Cult Crypto Club #1754","RE-003564","1701-1800","D:\github\ron-english-nfts\light-cult-crypto-club\images\LCCC-1754.png","25773","images/1701-1800/LCCC-1754.png","LCCC-1754.png","D:\github\ron-english-light-cult-1001-2000\images\1701-1800\LCCC-1754.png","items/lccc-1754.html","https://ronenglish-archive.github.io/ron-english-light-cult-1001-2000/items/lccc-1754.html","https://opensea.io/item/ethereum/0xbe85fbd182af91290be7293438ae67549638189f/1754","OK",""
"1755","1755","Light Cult Crypto Club #1755","RE-003565","1701-1800","D:\github\ron-english-nfts\light-cult-crypto-club\images\LCCC-1755.png","31446","images/1701-1800/LCCC-1755.png","LCCC-1755.png","D:\github\ron-english-light-cult-1001-2000\images\1701-1800\LCCC-1755.png","items/lccc-1755.html","https://ronenglish-archive.github.io/ron-english-light-cult-1001-2000/items/lccc-1755.html","https://opensea.io/item/ethereum/0xbe85fbd182af91290be7293438ae67549638189f/1755","OK",""
"1756","1756","Light Cult Crypto Club #1756","RE-003566","1701-1800","D:\github\ron-english-nfts\light-cult-crypto-club\images\LCCC-1756.png","12999","images/1701-1800/LCCC-1756.png","LCCC-1756.png","D:\github\ron-english-light-cult-1001-2000\images\1701-1800\LCCC-1756.png","items/lccc-1756.html","https://ronenglish-archive.github.io/ron-english-light-cult-1001-2000/items/lccc-1756.html","https://opensea.io/item/ethereum/0xbe85fbd182af91290be7293438ae67549638189f/1756","OK",""
"1757","1757","Light Cult Crypto Club #1757","RE-003567","1701-1800","D:\github\ron-english-nfts\light-cult-crypto-club\images\LCCC-1757.png","28647","images/1701-1800/LCCC-1757.png","LCCC-1757.png","D:\github\ron-english-light-cult-1001-2000\images\1701-1800\LCCC-1757.png","items/lccc-1757.html","https://ronenglish-archive.github.io/ron-english-light-cult-1001-2000/items/lccc-1757.html","https://opensea.io/item/ethereum/0xbe85fbd182af91290be7293438ae67549638189f/1757","OK",""
"1758","1758","Light Cult Crypto Club #1758","RE-003568","1701-1800","","","","","","items/lccc-1758.html","https://ronenglish-archive.github.io/ron-english-light-cult-1001-2000/items/lccc-1758.html","https://opensea.io/item/ethereum/0xbe85fbd182af91290be7293438ae67549638189f/1758","MISSING SOURCE IMAGE","No source image found for token #1758"
"1759","1759","Light Cult Crypto Club #1759","RE-003569","1701-1800","D:\github\ron-english-nfts\light-cult-crypto-club\images\LCCC-1759.png","15184","images/1701-1800/LCCC-1759.png","LCCC-1759.png","D:\github\ron-english-light-cult-1001-2000\images\1701-1800\LCCC-1759.png","items/lccc-1759.html","https://ronenglish-archive.github.io/ron-english-light-cult-1001-2000/items/lccc-1759.html","https://opensea.io/item/ethereum/0xbe85fbd182af91290be7293438ae67549638189f/1759","OK",""
"1760","1760","Light Cult Crypto Club #1760","RE-003570","1701-1800","D:\github\ron-english-nfts\light-cult-crypto-club\images\LCCC-1760.png","8678","images/1701-1800/LCCC-1760.png","LCCC-1760.png","D:\github\ron-english-light-cult-1001-2000\images\1701-1800\LCCC-1760.png","items/lccc-1760.html","https://ronenglish-archive.github.io/ron-english-light-cult-1001-2000/items/lccc-1760.html","https://opensea.io/item/ethereum/0xbe85fbd182af91290be7293438ae67549638189f/1760","OK",""
"1761","1761","Light Cult Crypto Club #1761","RE-003571","1701-1800","D:\github\ron-english-nfts\light-cult-crypto-club\images\LCCC-1761.png","19258","images/1701-1800/LCCC-1761.png","LCCC-1761.png","D:\github\ron-english-light-cult-1001-2000\images\1701-1800\LCCC-1761.png","items/lccc-1761.html","https://ronenglish-archive.github.io/ron-english-light-cult-1001-2000/items/lccc-1761.html","https://opensea.io/item/ethereum/0xbe85fbd182af91290be7293438ae67549638189f/1761","OK",""
"1762","1762","Light Cult Crypto Club #1762","RE-003572","1701-1800","D:\github\ron-english-nfts\light-cult-crypto-club\images\LCCC-1762.png","32918","images/1701-1800/LCCC-1762.png","LCCC-1762.png","D:\github\ron-english-light-cult-1001-2000\images\1701-1800\LCCC-1762.png","items/lccc-1762.html","https://ronenglish-archive.github.io/ron-english-light-cult-1001-2000/items/lccc-1762.html","https://opensea.io/item/ethereum/0xbe85fbd182af91290be7293438ae67549638189f/1762","OK",""
"1763","1763","Light Cult Crypto Club #1763","RE-003573","1701-1800","D:\github\ron-english-nfts\light-cult-crypto-club\images\LCCC-1763.png","13164","images/1701-1800/LCCC-1763.png","LCCC-1763.png","D:\github\ron-english-light-cult-1001-2000\images\1701-1800\LCCC-1763.png","items/lccc-1763.html","https://ronenglish-archive.github.io/ron-english-light-cult-1001-2000/items/lccc-1763.html","https://opensea.io/item/ethereum/0xbe85fbd182af91290be7293438ae67549638189f/1763","OK",""
"1764","1764","Light Cult Crypto Club #1764","RE-003574","1701-1800","D:\github\ron-english-nfts\light-cult-crypto-club\images\LCCC-1764.png","14480","images/1701-1800/LCCC-1764.png","LCCC-1764.png","D:\github\ron-english-light-cult-1001-2000\images\1701-1800\LCCC-1764.png","items/lccc-1764.html","https://ronenglish-archive.github.io/ron-english-light-cult-1001-2000/items/lccc-1764.html","https://opensea.io/item/ethereum/0xbe85fbd182af91290be7293438ae67549638189f/1764","OK",""
"1765","1765","Light Cult Crypto Club #1765","RE-003575","1701-1800","","","","","","items/lccc-1765.html","https://ronenglish-archive.github.io/ron-english-light-cult-1001-2000/items/lccc-1765.html","https://opensea.io/item/ethereum/0xbe85fbd182af91290be7293438ae67549638189f/1765","MISSING SOURCE IMAGE","No source image found for token #1765"
"1766","1766","Light Cult Crypto Club #1766","RE-003576","1701-1800","D:\github\ron-english-nfts\light-cult-crypto-club\images\LCCC-1766.png","15999","images/1701-1800/LCCC-1766.png","LCCC-1766.png","D:\github\ron-english-light-cult-1001-2000\images\1701-1800\LCCC-1766.png","items/lccc-1766.html","https://ronenglish-archive.github.io/ron-english-light-cult-1001-2000/items/lccc-1766.html","https://opensea.io/item/ethereum/0xbe85fbd182af91290be7293438ae67549638189f/1766","OK",""
"1767","1767","Light Cult Crypto Club #1767","RE-003577","1701-1800","D:\github\ron-english-nfts\light-cult-crypto-club\images\LCCC-1767.png","18906","images/1701-1800/LCCC-1767.png","LCCC-1767.png","D:\github\ron-english-light-cult-1001-2000\images\1701-1800\LCCC-1767.png","items/lccc-1767.html","https://ronenglish-archive.github.io/ron-english-light-cult-1001-2000/items/lccc-1767.html","https://opensea.io/item/ethereum/0xbe85fbd182af91290be7293438ae67549638189f/1767","OK",""
"1768","1768","Light Cult Crypto Club #1768","RE-003578","1701-1800","D:\github\ron-english-nfts\light-cult-crypto-club\images\LCCC-1768.png","30848","images/1701-1800/LCCC-1768.png","LCCC-1768.png","D:\github\ron-english-light-cult-1001-2000\images\1701-1800\LCCC-1768.png","items/lccc-1768.html","https://ronenglish-archive.github.io/ron-english-light-cult-1001-2000/items/lccc-1768.html","https://opensea.io/item/ethereum/0xbe85fbd182af91290be7293438ae67549638189f/1768","OK",""
"1769","1769","Light Cult Crypto Club #1769","RE-003579","1701-1800","D:\github\ron-english-nfts\light-cult-crypto-club\images\LCCC-1769.png","26374","images/1701-1800/LCCC-1769.png","LCCC-1769.png","D:\github\ron-english-light-cult-1001-2000\images\1701-1800\LCCC-1769.png","items/lccc-1769.html","https://ronenglish-archive.github.io/ron-english-light-cult-1001-2000/items/lccc-1769.html","https://opensea.io/item/ethereum/0xbe85fbd182af91290be7293438ae67549638189f/1769","OK",""
"1770","1770","Light Cult Crypto Club #1770","RE-003580","1701-1800","D:\github\ron-english-nfts\light-cult-crypto-club\images\LCCC-1770.png","11459","images/1701-1800/LCCC-1770.png","LCCC-1770.png","D:\github\ron-english-light-cult-1001-2000\images\1701-1800\LCCC-1770.png","items/lccc-1770.html","https://ronenglish-archive.github.io/ron-english-light-cult-1001-2000/items/lccc-1770.html","https://opensea.io/item/ethereum/0xbe85fbd182af91290be7293438ae67549638189f/1770","OK",""
"1771","1771","Light Cult Crypto Club #1771","RE-003581","1701-1800","D:\github\ron-english-nfts\light-cult-crypto-club\images\LCCC-1771.png","25133","images/1701-1800/LCCC-1771.png","LCCC-1771.png","D:\github\ron-english-light-cult-1001-2000\images\1701-1800\LCCC-1771.png","items/lccc-1771.html","https://ronenglish-archive.github.io/ron-english-light-cult-1001-2000/items/lccc-1771.html","https://opensea.io/item/ethereum/0xbe85fbd182af91290be7293438ae67549638189f/1771","OK",""
"1772","1772","Light Cult Crypto Club #1772","RE-003582","1701-1800","D:\github\ron-english-nfts\light-cult-crypto-club\images\LCCC-1772.png","10948","images/1701-1800/LCCC-1772.png","LCCC-1772.png","D:\github\ron-english-light-cult-1001-2000\images\1701-1800\LCCC-1772.png","items/lccc-1772.html","https://ronenglish-archive.github.io/ron-english-light-cult-1001-2000/items/lccc-1772.html","https://opensea.io/item/ethereum/0xbe85fbd182af91290be7293438ae67549638189f/1772","OK",""
"1773","1773","Light Cult Crypto Club #1773","RE-003583","1701-1800","D:\github\ron-english-nfts\light-cult-crypto-club\images\LCCC-1773.png","5574","images/1701-1800/LCCC-1773.png","LCCC-1773.png","D:\github\ron-english-light-cult-1001-2000\images\1701-1800\LCCC-1773.png","items/lccc-1773.html","https://ronenglish-archive.github.io/ron-english-light-cult-1001-2000/items/lccc-1773.html","https://opensea.io/item/ethereum/0xbe85fbd182af91290be7293438ae67549638189f/1773","OK",""
"1774","1774","Light Cult Crypto Club #1774","RE-003584","1701-1800","D:\github\ron-english-nfts\light-cult-crypto-club\images\LCCC-1774.png","32071","images/1701-1800/LCCC-1774.png","LCCC-1774.png","D:\github\ron-english-light-cult-1001-2000\images\1701-1800\LCCC-1774.png","items/lccc-1774.html","https://ronenglish-archive.github.io/ron-english-light-cult-1001-2000/items/lccc-1774.html","https://opensea.io/item/ethereum/0xbe85fbd182af91290be7293438ae67549638189f/1774","OK",""
"1775","1775","Light Cult Crypto Club #1775","RE-003585","1701-1800","D:\github\ron-english-nfts\light-cult-crypto-club\images\LCCC-1775.png","6316","images/1701-1800/LCCC-1775.png","LCCC-1775.png","D:\github\ron-english-light-cult-1001-2000\images\1701-1800\LCCC-1775.png","items/lccc-1775.html","https://ronenglish-archive.github.io/ron-english-light-cult-1001-2000/items/lccc-1775.html","https://opensea.io/item/ethereum/0xbe85fbd182af91290be7293438ae67549638189f/1775","OK",""
"1776","1776","Light Cult Crypto Club #1776","RE-003586","1701-1800","D:\github\ron-english-nfts\light-cult-crypto-club\images\LCCC-1776.png","8006","images/1701-1800/LCCC-1776.png","LCCC-1776.png","D:\github\ron-english-light-cult-1001-2000\images\1701-1800\LCCC-1776.png","items/lccc-1776.html","https://ronenglish-archive.github.io/ron-english-light-cult-1001-2000/items/lccc-1776.html","https://opensea.io/item/ethereum/0xbe85fbd182af91290be7293438ae67549638189f/1776","OK",""
"1777","1777","Light Cult Crypto Club #1777","RE-003587","1701-1800","","","","","","items/lccc-1777.html","https://ronenglish-archive.github.io/ron-english-light-cult-1001-2000/items/lccc-1777.html","https://opensea.io/item/ethereum/0xbe85fbd182af91290be7293438ae67549638189f/1777","MISSING SOURCE IMAGE","No source image found for token #1777"
"1778","1778","Light Cult Crypto Club #1778","RE-003588","1701-1800","D:\github\ron-english-nfts\light-cult-crypto-club\images\LCCC-1778.png","23107","images/1701-1800/LCCC-1778.png","LCCC-1778.png","D:\github\ron-english-light-cult-1001-2000\images\1701-1800\LCCC-1778.png","items/lccc-1778.html","https://ronenglish-archive.github.io/ron-english-light-cult-1001-2000/items/lccc-1778.html","https://opensea.io/item/ethereum/0xbe85fbd182af91290be7293438ae67549638189f/1778","OK",""
"1779","1779","Light Cult Crypto Club #1779","RE-003589","1701-1800","D:\github\ron-english-nfts\light-cult-crypto-club\images\LCCC-1779.png","14247","images/1701-1800/LCCC-1779.png","LCCC-1779.png","D:\github\ron-english-light-cult-1001-2000\images\1701-1800\LCCC-1779.png","items/lccc-1779.html","https://ronenglish-archive.github.io/ron-english-light-cult-1001-2000/items/lccc-1779.html","https://opensea.io/item/ethereum/0xbe85fbd182af91290be7293438ae67549638189f/1779","OK",""
"1780","1780","Light Cult Crypto Club #1780","RE-003590","1701-1800","D:\github\ron-english-nfts\light-cult-crypto-club\images\LCCC-1780.png","10635","images/1701-1800/LCCC-1780.png","LCCC-1780.png","D:\github\ron-english-light-cult-1001-2000\images\1701-1800\LCCC-1780.png","items/lccc-1780.html","https://ronenglish-archive.github.io/ron-english-light-cult-1001-2000/items/lccc-1780.html","https://opensea.io/item/ethereum/0xbe85fbd182af91290be7293438ae67549638189f/1780","OK",""
"1781","1781","Light Cult Crypto Club #1781","RE-003591","1701-1800","D:\github\ron-english-nfts\light-cult-crypto-club\images\LCCC-1781.png","11795","images/1701-1800/LCCC-1781.png","LCCC-1781.png","D:\github\ron-english-light-cult-1001-2000\images\1701-1800\LCCC-1781.png","items/lccc-1781.html","https://ronenglish-archive.github.io/ron-english-light-cult-1001-2000/items/lccc-1781.html","https://opensea.io/item/ethereum/0xbe85fbd182af91290be7293438ae67549638189f/1781","OK",""
"1782","1782","Light Cult Crypto Club #1782","RE-003592","1701-1800","D:\github\ron-english-nfts\light-cult-crypto-club\images\LCCC-1782.png","29342","images/1701-1800/LCCC-1782.png","LCCC-1782.png","D:\github\ron-english-light-cult-1001-2000\images\1701-1800\LCCC-1782.png","items/lccc-1782.html","https://ronenglish-archive.github.io/ron-english-light-cult-1001-2000/items/lccc-1782.html","https://opensea.io/item/ethereum/0xbe85fbd182af91290be7293438ae67549638189f/1782","OK",""
"1783","1783","Light Cult Crypto Club #1783","RE-003593","1701-1800","D:\github\ron-english-nfts\light-cult-crypto-club\images\LCCC-1783.png","47081","images/1701-1800/LCCC-1783.png","LCCC-1783.png","D:\github\ron-english-light-cult-1001-2000\images\1701-1800\LCCC-1783.png","items/lccc-1783.html","https://ronenglish-archive.github.io/ron-english-light-cult-1001-2000/items/lccc-1783.html","https://opensea.io/item/ethereum/0xbe85fbd182af91290be7293438ae67549638189f/1783","OK",""
"1784","1784","Light Cult Crypto Club #1784","RE-003594","1701-1800","D:\github\ron-english-nfts\light-cult-crypto-club\images\LCCC-1784.png","33677","images/1701-1800/LCCC-1784.png","LCCC-1784.png","D:\github\ron-english-light-cult-1001-2000\images\1701-1800\LCCC-1784.png","items/lccc-1784.html","https://ronenglish-archive.github.io/ron-english-light-cult-1001-2000/items/lccc-1784.html","https://opensea.io/item/ethereum/0xbe85fbd182af91290be7293438ae67549638189f/1784","OK",""
"1785","1785","Light Cult Crypto Club #1785","RE-003595","1701-1800","D:\github\ron-english-nfts\light-cult-crypto-club\images\LCCC-1785.png","28418","images/1701-1800/LCCC-1785.png","LCCC-1785.png","D:\github\ron-english-light-cult-1001-2000\images\1701-1800\LCCC-1785.png","items/lccc-1785.html","https://ronenglish-archive.github.io/ron-english-light-cult-1001-2000/items/lccc-1785.html","https://opensea.io/item/ethereum/0xbe85fbd182af91290be7293438ae67549638189f/1785","OK",""
"1786","1786","Light Cult Crypto Club #1786","RE-003596","1701-1800","D:\github\ron-english-nfts\light-cult-crypto-club\images\LCCC-1786.png","9626","images/1701-1800/LCCC-1786.png","LCCC-1786.png","D:\github\ron-english-light-cult-1001-2000\images\1701-1800\LCCC-1786.png","items/lccc-1786.html","https://ronenglish-archive.github.io/ron-english-light-cult-1001-2000/items/lccc-1786.html","https://opensea.io/item/ethereum/0xbe85fbd182af91290be7293438ae67549638189f/1786","OK",""
"1787","1787","Light Cult Crypto Club #1787","RE-003597","1701-1800","D:\github\ron-english-nfts\light-cult-crypto-club\images\LCCC-1787.png","5909","images/1701-1800/LCCC-1787.png","LCCC-1787.png","D:\github\ron-english-light-cult-1001-2000\images\1701-1800\LCCC-1787.png","items/lccc-1787.html","https://ronenglish-archive.github.io/ron-english-light-cult-1001-2000/items/lccc-1787.html","https://opensea.io/item/ethereum/0xbe85fbd182af91290be7293438ae67549638189f/1787","OK",""
"1788","1788","Light Cult Crypto Club #1788","RE-003598","1701-1800","","","","","","items/lccc-1788.html","https://ronenglish-archive.github.io/ron-english-light-cult-1001-2000/items/lccc-1788.html","https://opensea.io/item/ethereum/0xbe85fbd182af91290be7293438ae67549638189f/1788","MISSING SOURCE IMAGE","No source image found for token #1788"
"1789","1789","Light Cult Crypto Club #1789","RE-003599","1701-1800","D:\github\ron-english-nfts\light-cult-crypto-club\images\LCCC-1789.png","5902","images/1701-1800/LCCC-1789.png","LCCC-1789.png","D:\github\ron-english-light-cult-1001-2000\images\1701-1800\LCCC-1789.png","items/lccc-1789.html","https://ronenglish-archive.github.io/ron-english-light-cult-1001-2000/items/lccc-1789.html","https://opensea.io/item/ethereum/0xbe85fbd182af91290be7293438ae67549638189f/1789","OK",""
"1790","1790","Light Cult Crypto Club #1790","RE-003600","1701-1800","D:\github\ron-english-nfts\light-cult-crypto-club\images\LCCC-1790.png","16720","images/1701-1800/LCCC-1790.png","LCCC-1790.png","D:\github\ron-english-light-cult-1001-2000\images\1701-1800\LCCC-1790.png","items/lccc-1790.html","https://ronenglish-archive.github.io/ron-english-light-cult-1001-2000/items/lccc-1790.html","https://opensea.io/item/ethereum/0xbe85fbd182af91290be7293438ae67549638189f/1790","OK",""
"1791","1791","Light Cult Crypto Club #1791","RE-003601","1701-1800","D:\github\ron-english-nfts\light-cult-crypto-club\images\LCCC-1791.png","28009","images/1701-1800/LCCC-1791.png","LCCC-1791.png","D:\github\ron-english-light-cult-1001-2000\images\1701-1800\LCCC-1791.png","items/lccc-1791.html","https://ronenglish-archive.github.io/ron-english-light-cult-1001-2000/items/lccc-1791.html","https://opensea.io/item/ethereum/0xbe85fbd182af91290be7293438ae67549638189f/1791","OK",""
"1792","1792","Light Cult Crypto Club #1792","RE-003602","1701-1800","D:\github\ron-english-nfts\light-cult-crypto-club\images\LCCC-1792.png","53936","images/1701-1800/LCCC-1792.png","LCCC-1792.png","D:\github\ron-english-light-cult-1001-2000\images\1701-1800\LCCC-1792.png","items/lccc-1792.html","https://ronenglish-archive.github.io/ron-english-light-cult-1001-2000/items/lccc-1792.html","https://opensea.io/item/ethereum/0xbe85fbd182af91290be7293438ae67549638189f/1792","OK",""
"1793","1793","Light Cult Crypto Club #1793","RE-003603","1701-1800","","","","","","items/lccc-1793.html","https://ronenglish-archive.github.io/ron-english-light-cult-1001-2000/items/lccc-1793.html","https://opensea.io/item/ethereum/0xbe85fbd182af91290be7293438ae67549638189f/1793","MISSING SOURCE IMAGE","No source image found for token #1793"
"1794","1794","Light Cult Crypto Club #1794","RE-003604","1701-1800","D:\github\ron-english-nfts\light-cult-crypto-club\images\LCCC-1794.png","12380","images/1701-1800/LCCC-1794.png","LCCC-1794.png","D:\github\ron-english-light-cult-1001-2000\images\1701-1800\LCCC-1794.png","items/lccc-1794.html","https://ronenglish-archive.github.io/ron-english-light-cult-1001-2000/items/lccc-1794.html","https://opensea.io/item/ethereum/0xbe85fbd182af91290be7293438ae67549638189f/1794","OK",""
"1795","1795","Light Cult Crypto Club #1795","RE-003605","1701-1800","D:\github\ron-english-nfts\light-cult-crypto-club\images\LCCC-1795.png","15358","images/1701-1800/LCCC-1795.png","LCCC-1795.png","D:\github\ron-english-light-cult-1001-2000\images\1701-1800\LCCC-1795.png","items/lccc-1795.html","https://ronenglish-archive.github.io/ron-english-light-cult-1001-2000/items/lccc-1795.html","https://opensea.io/item/ethereum/0xbe85fbd182af91290be7293438ae67549638189f/1795","OK",""
"1796","1796","Light Cult Crypto Club #1796","RE-003606","1701-1800","D:\github\ron-english-nfts\light-cult-crypto-club\images\LCCC-1796.png","10133","images/1701-1800/LCCC-1796.png","LCCC-1796.png","D:\github\ron-english-light-cult-1001-2000\images\1701-1800\LCCC-1796.png","items/lccc-1796.html","https://ronenglish-archive.github.io/ron-english-light-cult-1001-2000/items/lccc-1796.html","https://opensea.io/item/ethereum/0xbe85fbd182af91290be7293438ae67549638189f/1796","OK",""
"1797","1797","Light Cult Crypto Club #1797","RE-003607","1701-1800","D:\github\ron-english-nfts\light-cult-crypto-club\images\LCCC-1797.png","5647","images/1701-1800/LCCC-1797.png","LCCC-1797.png","D:\github\ron-english-light-cult-1001-2000\images\1701-1800\LCCC-1797.png","items/lccc-1797.html","https://ronenglish-archive.github.io/ron-english-light-cult-1001-2000/items/lccc-1797.html","https://opensea.io/item/ethereum/0xbe85fbd182af91290be7293438ae67549638189f/1797","OK",""
"1798","1798","Light Cult Crypto Club #1798","RE-003608","1701-1800","D:\github\ron-english-nfts\light-cult-crypto-club\images\LCCC-1798.png","23584","images/1701-1800/LCCC-1798.png","LCCC-1798.png","D:\github\ron-english-light-cult-1001-2000\images\1701-1800\LCCC-1798.png","items/lccc-1798.html","https://ronenglish-archive.github.io/ron-english-light-cult-1001-2000/items/lccc-1798.html","https://opensea.io/item/ethereum/0xbe85fbd182af91290be7293438ae67549638189f/1798","OK",""
"1799","1799","Light Cult Crypto Club #1799","RE-003609","1701-1800","D:\github\ron-english-nfts\light-cult-crypto-club\images\LCCC-1799.png","16836","images/1701-1800/LCCC-1799.png","LCCC-1799.png","D:\github\ron-english-light-cult-1001-2000\images\1701-1800\LCCC-1799.png","items/lccc-1799.html","https://ronenglish-archive.github.io/ron-english-light-cult-1001-2000/items/lccc-1799.html","https://opensea.io/item/ethereum/0xbe85fbd182af91290be7293438ae67549638189f/1799","OK",""
"1800","1800","Light Cult Crypto Club #1800","RE-003610","1701-1800","D:\github\ron-english-nfts\light-cult-crypto-club\images\LCCC-1800.png","7301","images/1701-1800/LCCC-1800.png","LCCC-1800.png","D:\github\ron-english-light-cult-1001-2000\images\1701-1800\LCCC-1800.png","items/lccc-1800.html","https://ronenglish-archive.github.io/ron-english-light-cult-1001-2000/items/lccc-1800.html","https://opensea.io/item/ethereum/0xbe85fbd182af91290be7293438ae67549638189f/1800","OK",""
"1801","1801","Light Cult Crypto Club #1801","RE-003611","1801-1900","D:\github\ron-english-nfts\light-cult-crypto-club\images\LCCC-1801.png","7302","images/1801-1900/LCCC-1801.png","LCCC-1801.png","D:\github\ron-english-light-cult-1001-2000\images\1801-1900\LCCC-1801.png","items/lccc-1801.html","https://ronenglish-archive.github.io/ron-english-light-cult-1001-2000/items/lccc-1801.html","https://opensea.io/item/ethereum/0xbe85fbd182af91290be7293438ae67549638189f/1801","OK",""
"1802","1802","Light Cult Crypto Club #1802","RE-003612","1801-1900","D:\github\ron-english-nfts\light-cult-crypto-club\images\LCCC-1802.png","6871","images/1801-1900/LCCC-1802.png","LCCC-1802.png","D:\github\ron-english-light-cult-1001-2000\images\1801-1900\LCCC-1802.png","items/lccc-1802.html","https://ronenglish-archive.github.io/ron-english-light-cult-1001-2000/items/lccc-1802.html","https://opensea.io/item/ethereum/0xbe85fbd182af91290be7293438ae67549638189f/1802","OK",""
"1803","1803","Light Cult Crypto Club #1803","RE-003613","1801-1900","D:\github\ron-english-nfts\light-cult-crypto-club\images\LCCC-1803.png","15258","images/1801-1900/LCCC-1803.png","LCCC-1803.png","D:\github\ron-english-light-cult-1001-2000\images\1801-1900\LCCC-1803.png","items/lccc-1803.html","https://ronenglish-archive.github.io/ron-english-light-cult-1001-2000/items/lccc-1803.html","https://opensea.io/item/ethereum/0xbe85fbd182af91290be7293438ae67549638189f/1803","OK",""
"1804","1804","Light Cult Crypto Club #1804","RE-003614","1801-1900","D:\github\ron-english-nfts\light-cult-crypto-club\images\LCCC-1804.png","8360","images/1801-1900/LCCC-1804.png","LCCC-1804.png","D:\github\ron-english-light-cult-1001-2000\images\1801-1900\LCCC-1804.png","items/lccc-1804.html","https://ronenglish-archive.github.io/ron-english-light-cult-1001-2000/items/lccc-1804.html","https://opensea.io/item/ethereum/0xbe85fbd182af91290be7293438ae67549638189f/1804","OK",""
"1805","1805","Light Cult Crypto Club #1805","RE-003615","1801-1900","D:\github\ron-english-nfts\light-cult-crypto-club\images\LCCC-1805.png","11192","images/1801-1900/LCCC-1805.png","LCCC-1805.png","D:\github\ron-english-light-cult-1001-2000\images\1801-1900\LCCC-1805.png","items/lccc-1805.html","https://ronenglish-archive.github.io/ron-english-light-cult-1001-2000/items/lccc-1805.html","https://opensea.io/item/ethereum/0xbe85fbd182af91290be7293438ae67549638189f/1805","OK",""
"1806","1806","Light Cult Crypto Club #1806","RE-003616","1801-1900","D:\github\ron-english-nfts\light-cult-crypto-club\images\LCCC-1806.png","17543","images/1801-1900/LCCC-1806.png","LCCC-1806.png","D:\github\ron-english-light-cult-1001-2000\images\1801-1900\LCCC-1806.png","items/lccc-1806.html","https://ronenglish-archive.github.io/ron-english-light-cult-1001-2000/items/lccc-1806.html","https://opensea.io/item/ethereum/0xbe85fbd182af91290be7293438ae67549638189f/1806","OK",""
"1807","1807","Light Cult Crypto Club #1807","RE-003617","1801-1900","D:\github\ron-english-nfts\light-cult-crypto-club\images\LCCC-1807.png","15451","images/1801-1900/LCCC-1807.png","LCCC-1807.png","D:\github\ron-english-light-cult-1001-2000\images\1801-1900\LCCC-1807.png","items/lccc-1807.html","https://ronenglish-archive.github.io/ron-english-light-cult-1001-2000/items/lccc-1807.html","https://opensea.io/item/ethereum/0xbe85fbd182af91290be7293438ae67549638189f/1807","OK",""
"1808","1808","Light Cult Crypto Club #1808","RE-003618","1801-1900","D:\github\ron-english-nfts\light-cult-crypto-club\images\LCCC-1808.png","32853","images/1801-1900/LCCC-1808.png","LCCC-1808.png","D:\github\ron-english-light-cult-1001-2000\images\1801-1900\LCCC-1808.png","items/lccc-1808.html","https://ronenglish-archive.github.io/ron-english-light-cult-1001-2000/items/lccc-1808.html","https://opensea.io/item/ethereum/0xbe85fbd182af91290be7293438ae67549638189f/1808","OK",""
"1809","1809","Light Cult Crypto Club #1809","RE-003619","1801-1900","","","","","","items/lccc-1809.html","https://ronenglish-archive.github.io/ron-english-light-cult-1001-2000/items/lccc-1809.html","https://opensea.io/item/ethereum/0xbe85fbd182af91290be7293438ae67549638189f/1809","MISSING SOURCE IMAGE","No source image found for token #1809"
"1810","1810","Light Cult Crypto Club #1810","RE-003620","1801-1900","D:\github\ron-english-nfts\light-cult-crypto-club\images\LCCC-1810.png","5233","images/1801-1900/LCCC-1810.png","LCCC-1810.png","D:\github\ron-english-light-cult-1001-2000\images\1801-1900\LCCC-1810.png","items/lccc-1810.html","https://ronenglish-archive.github.io/ron-english-light-cult-1001-2000/items/lccc-1810.html","https://opensea.io/item/ethereum/0xbe85fbd182af91290be7293438ae67549638189f/1810","OK",""
"1811","1811","Light Cult Crypto Club #1811","RE-003621","1801-1900","D:\github\ron-english-nfts\light-cult-crypto-club\images\LCCC-1811.png","36032","images/1801-1900/LCCC-1811.png","LCCC-1811.png","D:\github\ron-english-light-cult-1001-2000\images\1801-1900\LCCC-1811.png","items/lccc-1811.html","https://ronenglish-archive.github.io/ron-english-light-cult-1001-2000/items/lccc-1811.html","https://opensea.io/item/ethereum/0xbe85fbd182af91290be7293438ae67549638189f/1811","OK",""
"1812","1812","Light Cult Crypto Club #1812","RE-003622","1801-1900","D:\github\ron-english-nfts\light-cult-crypto-club\images\LCCC-1812.png","32943","images/1801-1900/LCCC-1812.png","LCCC-1812.png","D:\github\ron-english-light-cult-1001-2000\images\1801-1900\LCCC-1812.png","items/lccc-1812.html","https://ronenglish-archive.github.io/ron-english-light-cult-1001-2000/items/lccc-1812.html","https://opensea.io/item/ethereum/0xbe85fbd182af91290be7293438ae67549638189f/1812","OK",""
"1813","1813","Light Cult Crypto Club #1813","RE-003623","1801-1900","D:\github\ron-english-nfts\light-cult-crypto-club\images\LCCC-1813.png","3243","images/1801-1900/LCCC-1813.png","LCCC-1813.png","D:\github\ron-english-light-cult-1001-2000\images\1801-1900\LCCC-1813.png","items/lccc-1813.html","https://ronenglish-archive.github.io/ron-english-light-cult-1001-2000/items/lccc-1813.html","https://opensea.io/item/ethereum/0xbe85fbd182af91290be7293438ae67549638189f/1813","OK",""
"1814","1814","Light Cult Crypto Club #1814","RE-003624","1801-1900","D:\github\ron-english-nfts\light-cult-crypto-club\images\LCCC-1814.png","19587","images/1801-1900/LCCC-1814.png","LCCC-1814.png","D:\github\ron-english-light-cult-1001-2000\images\1801-1900\LCCC-1814.png","items/lccc-1814.html","https://ronenglish-archive.github.io/ron-english-light-cult-1001-2000/items/lccc-1814.html","https://opensea.io/item/ethereum/0xbe85fbd182af91290be7293438ae67549638189f/1814","OK",""
"1815","1815","Light Cult Crypto Club #1815","RE-003625","1801-1900","D:\github\ron-english-nfts\light-cult-crypto-club\images\LCCC-1815.png","10530","images/1801-1900/LCCC-1815.png","LCCC-1815.png","D:\github\ron-english-light-cult-1001-2000\images\1801-1900\LCCC-1815.png","items/lccc-1815.html","https://ronenglish-archive.github.io/ron-english-light-cult-1001-2000/items/lccc-1815.html","https://opensea.io/item/ethereum/0xbe85fbd182af91290be7293438ae67549638189f/1815","OK",""
"1816","1816","Light Cult Crypto Club #1816","RE-003626","1801-1900","D:\github\ron-english-nfts\light-cult-crypto-club\images\LCCC-1816.png","6006","images/1801-1900/LCCC-1816.png","LCCC-1816.png","D:\github\ron-english-light-cult-1001-2000\images\1801-1900\LCCC-1816.png","items/lccc-1816.html","https://ronenglish-archive.github.io/ron-english-light-cult-1001-2000/items/lccc-1816.html","https://opensea.io/item/ethereum/0xbe85fbd182af91290be7293438ae67549638189f/1816","OK",""
"1817","1817","Light Cult Crypto Club #1817","RE-003627","1801-1900","D:\github\ron-english-nfts\light-cult-crypto-club\images\LCCC-1817.png","27174","images/1801-1900/LCCC-1817.png","LCCC-1817.png","D:\github\ron-english-light-cult-1001-2000\images\1801-1900\LCCC-1817.png","items/lccc-1817.html","https://ronenglish-archive.github.io/ron-english-light-cult-1001-2000/items/lccc-1817.html","https://opensea.io/item/ethereum/0xbe85fbd182af91290be7293438ae67549638189f/1817","OK",""
"1818","1818","Light Cult Crypto Club #1818","RE-003628","1801-1900","D:\github\ron-english-nfts\light-cult-crypto-club\images\LCCC-1818.png","36517","images/1801-1900/LCCC-1818.png","LCCC-1818.png","D:\github\ron-english-light-cult-1001-2000\images\1801-1900\LCCC-1818.png","items/lccc-1818.html","https://ronenglish-archive.github.io/ron-english-light-cult-1001-2000/items/lccc-1818.html","https://opensea.io/item/ethereum/0xbe85fbd182af91290be7293438ae67549638189f/1818","OK",""
"1819","1819","Light Cult Crypto Club #1819","RE-003629","1801-1900","D:\github\ron-english-nfts\light-cult-crypto-club\images\LCCC-1819.png","5718","images/1801-1900/LCCC-1819.png","LCCC-1819.png","D:\github\ron-english-light-cult-1001-2000\images\1801-1900\LCCC-1819.png","items/lccc-1819.html","https://ronenglish-archive.github.io/ron-english-light-cult-1001-2000/items/lccc-1819.html","https://opensea.io/item/ethereum/0xbe85fbd182af91290be7293438ae67549638189f/1819","OK",""
"1820","1820","Light Cult Crypto Club #1820","RE-003630","1801-1900","D:\github\ron-english-nfts\light-cult-crypto-club\images\LCCC-1820.png","32770","images/1801-1900/LCCC-1820.png","LCCC-1820.png","D:\github\ron-english-light-cult-1001-2000\images\1801-1900\LCCC-1820.png","items/lccc-1820.html","https://ronenglish-archive.github.io/ron-english-light-cult-1001-2000/items/lccc-1820.html","https://opensea.io/item/ethereum/0xbe85fbd182af91290be7293438ae67549638189f/1820","OK",""
"1821","1821","Light Cult Crypto Club #1821","RE-003631","1801-1900","D:\github\ron-english-nfts\light-cult-crypto-club\images\LCCC-1821.png","13720","images/1801-1900/LCCC-1821.png","LCCC-1821.png","D:\github\ron-english-light-cult-1001-2000\images\1801-1900\LCCC-1821.png","items/lccc-1821.html","https://ronenglish-archive.github.io/ron-english-light-cult-1001-2000/items/lccc-1821.html","https://opensea.io/item/ethereum/0xbe85fbd182af91290be7293438ae67549638189f/1821","OK",""
"1822","1822","Light Cult Crypto Club #1822","RE-003632","1801-1900","D:\github\ron-english-nfts\light-cult-crypto-club\images\LCCC-1822.png","33144","images/1801-1900/LCCC-1822.png","LCCC-1822.png","D:\github\ron-english-light-cult-1001-2000\images\1801-1900\LCCC-1822.png","items/lccc-1822.html","https://ronenglish-archive.github.io/ron-english-light-cult-1001-2000/items/lccc-1822.html","https://opensea.io/item/ethereum/0xbe85fbd182af91290be7293438ae67549638189f/1822","OK",""
"1823","1823","Light Cult Crypto Club #1823","RE-003633","1801-1900","D:\github\ron-english-nfts\light-cult-crypto-club\images\LCCC-1823.png","9126","images/1801-1900/LCCC-1823.png","LCCC-1823.png","D:\github\ron-english-light-cult-1001-2000\images\1801-1900\LCCC-1823.png","items/lccc-1823.html","https://ronenglish-archive.github.io/ron-english-light-cult-1001-2000/items/lccc-1823.html","https://opensea.io/item/ethereum/0xbe85fbd182af91290be7293438ae67549638189f/1823","OK",""
"1824","1824","Light Cult Crypto Club #1824","RE-003634","1801-1900","D:\github\ron-english-nfts\light-cult-crypto-club\images\LCCC-1824.png","17182","images/1801-1900/LCCC-1824.png","LCCC-1824.png","D:\github\ron-english-light-cult-1001-2000\images\1801-1900\LCCC-1824.png","items/lccc-1824.html","https://ronenglish-archive.github.io/ron-english-light-cult-1001-2000/items/lccc-1824.html","https://opensea.io/item/ethereum/0xbe85fbd182af91290be7293438ae67549638189f/1824","OK",""
"1825","1825","Light Cult Crypto Club #1825","RE-003635","1801-1900","D:\github\ron-english-nfts\light-cult-crypto-club\images\LCCC-1825.png","7182","images/1801-1900/LCCC-1825.png","LCCC-1825.png","D:\github\ron-english-light-cult-1001-2000\images\1801-1900\LCCC-1825.png","items/lccc-1825.html","https://ronenglish-archive.github.io/ron-english-light-cult-1001-2000/items/lccc-1825.html","https://opensea.io/item/ethereum/0xbe85fbd182af91290be7293438ae67549638189f/1825","OK",""
"1826","1826","Light Cult Crypto Club #1826","RE-003636","1801-1900","D:\github\ron-english-nfts\light-cult-crypto-club\images\LCCC-1826.png","14593","images/1801-1900/LCCC-1826.png","LCCC-1826.png","D:\github\ron-english-light-cult-1001-2000\images\1801-1900\LCCC-1826.png","items/lccc-1826.html","https://ronenglish-archive.github.io/ron-english-light-cult-1001-2000/items/lccc-1826.html","https://opensea.io/item/ethereum/0xbe85fbd182af91290be7293438ae67549638189f/1826","OK",""
"1827","1827","Light Cult Crypto Club #1827","RE-003637","1801-1900","D:\github\ron-english-nfts\light-cult-crypto-club\images\LCCC-1827.png","25826","images/1801-1900/LCCC-1827.png","LCCC-1827.png","D:\github\ron-english-light-cult-1001-2000\images\1801-1900\LCCC-1827.png","items/lccc-1827.html","https://ronenglish-archive.github.io/ron-english-light-cult-1001-2000/items/lccc-1827.html","https://opensea.io/item/ethereum/0xbe85fbd182af91290be7293438ae67549638189f/1827","OK",""
"1828","1828","Light Cult Crypto Club #1828","RE-003638","1801-1900","","","","","","items/lccc-1828.html","https://ronenglish-archive.github.io/ron-english-light-cult-1001-2000/items/lccc-1828.html","https://opensea.io/item/ethereum/0xbe85fbd182af91290be7293438ae67549638189f/1828","MISSING SOURCE IMAGE","No source image found for token #1828"
"1829","1829","Light Cult Crypto Club #1829","RE-003639","1801-1900","D:\github\ron-english-nfts\light-cult-crypto-club\images\LCCC-1829.png","33747","images/1801-1900/LCCC-1829.png","LCCC-1829.png","D:\github\ron-english-light-cult-1001-2000\images\1801-1900\LCCC-1829.png","items/lccc-1829.html","https://ronenglish-archive.github.io/ron-english-light-cult-1001-2000/items/lccc-1829.html","https://opensea.io/item/ethereum/0xbe85fbd182af91290be7293438ae67549638189f/1829","OK",""
"1830","1830","Light Cult Crypto Club #1830","RE-003640","1801-1900","","","","","","items/lccc-1830.html","https://ronenglish-archive.github.io/ron-english-light-cult-1001-2000/items/lccc-1830.html","https://opensea.io/item/ethereum/0xbe85fbd182af91290be7293438ae67549638189f/1830","MISSING SOURCE IMAGE","No source image found for token #1830"
"1831","1831","Light Cult Crypto Club #1831","RE-003641","1801-1900","D:\github\ron-english-nfts\light-cult-crypto-club\images\LCCC-1831.png","6291","images/1801-1900/LCCC-1831.png","LCCC-1831.png","D:\github\ron-english-light-cult-1001-2000\images\1801-1900\LCCC-1831.png","items/lccc-1831.html","https://ronenglish-archive.github.io/ron-english-light-cult-1001-2000/items/lccc-1831.html","https://opensea.io/item/ethereum/0xbe85fbd182af91290be7293438ae67549638189f/1831","OK",""
"1832","1832","Light Cult Crypto Club #1832","RE-003642","1801-1900","D:\github\ron-english-nfts\light-cult-crypto-club\images\LCCC-1832.png","33996","images/1801-1900/LCCC-1832.png","LCCC-1832.png","D:\github\ron-english-light-cult-1001-2000\images\1801-1900\LCCC-1832.png","items/lccc-1832.html","https://ronenglish-archive.github.io/ron-english-light-cult-1001-2000/items/lccc-1832.html","https://opensea.io/item/ethereum/0xbe85fbd182af91290be7293438ae67549638189f/1832","OK",""
"1833","1833","Light Cult Crypto Club #1833","RE-003643","1801-1900","D:\github\ron-english-nfts\light-cult-crypto-club\images\LCCC-1833.png","31449","images/1801-1900/LCCC-1833.png","LCCC-1833.png","D:\github\ron-english-light-cult-1001-2000\images\1801-1900\LCCC-1833.png","items/lccc-1833.html","https://ronenglish-archive.github.io/ron-english-light-cult-1001-2000/items/lccc-1833.html","https://opensea.io/item/ethereum/0xbe85fbd182af91290be7293438ae67549638189f/1833","OK",""
"1834","1834","Light Cult Crypto Club #1834","RE-003644","1801-1900","D:\github\ron-english-nfts\light-cult-crypto-club\images\LCCC-1834.png","15278","images/1801-1900/LCCC-1834.png","LCCC-1834.png","D:\github\ron-english-light-cult-1001-2000\images\1801-1900\LCCC-1834.png","items/lccc-1834.html","https://ronenglish-archive.github.io/ron-english-light-cult-1001-2000/items/lccc-1834.html","https://opensea.io/item/ethereum/0xbe85fbd182af91290be7293438ae67549638189f/1834","OK",""
"1835","1835","Light Cult Crypto Club #1835","RE-003645","1801-1900","D:\github\ron-english-nfts\light-cult-crypto-club\images\LCCC-1835.png","26900","images/1801-1900/LCCC-1835.png","LCCC-1835.png","D:\github\ron-english-light-cult-1001-2000\images\1801-1900\LCCC-1835.png","items/lccc-1835.html","https://ronenglish-archive.github.io/ron-english-light-cult-1001-2000/items/lccc-1835.html","https://opensea.io/item/ethereum/0xbe85fbd182af91290be7293438ae67549638189f/1835","OK",""
"1836","1836","Light Cult Crypto Club #1836","RE-003646","1801-1900","D:\github\ron-english-nfts\light-cult-crypto-club\images\LCCC-1836.png","5686","images/1801-1900/LCCC-1836.png","LCCC-1836.png","D:\github\ron-english-light-cult-1001-2000\images\1801-1900\LCCC-1836.png","items/lccc-1836.html","https://ronenglish-archive.github.io/ron-english-light-cult-1001-2000/items/lccc-1836.html","https://opensea.io/item/ethereum/0xbe85fbd182af91290be7293438ae67549638189f/1836","OK",""
"1837","1837","Light Cult Crypto Club #1837","RE-003647","1801-1900","D:\github\ron-english-nfts\light-cult-crypto-club\images\LCCC-1837.png","33324","images/1801-1900/LCCC-1837.png","LCCC-1837.png","D:\github\ron-english-light-cult-1001-2000\images\1801-1900\LCCC-1837.png","items/lccc-1837.html","https://ronenglish-archive.github.io/ron-english-light-cult-1001-2000/items/lccc-1837.html","https://opensea.io/item/ethereum/0xbe85fbd182af91290be7293438ae67549638189f/1837","OK",""
"1838","1838","Light Cult Crypto Club #1838","RE-003648","1801-1900","","","","","","items/lccc-1838.html","https://ronenglish-archive.github.io/ron-english-light-cult-1001-2000/items/lccc-1838.html","https://opensea.io/item/ethereum/0xbe85fbd182af91290be7293438ae67549638189f/1838","MISSING SOURCE IMAGE","No source image found for token #1838"
"1839","1839","Light Cult Crypto Club #1839","RE-003649","1801-1900","D:\github\ron-english-nfts\light-cult-crypto-club\images\LCCC-1839.png","20159","images/1801-1900/LCCC-1839.png","LCCC-1839.png","D:\github\ron-english-light-cult-1001-2000\images\1801-1900\LCCC-1839.png","items/lccc-1839.html","https://ronenglish-archive.github.io/ron-english-light-cult-1001-2000/items/lccc-1839.html","https://opensea.io/item/ethereum/0xbe85fbd182af91290be7293438ae67549638189f/1839","OK",""
"1840","1840","Light Cult Crypto Club #1840","RE-003650","1801-1900","D:\github\ron-english-nfts\light-cult-crypto-club\images\LCCC-1840.png","5809","images/1801-1900/LCCC-1840.png","LCCC-1840.png","D:\github\ron-english-light-cult-1001-2000\images\1801-1900\LCCC-1840.png","items/lccc-1840.html","https://ronenglish-archive.github.io/ron-english-light-cult-1001-2000/items/lccc-1840.html","https://opensea.io/item/ethereum/0xbe85fbd182af91290be7293438ae67549638189f/1840","OK",""
"1841","1841","Light Cult Crypto Club #1841","RE-003651","1801-1900","D:\github\ron-english-nfts\light-cult-crypto-club\images\LCCC-1841.png","6996","images/1801-1900/LCCC-1841.png","LCCC-1841.png","D:\github\ron-english-light-cult-1001-2000\images\1801-1900\LCCC-1841.png","items/lccc-1841.html","https://ronenglish-archive.github.io/ron-english-light-cult-1001-2000/items/lccc-1841.html","https://opensea.io/item/ethereum/0xbe85fbd182af91290be7293438ae67549638189f/1841","OK",""
"1842","1842","Light Cult Crypto Club #1842","RE-003652","1801-1900","D:\github\ron-english-nfts\light-cult-crypto-club\images\LCCC-1842.png","26886","images/1801-1900/LCCC-1842.png","LCCC-1842.png","D:\github\ron-english-light-cult-1001-2000\images\1801-1900\LCCC-1842.png","items/lccc-1842.html","https://ronenglish-archive.github.io/ron-english-light-cult-1001-2000/items/lccc-1842.html","https://opensea.io/item/ethereum/0xbe85fbd182af91290be7293438ae67549638189f/1842","OK",""
"1843","1843","Light Cult Crypto Club #1843","RE-003653","1801-1900","D:\github\ron-english-nfts\light-cult-crypto-club\images\LCCC-1843.png","31256","images/1801-1900/LCCC-1843.png","LCCC-1843.png","D:\github\ron-english-light-cult-1001-2000\images\1801-1900\LCCC-1843.png","items/lccc-1843.html","https://ronenglish-archive.github.io/ron-english-light-cult-1001-2000/items/lccc-1843.html","https://opensea.io/item/ethereum/0xbe85fbd182af91290be7293438ae67549638189f/1843","OK",""
"1844","1844","Light Cult Crypto Club #1844","RE-003654","1801-1900","","","","","","items/lccc-1844.html","https://ronenglish-archive.github.io/ron-english-light-cult-1001-2000/items/lccc-1844.html","https://opensea.io/item/ethereum/0xbe85fbd182af91290be7293438ae67549638189f/1844","MISSING SOURCE IMAGE","No source image found for token #1844"
"1845","1845","Light Cult Crypto Club #1845","RE-003655","1801-1900","D:\github\ron-english-nfts\light-cult-crypto-club\images\LCCC-1845.png","24963","images/1801-1900/LCCC-1845.png","LCCC-1845.png","D:\github\ron-english-light-cult-1001-2000\images\1801-1900\LCCC-1845.png","items/lccc-1845.html","https://ronenglish-archive.github.io/ron-english-light-cult-1001-2000/items/lccc-1845.html","https://opensea.io/item/ethereum/0xbe85fbd182af91290be7293438ae67549638189f/1845","OK",""
"1846","1846","Light Cult Crypto Club #1846","RE-003656","1801-1900","D:\github\ron-english-nfts\light-cult-crypto-club\images\LCCC-1846.png","34291","images/1801-1900/LCCC-1846.png","LCCC-1846.png","D:\github\ron-english-light-cult-1001-2000\images\1801-1900\LCCC-1846.png","items/lccc-1846.html","https://ronenglish-archive.github.io/ron-english-light-cult-1001-2000/items/lccc-1846.html","https://opensea.io/item/ethereum/0xbe85fbd182af91290be7293438ae67549638189f/1846","OK",""
"1847","1847","Light Cult Crypto Club #1847","RE-003657","1801-1900","D:\github\ron-english-nfts\light-cult-crypto-club\images\LCCC-1847.png","12948","images/1801-1900/LCCC-1847.png","LCCC-1847.png","D:\github\ron-english-light-cult-1001-2000\images\1801-1900\LCCC-1847.png","items/lccc-1847.html","https://ronenglish-archive.github.io/ron-english-light-cult-1001-2000/items/lccc-1847.html","https://opensea.io/item/ethereum/0xbe85fbd182af91290be7293438ae67549638189f/1847","OK",""
"1848","1848","Light Cult Crypto Club #1848","RE-003658","1801-1900","D:\github\ron-english-nfts\light-cult-crypto-club\images\LCCC-1848.png","26889","images/1801-1900/LCCC-1848.png","LCCC-1848.png","D:\github\ron-english-light-cult-1001-2000\images\1801-1900\LCCC-1848.png","items/lccc-1848.html","https://ronenglish-archive.github.io/ron-english-light-cult-1001-2000/items/lccc-1848.html","https://opensea.io/item/ethereum/0xbe85fbd182af91290be7293438ae67549638189f/1848","OK",""
"1849","1849","Light Cult Crypto Club #1849","RE-003659","1801-1900","D:\github\ron-english-nfts\light-cult-crypto-club\images\LCCC-1849.png","23438","images/1801-1900/LCCC-1849.png","LCCC-1849.png","D:\github\ron-english-light-cult-1001-2000\images\1801-1900\LCCC-1849.png","items/lccc-1849.html","https://ronenglish-archive.github.io/ron-english-light-cult-1001-2000/items/lccc-1849.html","https://opensea.io/item/ethereum/0xbe85fbd182af91290be7293438ae67549638189f/1849","OK",""
"1850","1850","Light Cult Crypto Club #1850","RE-003660","1801-1900","D:\github\ron-english-nfts\light-cult-crypto-club\images\LCCC-1850.png","18462","images/1801-1900/LCCC-1850.png","LCCC-1850.png","D:\github\ron-english-light-cult-1001-2000\images\1801-1900\LCCC-1850.png","items/lccc-1850.html","https://ronenglish-archive.github.io/ron-english-light-cult-1001-2000/items/lccc-1850.html","https://opensea.io/item/ethereum/0xbe85fbd182af91290be7293438ae67549638189f/1850","OK",""
"1851","1851","Light Cult Crypto Club #1851","RE-003661","1801-1900","D:\github\ron-english-nfts\light-cult-crypto-club\images\LCCC-1851.png","11943","images/1801-1900/LCCC-1851.png","LCCC-1851.png","D:\github\ron-english-light-cult-1001-2000\images\1801-1900\LCCC-1851.png","items/lccc-1851.html","https://ronenglish-archive.github.io/ron-english-light-cult-1001-2000/items/lccc-1851.html","https://opensea.io/item/ethereum/0xbe85fbd182af91290be7293438ae67549638189f/1851","OK",""
"1852","1852","Light Cult Crypto Club #1852","RE-003662","1801-1900","D:\github\ron-english-nfts\light-cult-crypto-club\images\LCCC-1852.png","28374","images/1801-1900/LCCC-1852.png","LCCC-1852.png","D:\github\ron-english-light-cult-1001-2000\images\1801-1900\LCCC-1852.png","items/lccc-1852.html","https://ronenglish-archive.github.io/ron-english-light-cult-1001-2000/items/lccc-1852.html","https://opensea.io/item/ethereum/0xbe85fbd182af91290be7293438ae67549638189f/1852","OK",""
"1853","1853","Light Cult Crypto Club #1853","RE-003663","1801-1900","","","","","","items/lccc-1853.html","https://ronenglish-archive.github.io/ron-english-light-cult-1001-2000/items/lccc-1853.html","https://opensea.io/item/ethereum/0xbe85fbd182af91290be7293438ae67549638189f/1853","MISSING SOURCE IMAGE","No source image found for token #1853"
"1854","1854","Light Cult Crypto Club #1854","RE-003664","1801-1900","D:\github\ron-english-nfts\light-cult-crypto-club\images\LCCC-1854.png","18964","images/1801-1900/LCCC-1854.png","LCCC-1854.png","D:\github\ron-english-light-cult-1001-2000\images\1801-1900\LCCC-1854.png","items/lccc-1854.html","https://ronenglish-archive.github.io/ron-english-light-cult-1001-2000/items/lccc-1854.html","https://opensea.io/item/ethereum/0xbe85fbd182af91290be7293438ae67549638189f/1854","OK",""
"1855","1855","Light Cult Crypto Club #1855","RE-003665","1801-1900","","","","","","items/lccc-1855.html","https://ronenglish-archive.github.io/ron-english-light-cult-1001-2000/items/lccc-1855.html","https://opensea.io/item/ethereum/0xbe85fbd182af91290be7293438ae67549638189f/1855","MISSING SOURCE IMAGE","No source image found for token #1855"
"1856","1856","Light Cult Crypto Club #1856","RE-003666","1801-1900","D:\github\ron-english-nfts\light-cult-crypto-club\images\LCCC-1856.png","32552","images/1801-1900/LCCC-1856.png","LCCC-1856.png","D:\github\ron-english-light-cult-1001-2000\images\1801-1900\LCCC-1856.png","items/lccc-1856.html","https://ronenglish-archive.github.io/ron-english-light-cult-1001-2000/items/lccc-1856.html","https://opensea.io/item/ethereum/0xbe85fbd182af91290be7293438ae67549638189f/1856","OK",""
"1857","1857","Light Cult Crypto Club #1857","RE-003667","1801-1900","D:\github\ron-english-nfts\light-cult-crypto-club\images\LCCC-1857.png","34762","images/1801-1900/LCCC-1857.png","LCCC-1857.png","D:\github\ron-english-light-cult-1001-2000\images\1801-1900\LCCC-1857.png","items/lccc-1857.html","https://ronenglish-archive.github.io/ron-english-light-cult-1001-2000/items/lccc-1857.html","https://opensea.io/item/ethereum/0xbe85fbd182af91290be7293438ae67549638189f/1857","OK",""
"1858","1858","Light Cult Crypto Club #1858","RE-003668","1801-1900","D:\github\ron-english-nfts\light-cult-crypto-club\images\LCCC-1858.png","12162","images/1801-1900/LCCC-1858.png","LCCC-1858.png","D:\github\ron-english-light-cult-1001-2000\images\1801-1900\LCCC-1858.png","items/lccc-1858.html","https://ronenglish-archive.github.io/ron-english-light-cult-1001-2000/items/lccc-1858.html","https://opensea.io/item/ethereum/0xbe85fbd182af91290be7293438ae67549638189f/1858","OK",""
"1859","1859","Light Cult Crypto Club #1859","RE-003669","1801-1900","D:\github\ron-english-nfts\light-cult-crypto-club\images\LCCC-1859.png","12182","images/1801-1900/LCCC-1859.png","LCCC-1859.png","D:\github\ron-english-light-cult-1001-2000\images\1801-1900\LCCC-1859.png","items/lccc-1859.html","https://ronenglish-archive.github.io/ron-english-light-cult-1001-2000/items/lccc-1859.html","https://opensea.io/item/ethereum/0xbe85fbd182af91290be7293438ae67549638189f/1859","OK",""
"1860","1860","Light Cult Crypto Club #1860","RE-003670","1801-1900","D:\github\ron-english-nfts\light-cult-crypto-club\images\LCCC-1860.png","71626","images/1801-1900/LCCC-1860.png","LCCC-1860.png","D:\github\ron-english-light-cult-1001-2000\images\1801-1900\LCCC-1860.png","items/lccc-1860.html","https://ronenglish-archive.github.io/ron-english-light-cult-1001-2000/items/lccc-1860.html","https://opensea.io/item/ethereum/0xbe85fbd182af91290be7293438ae67549638189f/1860","OK",""
"1861","1861","Light Cult Crypto Club #1861","RE-003671","1801-1900","D:\github\ron-english-nfts\light-cult-crypto-club\images\LCCC-1861.png","7198","images/1801-1900/LCCC-1861.png","LCCC-1861.png","D:\github\ron-english-light-cult-1001-2000\images\1801-1900\LCCC-1861.png","items/lccc-1861.html","https://ronenglish-archive.github.io/ron-english-light-cult-1001-2000/items/lccc-1861.html","https://opensea.io/item/ethereum/0xbe85fbd182af91290be7293438ae67549638189f/1861","OK",""
"1862","1862","Light Cult Crypto Club #1862","RE-003672","1801-1900","D:\github\ron-english-nfts\light-cult-crypto-club\images\LCCC-1862.png","6601","images/1801-1900/LCCC-1862.png","LCCC-1862.png","D:\github\ron-english-light-cult-1001-2000\images\1801-1900\LCCC-1862.png","items/lccc-1862.html","https://ronenglish-archive.github.io/ron-english-light-cult-1001-2000/items/lccc-1862.html","https://opensea.io/item/ethereum/0xbe85fbd182af91290be7293438ae67549638189f/1862","OK",""
"1863","1863","Light Cult Crypto Club #1863","RE-003673","1801-1900","","","","","","items/lccc-1863.html","https://ronenglish-archive.github.io/ron-english-light-cult-1001-2000/items/lccc-1863.html","https://opensea.io/item/ethereum/0xbe85fbd182af91290be7293438ae67549638189f/1863","MISSING SOURCE IMAGE","No source image found for token #1863"
"1864","1864","Light Cult Crypto Club #1864","RE-003674","1801-1900","D:\github\ron-english-nfts\light-cult-crypto-club\images\LCCC-1864.png","28172","images/1801-1900/LCCC-1864.png","LCCC-1864.png","D:\github\ron-english-light-cult-1001-2000\images\1801-1900\LCCC-1864.png","items/lccc-1864.html","https://ronenglish-archive.github.io/ron-english-light-cult-1001-2000/items/lccc-1864.html","https://opensea.io/item/ethereum/0xbe85fbd182af91290be7293438ae67549638189f/1864","OK",""
"1865","1865","Light Cult Crypto Club #1865","RE-003675","1801-1900","D:\github\ron-english-nfts\light-cult-crypto-club\images\LCCC-1865.png","9779","images/1801-1900/LCCC-1865.png","LCCC-1865.png","D:\github\ron-english-light-cult-1001-2000\images\1801-1900\LCCC-1865.png","items/lccc-1865.html","https://ronenglish-archive.github.io/ron-english-light-cult-1001-2000/items/lccc-1865.html","https://opensea.io/item/ethereum/0xbe85fbd182af91290be7293438ae67549638189f/1865","OK",""
"1866","1866","Light Cult Crypto Club #1866","RE-003676","1801-1900","D:\github\ron-english-nfts\light-cult-crypto-club\images\LCCC-1866.png","32536","images/1801-1900/LCCC-1866.png","LCCC-1866.png","D:\github\ron-english-light-cult-1001-2000\images\1801-1900\LCCC-1866.png","items/lccc-1866.html","https://ronenglish-archive.github.io/ron-english-light-cult-1001-2000/items/lccc-1866.html","https://opensea.io/item/ethereum/0xbe85fbd182af91290be7293438ae67549638189f/1866","OK",""
"1867","1867","Light Cult Crypto Club #1867","RE-003677","1801-1900","D:\github\ron-english-nfts\light-cult-crypto-club\images\LCCC-1867.png","6495","images/1801-1900/LCCC-1867.png","LCCC-1867.png","D:\github\ron-english-light-cult-1001-2000\images\1801-1900\LCCC-1867.png","items/lccc-1867.html","https://ronenglish-archive.github.io/ron-english-light-cult-1001-2000/items/lccc-1867.html","https://opensea.io/item/ethereum/0xbe85fbd182af91290be7293438ae67549638189f/1867","OK",""
"1868","1868","Light Cult Crypto Club #1868","RE-003678","1801-1900","D:\github\ron-english-nfts\light-cult-crypto-club\images\LCCC-1868.png","21789","images/1801-1900/LCCC-1868.png","LCCC-1868.png","D:\github\ron-english-light-cult-1001-2000\images\1801-1900\LCCC-1868.png","items/lccc-1868.html","https://ronenglish-archive.github.io/ron-english-light-cult-1001-2000/items/lccc-1868.html","https://opensea.io/item/ethereum/0xbe85fbd182af91290be7293438ae67549638189f/1868","OK",""
"1869","1869","Light Cult Crypto Club #1869","RE-003679","1801-1900","D:\github\ron-english-nfts\light-cult-crypto-club\images\LCCC-1869.png","32645","images/1801-1900/LCCC-1869.png","LCCC-1869.png","D:\github\ron-english-light-cult-1001-2000\images\1801-1900\LCCC-1869.png","items/lccc-1869.html","https://ronenglish-archive.github.io/ron-english-light-cult-1001-2000/items/lccc-1869.html","https://opensea.io/item/ethereum/0xbe85fbd182af91290be7293438ae67549638189f/1869","OK",""
"1870","1870","Light Cult Crypto Club #1870","RE-003680","1801-1900","D:\github\ron-english-nfts\light-cult-crypto-club\images\LCCC-1870.png","6264","images/1801-1900/LCCC-1870.png","LCCC-1870.png","D:\github\ron-english-light-cult-1001-2000\images\1801-1900\LCCC-1870.png","items/lccc-1870.html","https://ronenglish-archive.github.io/ron-english-light-cult-1001-2000/items/lccc-1870.html","https://opensea.io/item/ethereum/0xbe85fbd182af91290be7293438ae67549638189f/1870","OK",""
"1871","1871","Light Cult Crypto Club #1871","RE-003681","1801-1900","D:\github\ron-english-nfts\light-cult-crypto-club\images\LCCC-1871.png","15948","images/1801-1900/LCCC-1871.png","LCCC-1871.png","D:\github\ron-english-light-cult-1001-2000\images\1801-1900\LCCC-1871.png","items/lccc-1871.html","https://ronenglish-archive.github.io/ron-english-light-cult-1001-2000/items/lccc-1871.html","https://opensea.io/item/ethereum/0xbe85fbd182af91290be7293438ae67549638189f/1871","OK",""
"1872","1872","Light Cult Crypto Club #1872","RE-003682","1801-1900","D:\github\ron-english-nfts\light-cult-crypto-club\images\LCCC-1872.png","34367","images/1801-1900/LCCC-1872.png","LCCC-1872.png","D:\github\ron-english-light-cult-1001-2000\images\1801-1900\LCCC-1872.png","items/lccc-1872.html","https://ronenglish-archive.github.io/ron-english-light-cult-1001-2000/items/lccc-1872.html","https://opensea.io/item/ethereum/0xbe85fbd182af91290be7293438ae67549638189f/1872","OK",""
"1873","1873","Light Cult Crypto Club #1873","RE-003683","1801-1900","D:\github\ron-english-nfts\light-cult-crypto-club\images\LCCC-1873.png","31537","images/1801-1900/LCCC-1873.png","LCCC-1873.png","D:\github\ron-english-light-cult-1001-2000\images\1801-1900\LCCC-1873.png","items/lccc-1873.html","https://ronenglish-archive.github.io/ron-english-light-cult-1001-2000/items/lccc-1873.html","https://opensea.io/item/ethereum/0xbe85fbd182af91290be7293438ae67549638189f/1873","OK",""
"1874","1874","Light Cult Crypto Club #1874","RE-003684","1801-1900","D:\github\ron-english-nfts\light-cult-crypto-club\images\LCCC-1874.png","21658","images/1801-1900/LCCC-1874.png","LCCC-1874.png","D:\github\ron-english-light-cult-1001-2000\images\1801-1900\LCCC-1874.png","items/lccc-1874.html","https://ronenglish-archive.github.io/ron-english-light-cult-1001-2000/items/lccc-1874.html","https://opensea.io/item/ethereum/0xbe85fbd182af91290be7293438ae67549638189f/1874","OK",""
"1875","1875","Light Cult Crypto Club #1875","RE-003685","1801-1900","D:\github\ron-english-nfts\light-cult-crypto-club\images\LCCC-1875.png","11859","images/1801-1900/LCCC-1875.png","LCCC-1875.png","D:\github\ron-english-light-cult-1001-2000\images\1801-1900\LCCC-1875.png","items/lccc-1875.html","https://ronenglish-archive.github.io/ron-english-light-cult-1001-2000/items/lccc-1875.html","https://opensea.io/item/ethereum/0xbe85fbd182af91290be7293438ae67549638189f/1875","OK",""
"1876","1876","Light Cult Crypto Club #1876","RE-003686","1801-1900","D:\github\ron-english-nfts\light-cult-crypto-club\images\LCCC-1876.png","22016","images/1801-1900/LCCC-1876.png","LCCC-1876.png","D:\github\ron-english-light-cult-1001-2000\images\1801-1900\LCCC-1876.png","items/lccc-1876.html","https://ronenglish-archive.github.io/ron-english-light-cult-1001-2000/items/lccc-1876.html","https://opensea.io/item/ethereum/0xbe85fbd182af91290be7293438ae67549638189f/1876","OK",""
"1877","1877","Light Cult Crypto Club #1877","RE-003687","1801-1900","D:\github\ron-english-nfts\light-cult-crypto-club\images\LCCC-1877.png","10066","images/1801-1900/LCCC-1877.png","LCCC-1877.png","D:\github\ron-english-light-cult-1001-2000\images\1801-1900\LCCC-1877.png","items/lccc-1877.html","https://ronenglish-archive.github.io/ron-english-light-cult-1001-2000/items/lccc-1877.html","https://opensea.io/item/ethereum/0xbe85fbd182af91290be7293438ae67549638189f/1877","OK",""
"1878","1878","Light Cult Crypto Club #1878","RE-003688","1801-1900","D:\github\ron-english-nfts\light-cult-crypto-club\images\LCCC-1878.png","31269","images/1801-1900/LCCC-1878.png","LCCC-1878.png","D:\github\ron-english-light-cult-1001-2000\images\1801-1900\LCCC-1878.png","items/lccc-1878.html","https://ronenglish-archive.github.io/ron-english-light-cult-1001-2000/items/lccc-1878.html","https://opensea.io/item/ethereum/0xbe85fbd182af91290be7293438ae67549638189f/1878","OK",""
"1879","1879","Light Cult Crypto Club #1879","RE-003689","1801-1900","D:\github\ron-english-nfts\light-cult-crypto-club\images\LCCC-1879.png","27327","images/1801-1900/LCCC-1879.png","LCCC-1879.png","D:\github\ron-english-light-cult-1001-2000\images\1801-1900\LCCC-1879.png","items/lccc-1879.html","https://ronenglish-archive.github.io/ron-english-light-cult-1001-2000/items/lccc-1879.html","https://opensea.io/item/ethereum/0xbe85fbd182af91290be7293438ae67549638189f/1879","OK",""
"1880","1880","Light Cult Crypto Club #1880","RE-003690","1801-1900","D:\github\ron-english-nfts\light-cult-crypto-club\images\LCCC-1880.png","29553","images/1801-1900/LCCC-1880.png","LCCC-1880.png","D:\github\ron-english-light-cult-1001-2000\images\1801-1900\LCCC-1880.png","items/lccc-1880.html","https://ronenglish-archive.github.io/ron-english-light-cult-1001-2000/items/lccc-1880.html","https://opensea.io/item/ethereum/0xbe85fbd182af91290be7293438ae67549638189f/1880","OK",""
"1881","1881","Light Cult Crypto Club #1881","RE-003691","1801-1900","D:\github\ron-english-nfts\light-cult-crypto-club\images\LCCC-1881.png","28658","images/1801-1900/LCCC-1881.png","LCCC-1881.png","D:\github\ron-english-light-cult-1001-2000\images\1801-1900\LCCC-1881.png","items/lccc-1881.html","https://ronenglish-archive.github.io/ron-english-light-cult-1001-2000/items/lccc-1881.html","https://opensea.io/item/ethereum/0xbe85fbd182af91290be7293438ae67549638189f/1881","OK",""
"1882","1882","Light Cult Crypto Club #1882","RE-003692","1801-1900","D:\github\ron-english-nfts\light-cult-crypto-club\images\LCCC-1882.png","8943","images/1801-1900/LCCC-1882.png","LCCC-1882.png","D:\github\ron-english-light-cult-1001-2000\images\1801-1900\LCCC-1882.png","items/lccc-1882.html","https://ronenglish-archive.github.io/ron-english-light-cult-1001-2000/items/lccc-1882.html","https://opensea.io/item/ethereum/0xbe85fbd182af91290be7293438ae67549638189f/1882","OK",""
"1883","1883","Light Cult Crypto Club #1883","RE-003693","1801-1900","D:\github\ron-english-nfts\light-cult-crypto-club\images\LCCC-1883.png","19422","images/1801-1900/LCCC-1883.png","LCCC-1883.png","D:\github\ron-english-light-cult-1001-2000\images\1801-1900\LCCC-1883.png","items/lccc-1883.html","https://ronenglish-archive.github.io/ron-english-light-cult-1001-2000/items/lccc-1883.html","https://opensea.io/item/ethereum/0xbe85fbd182af91290be7293438ae67549638189f/1883","OK",""
"1884","1884","Light Cult Crypto Club #1884","RE-003694","1801-1900","D:\github\ron-english-nfts\light-cult-crypto-club\images\LCCC-1884.png","8517","images/1801-1900/LCCC-1884.png","LCCC-1884.png","D:\github\ron-english-light-cult-1001-2000\images\1801-1900\LCCC-1884.png","items/lccc-1884.html","https://ronenglish-archive.github.io/ron-english-light-cult-1001-2000/items/lccc-1884.html","https://opensea.io/item/ethereum/0xbe85fbd182af91290be7293438ae67549638189f/1884","OK",""
"1885","1885","Light Cult Crypto Club #1885","RE-003695","1801-1900","","","","","","items/lccc-1885.html","https://ronenglish-archive.github.io/ron-english-light-cult-1001-2000/items/lccc-1885.html","https://opensea.io/item/ethereum/0xbe85fbd182af91290be7293438ae67549638189f/1885","MISSING SOURCE IMAGE","No source image found for token #1885"
"1886","1886","Light Cult Crypto Club #1886","RE-003696","1801-1900","D:\github\ron-english-nfts\light-cult-crypto-club\images\LCCC-1886.png","5588","images/1801-1900/LCCC-1886.png","LCCC-1886.png","D:\github\ron-english-light-cult-1001-2000\images\1801-1900\LCCC-1886.png","items/lccc-1886.html","https://ronenglish-archive.github.io/ron-english-light-cult-1001-2000/items/lccc-1886.html","https://opensea.io/item/ethereum/0xbe85fbd182af91290be7293438ae67549638189f/1886","OK",""
"1887","1887","Light Cult Crypto Club #1887","RE-003697","1801-1900","D:\github\ron-english-nfts\light-cult-crypto-club\images\LCCC-1887.png","8143","images/1801-1900/LCCC-1887.png","LCCC-1887.png","D:\github\ron-english-light-cult-1001-2000\images\1801-1900\LCCC-1887.png","items/lccc-1887.html","https://ronenglish-archive.github.io/ron-english-light-cult-1001-2000/items/lccc-1887.html","https://opensea.io/item/ethereum/0xbe85fbd182af91290be7293438ae67549638189f/1887","OK",""
"1888","1888","Light Cult Crypto Club #1888","RE-003698","1801-1900","D:\github\ron-english-nfts\light-cult-crypto-club\images\LCCC-1888.png","7533","images/1801-1900/LCCC-1888.png","LCCC-1888.png","D:\github\ron-english-light-cult-1001-2000\images\1801-1900\LCCC-1888.png","items/lccc-1888.html","https://ronenglish-archive.github.io/ron-english-light-cult-1001-2000/items/lccc-1888.html","https://opensea.io/item/ethereum/0xbe85fbd182af91290be7293438ae67549638189f/1888","OK",""
"1889","1889","Light Cult Crypto Club #1889","RE-003699","1801-1900","D:\github\ron-english-nfts\light-cult-crypto-club\images\LCCC-1889.png","30023","images/1801-1900/LCCC-1889.png","LCCC-1889.png","D:\github\ron-english-light-cult-1001-2000\images\1801-1900\LCCC-1889.png","items/lccc-1889.html","https://ronenglish-archive.github.io/ron-english-light-cult-1001-2000/items/lccc-1889.html","https://opensea.io/item/ethereum/0xbe85fbd182af91290be7293438ae67549638189f/1889","OK",""
"1890","1890","Light Cult Crypto Club #1890","RE-003700","1801-1900","D:\github\ron-english-nfts\light-cult-crypto-club\images\LCCC-1890.png","23571","images/1801-1900/LCCC-1890.png","LCCC-1890.png","D:\github\ron-english-light-cult-1001-2000\images\1801-1900\LCCC-1890.png","items/lccc-1890.html","https://ronenglish-archive.github.io/ron-english-light-cult-1001-2000/items/lccc-1890.html","https://opensea.io/item/ethereum/0xbe85fbd182af91290be7293438ae67549638189f/1890","OK",""
"1891","1891","Light Cult Crypto Club #1891","RE-003701","1801-1900","","","","","","items/lccc-1891.html","https://ronenglish-archive.github.io/ron-english-light-cult-1001-2000/items/lccc-1891.html","https://opensea.io/item/ethereum/0xbe85fbd182af91290be7293438ae67549638189f/1891","MISSING SOURCE IMAGE","No source image found for token #1891"
"1892","1892","Light Cult Crypto Club #1892","RE-003702","1801-1900","D:\github\ron-english-nfts\light-cult-crypto-club\images\LCCC-1892.png","26930","images/1801-1900/LCCC-1892.png","LCCC-1892.png","D:\github\ron-english-light-cult-1001-2000\images\1801-1900\LCCC-1892.png","items/lccc-1892.html","https://ronenglish-archive.github.io/ron-english-light-cult-1001-2000/items/lccc-1892.html","https://opensea.io/item/ethereum/0xbe85fbd182af91290be7293438ae67549638189f/1892","OK",""
"1893","1893","Light Cult Crypto Club #1893","RE-003703","1801-1900","D:\github\ron-english-nfts\light-cult-crypto-club\images\LCCC-1893.png","6092","images/1801-1900/LCCC-1893.png","LCCC-1893.png","D:\github\ron-english-light-cult-1001-2000\images\1801-1900\LCCC-1893.png","items/lccc-1893.html","https://ronenglish-archive.github.io/ron-english-light-cult-1001-2000/items/lccc-1893.html","https://opensea.io/item/ethereum/0xbe85fbd182af91290be7293438ae67549638189f/1893","OK",""
"1894","1894","Light Cult Crypto Club #1894","RE-003704","1801-1900","D:\github\ron-english-nfts\light-cult-crypto-club\images\LCCC-1894.png","21503","images/1801-1900/LCCC-1894.png","LCCC-1894.png","D:\github\ron-english-light-cult-1001-2000\images\1801-1900\LCCC-1894.png","items/lccc-1894.html","https://ronenglish-archive.github.io/ron-english-light-cult-1001-2000/items/lccc-1894.html","https://opensea.io/item/ethereum/0xbe85fbd182af91290be7293438ae67549638189f/1894","OK",""
"1895","1895","Light Cult Crypto Club #1895","RE-003705","1801-1900","D:\github\ron-english-nfts\light-cult-crypto-club\images\LCCC-1895.png","5816","images/1801-1900/LCCC-1895.png","LCCC-1895.png","D:\github\ron-english-light-cult-1001-2000\images\1801-1900\LCCC-1895.png","items/lccc-1895.html","https://ronenglish-archive.github.io/ron-english-light-cult-1001-2000/items/lccc-1895.html","https://opensea.io/item/ethereum/0xbe85fbd182af91290be7293438ae67549638189f/1895","OK",""
"1896","1896","Light Cult Crypto Club #1896","RE-003706","1801-1900","D:\github\ron-english-nfts\light-cult-crypto-club\images\LCCC-1896.png","8882","images/1801-1900/LCCC-1896.png","LCCC-1896.png","D:\github\ron-english-light-cult-1001-2000\images\1801-1900\LCCC-1896.png","items/lccc-1896.html","https://ronenglish-archive.github.io/ron-english-light-cult-1001-2000/items/lccc-1896.html","https://opensea.io/item/ethereum/0xbe85fbd182af91290be7293438ae67549638189f/1896","OK",""
"1897","1897","Light Cult Crypto Club #1897","RE-003707","1801-1900","D:\github\ron-english-nfts\light-cult-crypto-club\images\LCCC-1897.png","10150","images/1801-1900/LCCC-1897.png","LCCC-1897.png","D:\github\ron-english-light-cult-1001-2000\images\1801-1900\LCCC-1897.png","items/lccc-1897.html","https://ronenglish-archive.github.io/ron-english-light-cult-1001-2000/items/lccc-1897.html","https://opensea.io/item/ethereum/0xbe85fbd182af91290be7293438ae67549638189f/1897","OK",""
"1898","1898","Light Cult Crypto Club #1898","RE-003708","1801-1900","D:\github\ron-english-nfts\light-cult-crypto-club\images\LCCC-1898.png","31522","images/1801-1900/LCCC-1898.png","LCCC-1898.png","D:\github\ron-english-light-cult-1001-2000\images\1801-1900\LCCC-1898.png","items/lccc-1898.html","https://ronenglish-archive.github.io/ron-english-light-cult-1001-2000/items/lccc-1898.html","https://opensea.io/item/ethereum/0xbe85fbd182af91290be7293438ae67549638189f/1898","OK",""
"1899","1899","Light Cult Crypto Club #1899","RE-003709","1801-1900","D:\github\ron-english-nfts\light-cult-crypto-club\images\LCCC-1899.png","5296","images/1801-1900/LCCC-1899.png","LCCC-1899.png","D:\github\ron-english-light-cult-1001-2000\images\1801-1900\LCCC-1899.png","items/lccc-1899.html","https://ronenglish-archive.github.io/ron-english-light-cult-1001-2000/items/lccc-1899.html","https://opensea.io/item/ethereum/0xbe85fbd182af91290be7293438ae67549638189f/1899","OK",""
"1900","1900","Light Cult Crypto Club #1900","RE-003710","1801-1900","D:\github\ron-english-nfts\light-cult-crypto-club\images\LCCC-1900.png","7924","images/1801-1900/LCCC-1900.png","LCCC-1900.png","D:\github\ron-english-light-cult-1001-2000\images\1801-1900\LCCC-1900.png","items/lccc-1900.html","https://ronenglish-archive.github.io/ron-english-light-cult-1001-2000/items/lccc-1900.html","https://opensea.io/item/ethereum/0xbe85fbd182af91290be7293438ae67549638189f/1900","OK",""
"1901","1901","Light Cult Crypto Club #1901","RE-003711","1901-2000","D:\github\ron-english-nfts\light-cult-crypto-club\images\LCCC-1901.png","12914","images/1901-2000/LCCC-1901.png","LCCC-1901.png","D:\github\ron-english-light-cult-1001-2000\images\1901-2000\LCCC-1901.png","items/lccc-1901.html","https://ronenglish-archive.github.io/ron-english-light-cult-1001-2000/items/lccc-1901.html","https://opensea.io/item/ethereum/0xbe85fbd182af91290be7293438ae67549638189f/1901","OK",""
"1902","1902","Light Cult Crypto Club #1902","RE-003712","1901-2000","D:\github\ron-english-nfts\light-cult-crypto-club\images\LCCC-1902.png","8736","images/1901-2000/LCCC-1902.png","LCCC-1902.png","D:\github\ron-english-light-cult-1001-2000\images\1901-2000\LCCC-1902.png","items/lccc-1902.html","https://ronenglish-archive.github.io/ron-english-light-cult-1001-2000/items/lccc-1902.html","https://opensea.io/item/ethereum/0xbe85fbd182af91290be7293438ae67549638189f/1902","OK",""
"1903","1903","Light Cult Crypto Club #1903","RE-003713","1901-2000","","","","","","items/lccc-1903.html","https://ronenglish-archive.github.io/ron-english-light-cult-1001-2000/items/lccc-1903.html","https://opensea.io/item/ethereum/0xbe85fbd182af91290be7293438ae67549638189f/1903","MISSING SOURCE IMAGE","No source image found for token #1903"
"1904","1904","Light Cult Crypto Club #1904","RE-003714","1901-2000","D:\github\ron-english-nfts\light-cult-crypto-club\images\LCCC-1904.png","26732","images/1901-2000/LCCC-1904.png","LCCC-1904.png","D:\github\ron-english-light-cult-1001-2000\images\1901-2000\LCCC-1904.png","items/lccc-1904.html","https://ronenglish-archive.github.io/ron-english-light-cult-1001-2000/items/lccc-1904.html","https://opensea.io/item/ethereum/0xbe85fbd182af91290be7293438ae67549638189f/1904","OK",""
"1905","1905","Light Cult Crypto Club #1905","RE-003715","1901-2000","D:\github\ron-english-nfts\light-cult-crypto-club\images\LCCC-1905.png","17982","images/1901-2000/LCCC-1905.png","LCCC-1905.png","D:\github\ron-english-light-cult-1001-2000\images\1901-2000\LCCC-1905.png","items/lccc-1905.html","https://ronenglish-archive.github.io/ron-english-light-cult-1001-2000/items/lccc-1905.html","https://opensea.io/item/ethereum/0xbe85fbd182af91290be7293438ae67549638189f/1905","OK",""
"1906","1906","Light Cult Crypto Club #1906","RE-003716","1901-2000","D:\github\ron-english-nfts\light-cult-crypto-club\images\LCCC-1906.png","30409","images/1901-2000/LCCC-1906.png","LCCC-1906.png","D:\github\ron-english-light-cult-1001-2000\images\1901-2000\LCCC-1906.png","items/lccc-1906.html","https://ronenglish-archive.github.io/ron-english-light-cult-1001-2000/items/lccc-1906.html","https://opensea.io/item/ethereum/0xbe85fbd182af91290be7293438ae67549638189f/1906","OK",""
"1907","1907","Light Cult Crypto Club #1907","RE-003717","1901-2000","D:\github\ron-english-nfts\light-cult-crypto-club\images\LCCC-1907.png","13255","images/1901-2000/LCCC-1907.png","LCCC-1907.png","D:\github\ron-english-light-cult-1001-2000\images\1901-2000\LCCC-1907.png","items/lccc-1907.html","https://ronenglish-archive.github.io/ron-english-light-cult-1001-2000/items/lccc-1907.html","https://opensea.io/item/ethereum/0xbe85fbd182af91290be7293438ae67549638189f/1907","OK",""
"1908","1908","Light Cult Crypto Club #1908","RE-003718","1901-2000","D:\github\ron-english-nfts\light-cult-crypto-club\images\LCCC-1908.png","13849","images/1901-2000/LCCC-1908.png","LCCC-1908.png","D:\github\ron-english-light-cult-1001-2000\images\1901-2000\LCCC-1908.png","items/lccc-1908.html","https://ronenglish-archive.github.io/ron-english-light-cult-1001-2000/items/lccc-1908.html","https://opensea.io/item/ethereum/0xbe85fbd182af91290be7293438ae67549638189f/1908","OK",""
"1909","1909","Light Cult Crypto Club #1909","RE-003719","1901-2000","D:\github\ron-english-nfts\light-cult-crypto-club\images\LCCC-1909.png","34833","images/1901-2000/LCCC-1909.png","LCCC-1909.png","D:\github\ron-english-light-cult-1001-2000\images\1901-2000\LCCC-1909.png","items/lccc-1909.html","https://ronenglish-archive.github.io/ron-english-light-cult-1001-2000/items/lccc-1909.html","https://opensea.io/item/ethereum/0xbe85fbd182af91290be7293438ae67549638189f/1909","OK",""
"1910","1910","Light Cult Crypto Club #1910","RE-003720","1901-2000","D:\github\ron-english-nfts\light-cult-crypto-club\images\LCCC-1910.png","16496","images/1901-2000/LCCC-1910.png","LCCC-1910.png","D:\github\ron-english-light-cult-1001-2000\images\1901-2000\LCCC-1910.png","items/lccc-1910.html","https://ronenglish-archive.github.io/ron-english-light-cult-1001-2000/items/lccc-1910.html","https://opensea.io/item/ethereum/0xbe85fbd182af91290be7293438ae67549638189f/1910","OK",""
"1911","1911","Light Cult Crypto Club #1911","RE-003721","1901-2000","D:\github\ron-english-nfts\light-cult-crypto-club\images\LCCC-1911.png","18430","images/1901-2000/LCCC-1911.png","LCCC-1911.png","D:\github\ron-english-light-cult-1001-2000\images\1901-2000\LCCC-1911.png","items/lccc-1911.html","https://ronenglish-archive.github.io/ron-english-light-cult-1001-2000/items/lccc-1911.html","https://opensea.io/item/ethereum/0xbe85fbd182af91290be7293438ae67549638189f/1911","OK",""
"1912","1912","Light Cult Crypto Club #1912","RE-003722","1901-2000","D:\github\ron-english-nfts\light-cult-crypto-club\images\LCCC-1912.png","38518","images/1901-2000/LCCC-1912.png","LCCC-1912.png","D:\github\ron-english-light-cult-1001-2000\images\1901-2000\LCCC-1912.png","items/lccc-1912.html","https://ronenglish-archive.github.io/ron-english-light-cult-1001-2000/items/lccc-1912.html","https://opensea.io/item/ethereum/0xbe85fbd182af91290be7293438ae67549638189f/1912","OK",""
"1913","1913","Light Cult Crypto Club #1913","RE-003723","1901-2000","D:\github\ron-english-nfts\light-cult-crypto-club\images\LCCC-1913.png","25683","images/1901-2000/LCCC-1913.png","LCCC-1913.png","D:\github\ron-english-light-cult-1001-2000\images\1901-2000\LCCC-1913.png","items/lccc-1913.html","https://ronenglish-archive.github.io/ron-english-light-cult-1001-2000/items/lccc-1913.html","https://opensea.io/item/ethereum/0xbe85fbd182af91290be7293438ae67549638189f/1913","OK",""
"1914","1914","Light Cult Crypto Club #1914","RE-003724","1901-2000","D:\github\ron-english-nfts\light-cult-crypto-club\images\LCCC-1914.png","29555","images/1901-2000/LCCC-1914.png","LCCC-1914.png","D:\github\ron-english-light-cult-1001-2000\images\1901-2000\LCCC-1914.png","items/lccc-1914.html","https://ronenglish-archive.github.io/ron-english-light-cult-1001-2000/items/lccc-1914.html","https://opensea.io/item/ethereum/0xbe85fbd182af91290be7293438ae67549638189f/1914","OK",""
"1915","1915","Light Cult Crypto Club #1915","RE-003725","1901-2000","D:\github\ron-english-nfts\light-cult-crypto-club\images\LCCC-1915.png","9616","images/1901-2000/LCCC-1915.png","LCCC-1915.png","D:\github\ron-english-light-cult-1001-2000\images\1901-2000\LCCC-1915.png","items/lccc-1915.html","https://ronenglish-archive.github.io/ron-english-light-cult-1001-2000/items/lccc-1915.html","https://opensea.io/item/ethereum/0xbe85fbd182af91290be7293438ae67549638189f/1915","OK",""
"1916","1916","Light Cult Crypto Club #1916","RE-003726","1901-2000","D:\github\ron-english-nfts\light-cult-crypto-club\images\LCCC-1916.png","26905","images/1901-2000/LCCC-1916.png","LCCC-1916.png","D:\github\ron-english-light-cult-1001-2000\images\1901-2000\LCCC-1916.png","items/lccc-1916.html","https://ronenglish-archive.github.io/ron-english-light-cult-1001-2000/items/lccc-1916.html","https://opensea.io/item/ethereum/0xbe85fbd182af91290be7293438ae67549638189f/1916","OK",""
"1917","1917","Light Cult Crypto Club #1917","RE-003727","1901-2000","D:\github\ron-english-nfts\light-cult-crypto-club\images\LCCC-1917.png","9650","images/1901-2000/LCCC-1917.png","LCCC-1917.png","D:\github\ron-english-light-cult-1001-2000\images\1901-2000\LCCC-1917.png","items/lccc-1917.html","https://ronenglish-archive.github.io/ron-english-light-cult-1001-2000/items/lccc-1917.html","https://opensea.io/item/ethereum/0xbe85fbd182af91290be7293438ae67549638189f/1917","OK",""
"1918","1918","Light Cult Crypto Club #1918","RE-003728","1901-2000","D:\github\ron-english-nfts\light-cult-crypto-club\images\LCCC-1918.png","6810","images/1901-2000/LCCC-1918.png","LCCC-1918.png","D:\github\ron-english-light-cult-1001-2000\images\1901-2000\LCCC-1918.png","items/lccc-1918.html","https://ronenglish-archive.github.io/ron-english-light-cult-1001-2000/items/lccc-1918.html","https://opensea.io/item/ethereum/0xbe85fbd182af91290be7293438ae67549638189f/1918","OK",""
"1919","1919","Light Cult Crypto Club #1919","RE-003729","1901-2000","D:\github\ron-english-nfts\light-cult-crypto-club\images\LCCC-1919.png","26956","images/1901-2000/LCCC-1919.png","LCCC-1919.png","D:\github\ron-english-light-cult-1001-2000\images\1901-2000\LCCC-1919.png","items/lccc-1919.html","https://ronenglish-archive.github.io/ron-english-light-cult-1001-2000/items/lccc-1919.html","https://opensea.io/item/ethereum/0xbe85fbd182af91290be7293438ae67549638189f/1919","OK",""
"1920","1920","Light Cult Crypto Club #1920","RE-003730","1901-2000","D:\github\ron-english-nfts\light-cult-crypto-club\images\LCCC-1920.png","27100","images/1901-2000/LCCC-1920.png","LCCC-1920.png","D:\github\ron-english-light-cult-1001-2000\images\1901-2000\LCCC-1920.png","items/lccc-1920.html","https://ronenglish-archive.github.io/ron-english-light-cult-1001-2000/items/lccc-1920.html","https://opensea.io/item/ethereum/0xbe85fbd182af91290be7293438ae67549638189f/1920","OK",""
"1921","1921","Light Cult Crypto Club #1921","RE-003731","1901-2000","D:\github\ron-english-nfts\light-cult-crypto-club\images\LCCC-1921.png","9086","images/1901-2000/LCCC-1921.png","LCCC-1921.png","D:\github\ron-english-light-cult-1001-2000\images\1901-2000\LCCC-1921.png","items/lccc-1921.html","https://ronenglish-archive.github.io/ron-english-light-cult-1001-2000/items/lccc-1921.html","https://opensea.io/item/ethereum/0xbe85fbd182af91290be7293438ae67549638189f/1921","OK",""
"1922","1922","Light Cult Crypto Club #1922","RE-003732","1901-2000","D:\github\ron-english-nfts\light-cult-crypto-club\images\LCCC-1922.png","16046","images/1901-2000/LCCC-1922.png","LCCC-1922.png","D:\github\ron-english-light-cult-1001-2000\images\1901-2000\LCCC-1922.png","items/lccc-1922.html","https://ronenglish-archive.github.io/ron-english-light-cult-1001-2000/items/lccc-1922.html","https://opensea.io/item/ethereum/0xbe85fbd182af91290be7293438ae67549638189f/1922","OK",""
"1923","1923","Light Cult Crypto Club #1923","RE-003733","1901-2000","D:\github\ron-english-nfts\light-cult-crypto-club\images\LCCC-1923.png","6221","images/1901-2000/LCCC-1923.png","LCCC-1923.png","D:\github\ron-english-light-cult-1001-2000\images\1901-2000\LCCC-1923.png","items/lccc-1923.html","https://ronenglish-archive.github.io/ron-english-light-cult-1001-2000/items/lccc-1923.html","https://opensea.io/item/ethereum/0xbe85fbd182af91290be7293438ae67549638189f/1923","OK",""
"1924","1924","Light Cult Crypto Club #1924","RE-003734","1901-2000","D:\github\ron-english-nfts\light-cult-crypto-club\images\LCCC-1924.png","30315","images/1901-2000/LCCC-1924.png","LCCC-1924.png","D:\github\ron-english-light-cult-1001-2000\images\1901-2000\LCCC-1924.png","items/lccc-1924.html","https://ronenglish-archive.github.io/ron-english-light-cult-1001-2000/items/lccc-1924.html","https://opensea.io/item/ethereum/0xbe85fbd182af91290be7293438ae67549638189f/1924","OK",""
"1925","1925","Light Cult Crypto Club #1925","RE-003735","1901-2000","D:\github\ron-english-nfts\light-cult-crypto-club\images\LCCC-1925.png","5345","images/1901-2000/LCCC-1925.png","LCCC-1925.png","D:\github\ron-english-light-cult-1001-2000\images\1901-2000\LCCC-1925.png","items/lccc-1925.html","https://ronenglish-archive.github.io/ron-english-light-cult-1001-2000/items/lccc-1925.html","https://opensea.io/item/ethereum/0xbe85fbd182af91290be7293438ae67549638189f/1925","OK",""
"1926","1926","Light Cult Crypto Club #1926","RE-003736","1901-2000","D:\github\ron-english-nfts\light-cult-crypto-club\images\LCCC-1926.png","32106","images/1901-2000/LCCC-1926.png","LCCC-1926.png","D:\github\ron-english-light-cult-1001-2000\images\1901-2000\LCCC-1926.png","items/lccc-1926.html","https://ronenglish-archive.github.io/ron-english-light-cult-1001-2000/items/lccc-1926.html","https://opensea.io/item/ethereum/0xbe85fbd182af91290be7293438ae67549638189f/1926","OK",""
"1927","1927","Light Cult Crypto Club #1927","RE-003737","1901-2000","D:\github\ron-english-nfts\light-cult-crypto-club\images\LCCC-1927.png","7245","images/1901-2000/LCCC-1927.png","LCCC-1927.png","D:\github\ron-english-light-cult-1001-2000\images\1901-2000\LCCC-1927.png","items/lccc-1927.html","https://ronenglish-archive.github.io/ron-english-light-cult-1001-2000/items/lccc-1927.html","https://opensea.io/item/ethereum/0xbe85fbd182af91290be7293438ae67549638189f/1927","OK",""
"1928","1928","Light Cult Crypto Club #1928","RE-003738","1901-2000","","","","","","items/lccc-1928.html","https://ronenglish-archive.github.io/ron-english-light-cult-1001-2000/items/lccc-1928.html","https://opensea.io/item/ethereum/0xbe85fbd182af91290be7293438ae67549638189f/1928","MISSING SOURCE IMAGE","No source image found for token #1928"
"1929","1929","Light Cult Crypto Club #1929","RE-003739","1901-2000","D:\github\ron-english-nfts\light-cult-crypto-club\images\LCCC-1929.png","16500","images/1901-2000/LCCC-1929.png","LCCC-1929.png","D:\github\ron-english-light-cult-1001-2000\images\1901-2000\LCCC-1929.png","items/lccc-1929.html","https://ronenglish-archive.github.io/ron-english-light-cult-1001-2000/items/lccc-1929.html","https://opensea.io/item/ethereum/0xbe85fbd182af91290be7293438ae67549638189f/1929","OK",""
"1930","1930","Light Cult Crypto Club #1930","RE-003740","1901-2000","D:\github\ron-english-nfts\light-cult-crypto-club\images\LCCC-1930.png","25714","images/1901-2000/LCCC-1930.png","LCCC-1930.png","D:\github\ron-english-light-cult-1001-2000\images\1901-2000\LCCC-1930.png","items/lccc-1930.html","https://ronenglish-archive.github.io/ron-english-light-cult-1001-2000/items/lccc-1930.html","https://opensea.io/item/ethereum/0xbe85fbd182af91290be7293438ae67549638189f/1930","OK",""
"1931","1931","Light Cult Crypto Club #1931","RE-003741","1901-2000","D:\github\ron-english-nfts\light-cult-crypto-club\images\LCCC-1931.png","48590","images/1901-2000/LCCC-1931.png","LCCC-1931.png","D:\github\ron-english-light-cult-1001-2000\images\1901-2000\LCCC-1931.png","items/lccc-1931.html","https://ronenglish-archive.github.io/ron-english-light-cult-1001-2000/items/lccc-1931.html","https://opensea.io/item/ethereum/0xbe85fbd182af91290be7293438ae67549638189f/1931","OK",""
"1932","1932","Light Cult Crypto Club #1932","RE-003742","1901-2000","D:\github\ron-english-nfts\light-cult-crypto-club\images\LCCC-1932.png","10918","images/1901-2000/LCCC-1932.png","LCCC-1932.png","D:\github\ron-english-light-cult-1001-2000\images\1901-2000\LCCC-1932.png","items/lccc-1932.html","https://ronenglish-archive.github.io/ron-english-light-cult-1001-2000/items/lccc-1932.html","https://opensea.io/item/ethereum/0xbe85fbd182af91290be7293438ae67549638189f/1932","OK",""
"1933","1933","Light Cult Crypto Club #1933","RE-003743","1901-2000","","","","","","items/lccc-1933.html","https://ronenglish-archive.github.io/ron-english-light-cult-1001-2000/items/lccc-1933.html","https://opensea.io/item/ethereum/0xbe85fbd182af91290be7293438ae67549638189f/1933","MISSING SOURCE IMAGE","No source image found for token #1933"
"1934","1934","Light Cult Crypto Club #1934","RE-003744","1901-2000","D:\github\ron-english-nfts\light-cult-crypto-club\images\LCCC-1934.png","11960","images/1901-2000/LCCC-1934.png","LCCC-1934.png","D:\github\ron-english-light-cult-1001-2000\images\1901-2000\LCCC-1934.png","items/lccc-1934.html","https://ronenglish-archive.github.io/ron-english-light-cult-1001-2000/items/lccc-1934.html","https://opensea.io/item/ethereum/0xbe85fbd182af91290be7293438ae67549638189f/1934","OK",""
"1935","1935","Light Cult Crypto Club #1935","RE-003745","1901-2000","D:\github\ron-english-nfts\light-cult-crypto-club\images\LCCC-1935.png","9923","images/1901-2000/LCCC-1935.png","LCCC-1935.png","D:\github\ron-english-light-cult-1001-2000\images\1901-2000\LCCC-1935.png","items/lccc-1935.html","https://ronenglish-archive.github.io/ron-english-light-cult-1001-2000/items/lccc-1935.html","https://opensea.io/item/ethereum/0xbe85fbd182af91290be7293438ae67549638189f/1935","OK",""
"1936","1936","Light Cult Crypto Club #1936","RE-003746","1901-2000","D:\github\ron-english-nfts\light-cult-crypto-club\images\LCCC-1936.png","41263","images/1901-2000/LCCC-1936.png","LCCC-1936.png","D:\github\ron-english-light-cult-1001-2000\images\1901-2000\LCCC-1936.png","items/lccc-1936.html","https://ronenglish-archive.github.io/ron-english-light-cult-1001-2000/items/lccc-1936.html","https://opensea.io/item/ethereum/0xbe85fbd182af91290be7293438ae67549638189f/1936","OK",""
"1937","1937","Light Cult Crypto Club #1937","RE-003747","1901-2000","D:\github\ron-english-nfts\light-cult-crypto-club\images\LCCC-1937.png","9458","images/1901-2000/LCCC-1937.png","LCCC-1937.png","D:\github\ron-english-light-cult-1001-2000\images\1901-2000\LCCC-1937.png","items/lccc-1937.html","https://ronenglish-archive.github.io/ron-english-light-cult-1001-2000/items/lccc-1937.html","https://opensea.io/item/ethereum/0xbe85fbd182af91290be7293438ae67549638189f/1937","OK",""
"1938","1938","Light Cult Crypto Club #1938","RE-003748","1901-2000","D:\github\ron-english-nfts\light-cult-crypto-club\images\LCCC-1938.png","34789","images/1901-2000/LCCC-1938.png","LCCC-1938.png","D:\github\ron-english-light-cult-1001-2000\images\1901-2000\LCCC-1938.png","items/lccc-1938.html","https://ronenglish-archive.github.io/ron-english-light-cult-1001-2000/items/lccc-1938.html","https://opensea.io/item/ethereum/0xbe85fbd182af91290be7293438ae67549638189f/1938","OK",""
"1939","1939","Light Cult Crypto Club #1939","RE-003749","1901-2000","D:\github\ron-english-nfts\light-cult-crypto-club\images\LCCC-1939.png","42127","images/1901-2000/LCCC-1939.png","LCCC-1939.png","D:\github\ron-english-light-cult-1001-2000\images\1901-2000\LCCC-1939.png","items/lccc-1939.html","https://ronenglish-archive.github.io/ron-english-light-cult-1001-2000/items/lccc-1939.html","https://opensea.io/item/ethereum/0xbe85fbd182af91290be7293438ae67549638189f/1939","OK",""
"1940","1940","Light Cult Crypto Club #1940","RE-003750","1901-2000","D:\github\ron-english-nfts\light-cult-crypto-club\images\LCCC-1940.png","8070","images/1901-2000/LCCC-1940.png","LCCC-1940.png","D:\github\ron-english-light-cult-1001-2000\images\1901-2000\LCCC-1940.png","items/lccc-1940.html","https://ronenglish-archive.github.io/ron-english-light-cult-1001-2000/items/lccc-1940.html","https://opensea.io/item/ethereum/0xbe85fbd182af91290be7293438ae67549638189f/1940","OK",""
"1941","1941","Light Cult Crypto Club #1941","RE-003751","1901-2000","D:\github\ron-english-nfts\light-cult-crypto-club\images\LCCC-1941.png","23894","images/1901-2000/LCCC-1941.png","LCCC-1941.png","D:\github\ron-english-light-cult-1001-2000\images\1901-2000\LCCC-1941.png","items/lccc-1941.html","https://ronenglish-archive.github.io/ron-english-light-cult-1001-2000/items/lccc-1941.html","https://opensea.io/item/ethereum/0xbe85fbd182af91290be7293438ae67549638189f/1941","OK",""
"1942","1942","Light Cult Crypto Club #1942","RE-003752","1901-2000","D:\github\ron-english-nfts\light-cult-crypto-club\images\LCCC-1942.png","32709","images/1901-2000/LCCC-1942.png","LCCC-1942.png","D:\github\ron-english-light-cult-1001-2000\images\1901-2000\LCCC-1942.png","items/lccc-1942.html","https://ronenglish-archive.github.io/ron-english-light-cult-1001-2000/items/lccc-1942.html","https://opensea.io/item/ethereum/0xbe85fbd182af91290be7293438ae67549638189f/1942","OK",""
"1943","1943","Light Cult Crypto Club #1943","RE-003753","1901-2000","D:\github\ron-english-nfts\light-cult-crypto-club\images\LCCC-1943.png","22744","images/1901-2000/LCCC-1943.png","LCCC-1943.png","D:\github\ron-english-light-cult-1001-2000\images\1901-2000\LCCC-1943.png","items/lccc-1943.html","https://ronenglish-archive.github.io/ron-english-light-cult-1001-2000/items/lccc-1943.html","https://opensea.io/item/ethereum/0xbe85fbd182af91290be7293438ae67549638189f/1943","OK",""
"1944","1944","Light Cult Crypto Club #1944","RE-003754","1901-2000","D:\github\ron-english-nfts\light-cult-crypto-club\images\LCCC-1944.png","31453","images/1901-2000/LCCC-1944.png","LCCC-1944.png","D:\github\ron-english-light-cult-1001-2000\images\1901-2000\LCCC-1944.png","items/lccc-1944.html","https://ronenglish-archive.github.io/ron-english-light-cult-1001-2000/items/lccc-1944.html","https://opensea.io/item/ethereum/0xbe85fbd182af91290be7293438ae67549638189f/1944","OK",""
"1945","1945","Light Cult Crypto Club #1945","RE-003755","1901-2000","D:\github\ron-english-nfts\light-cult-crypto-club\images\LCCC-1945.png","6711","images/1901-2000/LCCC-1945.png","LCCC-1945.png","D:\github\ron-english-light-cult-1001-2000\images\1901-2000\LCCC-1945.png","items/lccc-1945.html","https://ronenglish-archive.github.io/ron-english-light-cult-1001-2000/items/lccc-1945.html","https://opensea.io/item/ethereum/0xbe85fbd182af91290be7293438ae67549638189f/1945","OK",""
"1946","1946","Light Cult Crypto Club #1946","RE-003756","1901-2000","D:\github\ron-english-nfts\light-cult-crypto-club\images\LCCC-1946.png","14563","images/1901-2000/LCCC-1946.png","LCCC-1946.png","D:\github\ron-english-light-cult-1001-2000\images\1901-2000\LCCC-1946.png","items/lccc-1946.html","https://ronenglish-archive.github.io/ron-english-light-cult-1001-2000/items/lccc-1946.html","https://opensea.io/item/ethereum/0xbe85fbd182af91290be7293438ae67549638189f/1946","OK",""
"1947","1947","Light Cult Crypto Club #1947","RE-003757","1901-2000","D:\github\ron-english-nfts\light-cult-crypto-club\images\LCCC-1947.png","29574","images/1901-2000/LCCC-1947.png","LCCC-1947.png","D:\github\ron-english-light-cult-1001-2000\images\1901-2000\LCCC-1947.png","items/lccc-1947.html","https://ronenglish-archive.github.io/ron-english-light-cult-1001-2000/items/lccc-1947.html","https://opensea.io/item/ethereum/0xbe85fbd182af91290be7293438ae67549638189f/1947","OK",""
"1948","1948","Light Cult Crypto Club #1948","RE-003758","1901-2000","D:\github\ron-english-nfts\light-cult-crypto-club\images\LCCC-1948.png","27435","images/1901-2000/LCCC-1948.png","LCCC-1948.png","D:\github\ron-english-light-cult-1001-2000\images\1901-2000\LCCC-1948.png","items/lccc-1948.html","https://ronenglish-archive.github.io/ron-english-light-cult-1001-2000/items/lccc-1948.html","https://opensea.io/item/ethereum/0xbe85fbd182af91290be7293438ae67549638189f/1948","OK",""
"1949","1949","Light Cult Crypto Club #1949","RE-003759","1901-2000","D:\github\ron-english-nfts\light-cult-crypto-club\images\LCCC-1949.png","11311","images/1901-2000/LCCC-1949.png","LCCC-1949.png","D:\github\ron-english-light-cult-1001-2000\images\1901-2000\LCCC-1949.png","items/lccc-1949.html","https://ronenglish-archive.github.io/ron-english-light-cult-1001-2000/items/lccc-1949.html","https://opensea.io/item/ethereum/0xbe85fbd182af91290be7293438ae67549638189f/1949","OK",""
"1950","1950","Light Cult Crypto Club #1950","RE-003760","1901-2000","D:\github\ron-english-nfts\light-cult-crypto-club\images\LCCC-1950.png","15403","images/1901-2000/LCCC-1950.png","LCCC-1950.png","D:\github\ron-english-light-cult-1001-2000\images\1901-2000\LCCC-1950.png","items/lccc-1950.html","https://ronenglish-archive.github.io/ron-english-light-cult-1001-2000/items/lccc-1950.html","https://opensea.io/item/ethereum/0xbe85fbd182af91290be7293438ae67549638189f/1950","OK",""
"1951","1951","Light Cult Crypto Club #1951","RE-003761","1901-2000","D:\github\ron-english-nfts\light-cult-crypto-club\images\LCCC-1951.png","18321","images/1901-2000/LCCC-1951.png","LCCC-1951.png","D:\github\ron-english-light-cult-1001-2000\images\1901-2000\LCCC-1951.png","items/lccc-1951.html","https://ronenglish-archive.github.io/ron-english-light-cult-1001-2000/items/lccc-1951.html","https://opensea.io/item/ethereum/0xbe85fbd182af91290be7293438ae67549638189f/1951","OK",""
"1952","1952","Light Cult Crypto Club #1952","RE-003762","1901-2000","D:\github\ron-english-nfts\light-cult-crypto-club\images\LCCC-1952.png","21768","images/1901-2000/LCCC-1952.png","LCCC-1952.png","D:\github\ron-english-light-cult-1001-2000\images\1901-2000\LCCC-1952.png","items/lccc-1952.html","https://ronenglish-archive.github.io/ron-english-light-cult-1001-2000/items/lccc-1952.html","https://opensea.io/item/ethereum/0xbe85fbd182af91290be7293438ae67549638189f/1952","OK",""
"1953","1953","Light Cult Crypto Club #1953","RE-003763","1901-2000","D:\github\ron-english-nfts\light-cult-crypto-club\images\LCCC-1953.png","56010","images/1901-2000/LCCC-1953.png","LCCC-1953.png","D:\github\ron-english-light-cult-1001-2000\images\1901-2000\LCCC-1953.png","items/lccc-1953.html","https://ronenglish-archive.github.io/ron-english-light-cult-1001-2000/items/lccc-1953.html","https://opensea.io/item/ethereum/0xbe85fbd182af91290be7293438ae67549638189f/1953","OK",""
"1954","1954","Light Cult Crypto Club #1954","RE-003764","1901-2000","D:\github\ron-english-nfts\light-cult-crypto-club\images\LCCC-1954.png","8873","images/1901-2000/LCCC-1954.png","LCCC-1954.png","D:\github\ron-english-light-cult-1001-2000\images\1901-2000\LCCC-1954.png","items/lccc-1954.html","https://ronenglish-archive.github.io/ron-english-light-cult-1001-2000/items/lccc-1954.html","https://opensea.io/item/ethereum/0xbe85fbd182af91290be7293438ae67549638189f/1954","OK",""
"1955","1955","Light Cult Crypto Club #1955","RE-003765","1901-2000","D:\github\ron-english-nfts\light-cult-crypto-club\images\LCCC-1955.png","26643","images/1901-2000/LCCC-1955.png","LCCC-1955.png","D:\github\ron-english-light-cult-1001-2000\images\1901-2000\LCCC-1955.png","items/lccc-1955.html","https://ronenglish-archive.github.io/ron-english-light-cult-1001-2000/items/lccc-1955.html","https://opensea.io/item/ethereum/0xbe85fbd182af91290be7293438ae67549638189f/1955","OK",""
"1956","1956","Light Cult Crypto Club #1956","RE-003766","1901-2000","D:\github\ron-english-nfts\light-cult-crypto-club\images\LCCC-1956.png","41039","images/1901-2000/LCCC-1956.png","LCCC-1956.png","D:\github\ron-english-light-cult-1001-2000\images\1901-2000\LCCC-1956.png","items/lccc-1956.html","https://ronenglish-archive.github.io/ron-english-light-cult-1001-2000/items/lccc-1956.html","https://opensea.io/item/ethereum/0xbe85fbd182af91290be7293438ae67549638189f/1956","OK",""
"1957","1957","Light Cult Crypto Club #1957","RE-003767","1901-2000","D:\github\ron-english-nfts\light-cult-crypto-club\images\LCCC-1957.png","10745","images/1901-2000/LCCC-1957.png","LCCC-1957.png","D:\github\ron-english-light-cult-1001-2000\images\1901-2000\LCCC-1957.png","items/lccc-1957.html","https://ronenglish-archive.github.io/ron-english-light-cult-1001-2000/items/lccc-1957.html","https://opensea.io/item/ethereum/0xbe85fbd182af91290be7293438ae67549638189f/1957","OK",""
"1958","1958","Light Cult Crypto Club #1958","RE-003768","1901-2000","D:\github\ron-english-nfts\light-cult-crypto-club\images\LCCC-1958.png","61221","images/1901-2000/LCCC-1958.png","LCCC-1958.png","D:\github\ron-english-light-cult-1001-2000\images\1901-2000\LCCC-1958.png","items/lccc-1958.html","https://ronenglish-archive.github.io/ron-english-light-cult-1001-2000/items/lccc-1958.html","https://opensea.io/item/ethereum/0xbe85fbd182af91290be7293438ae67549638189f/1958","OK",""
"1959","1959","Light Cult Crypto Club #1959","RE-003769","1901-2000","D:\github\ron-english-nfts\light-cult-crypto-club\images\LCCC-1959.png","32777","images/1901-2000/LCCC-1959.png","LCCC-1959.png","D:\github\ron-english-light-cult-1001-2000\images\1901-2000\LCCC-1959.png","items/lccc-1959.html","https://ronenglish-archive.github.io/ron-english-light-cult-1001-2000/items/lccc-1959.html","https://opensea.io/item/ethereum/0xbe85fbd182af91290be7293438ae67549638189f/1959","OK",""
"1960","1960","Light Cult Crypto Club #1960","RE-003770","1901-2000","D:\github\ron-english-nfts\light-cult-crypto-club\images\LCCC-1960.png","14061","images/1901-2000/LCCC-1960.png","LCCC-1960.png","D:\github\ron-english-light-cult-1001-2000\images\1901-2000\LCCC-1960.png","items/lccc-1960.html","https://ronenglish-archive.github.io/ron-english-light-cult-1001-2000/items/lccc-1960.html","https://opensea.io/item/ethereum/0xbe85fbd182af91290be7293438ae67549638189f/1960","OK",""
"1961","1961","Light Cult Crypto Club #1961","RE-003771","1901-2000","D:\github\ron-english-nfts\light-cult-crypto-club\images\LCCC-1961.png","34973","images/1901-2000/LCCC-1961.png","LCCC-1961.png","D:\github\ron-english-light-cult-1001-2000\images\1901-2000\LCCC-1961.png","items/lccc-1961.html","https://ronenglish-archive.github.io/ron-english-light-cult-1001-2000/items/lccc-1961.html","https://opensea.io/item/ethereum/0xbe85fbd182af91290be7293438ae67549638189f/1961","OK",""
"1962","1962","Light Cult Crypto Club #1962","RE-003772","1901-2000","D:\github\ron-english-nfts\light-cult-crypto-club\images\LCCC-1962.png","4260","images/1901-2000/LCCC-1962.png","LCCC-1962.png","D:\github\ron-english-light-cult-1001-2000\images\1901-2000\LCCC-1962.png","items/lccc-1962.html","https://ronenglish-archive.github.io/ron-english-light-cult-1001-2000/items/lccc-1962.html","https://opensea.io/item/ethereum/0xbe85fbd182af91290be7293438ae67549638189f/1962","OK",""
"1963","1963","Light Cult Crypto Club #1963","RE-003773","1901-2000","D:\github\ron-english-nfts\light-cult-crypto-club\images\LCCC-1963.png","12494","images/1901-2000/LCCC-1963.png","LCCC-1963.png","D:\github\ron-english-light-cult-1001-2000\images\1901-2000\LCCC-1963.png","items/lccc-1963.html","https://ronenglish-archive.github.io/ron-english-light-cult-1001-2000/items/lccc-1963.html","https://opensea.io/item/ethereum/0xbe85fbd182af91290be7293438ae67549638189f/1963","OK",""
"1964","1964","Light Cult Crypto Club #1964","RE-003774","1901-2000","D:\github\ron-english-nfts\light-cult-crypto-club\images\LCCC-1964.png","34493","images/1901-2000/LCCC-1964.png","LCCC-1964.png","D:\github\ron-english-light-cult-1001-2000\images\1901-2000\LCCC-1964.png","items/lccc-1964.html","https://ronenglish-archive.github.io/ron-english-light-cult-1001-2000/items/lccc-1964.html","https://opensea.io/item/ethereum/0xbe85fbd182af91290be7293438ae67549638189f/1964","OK",""
"1965","1965","Light Cult Crypto Club #1965","RE-003775","1901-2000","D:\github\ron-english-nfts\light-cult-crypto-club\images\LCCC-1965.png","16195","images/1901-2000/LCCC-1965.png","LCCC-1965.png","D:\github\ron-english-light-cult-1001-2000\images\1901-2000\LCCC-1965.png","items/lccc-1965.html","https://ronenglish-archive.github.io/ron-english-light-cult-1001-2000/items/lccc-1965.html","https://opensea.io/item/ethereum/0xbe85fbd182af91290be7293438ae67549638189f/1965","OK",""
"1966","1966","Light Cult Crypto Club #1966","RE-003776","1901-2000","D:\github\ron-english-nfts\light-cult-crypto-club\images\LCCC-1966.png","15937","images/1901-2000/LCCC-1966.png","LCCC-1966.png","D:\github\ron-english-light-cult-1001-2000\images\1901-2000\LCCC-1966.png","items/lccc-1966.html","https://ronenglish-archive.github.io/ron-english-light-cult-1001-2000/items/lccc-1966.html","https://opensea.io/item/ethereum/0xbe85fbd182af91290be7293438ae67549638189f/1966","OK",""
"1967","1967","Light Cult Crypto Club #1967","RE-003777","1901-2000","D:\github\ron-english-nfts\light-cult-crypto-club\images\LCCC-1967.png","13090","images/1901-2000/LCCC-1967.png","LCCC-1967.png","D:\github\ron-english-light-cult-1001-2000\images\1901-2000\LCCC-1967.png","items/lccc-1967.html","https://ronenglish-archive.github.io/ron-english-light-cult-1001-2000/items/lccc-1967.html","https://opensea.io/item/ethereum/0xbe85fbd182af91290be7293438ae67549638189f/1967","OK",""
"1968","1968","Light Cult Crypto Club #1968","RE-003778","1901-2000","D:\github\ron-english-nfts\light-cult-crypto-club\images\LCCC-1968.png","28555","images/1901-2000/LCCC-1968.png","LCCC-1968.png","D:\github\ron-english-light-cult-1001-2000\images\1901-2000\LCCC-1968.png","items/lccc-1968.html","https://ronenglish-archive.github.io/ron-english-light-cult-1001-2000/items/lccc-1968.html","https://opensea.io/item/ethereum/0xbe85fbd182af91290be7293438ae67549638189f/1968","OK",""
"1969","1969","Light Cult Crypto Club #1969","RE-003779","1901-2000","D:\github\ron-english-nfts\light-cult-crypto-club\images\LCCC-1969.png","19108","images/1901-2000/LCCC-1969.png","LCCC-1969.png","D:\github\ron-english-light-cult-1001-2000\images\1901-2000\LCCC-1969.png","items/lccc-1969.html","https://ronenglish-archive.github.io/ron-english-light-cult-1001-2000/items/lccc-1969.html","https://opensea.io/item/ethereum/0xbe85fbd182af91290be7293438ae67549638189f/1969","OK",""
"1970","1970","Light Cult Crypto Club #1970","RE-003780","1901-2000","D:\github\ron-english-nfts\light-cult-crypto-club\images\LCCC-1970.png","23288","images/1901-2000/LCCC-1970.png","LCCC-1970.png","D:\github\ron-english-light-cult-1001-2000\images\1901-2000\LCCC-1970.png","items/lccc-1970.html","https://ronenglish-archive.github.io/ron-english-light-cult-1001-2000/items/lccc-1970.html","https://opensea.io/item/ethereum/0xbe85fbd182af91290be7293438ae67549638189f/1970","OK",""
"1971","1971","Light Cult Crypto Club #1971","RE-003781","1901-2000","D:\github\ron-english-nfts\light-cult-crypto-club\images\LCCC-1971.png","9345","images/1901-2000/LCCC-1971.png","LCCC-1971.png","D:\github\ron-english-light-cult-1001-2000\images\1901-2000\LCCC-1971.png","items/lccc-1971.html","https://ronenglish-archive.github.io/ron-english-light-cult-1001-2000/items/lccc-1971.html","https://opensea.io/item/ethereum/0xbe85fbd182af91290be7293438ae67549638189f/1971","OK",""
"1972","1972","Light Cult Crypto Club #1972","RE-003782","1901-2000","","","","","","items/lccc-1972.html","https://ronenglish-archive.github.io/ron-english-light-cult-1001-2000/items/lccc-1972.html","https://opensea.io/item/ethereum/0xbe85fbd182af91290be7293438ae67549638189f/1972","MISSING SOURCE IMAGE","No source image found for token #1972"
"1973","1973","Light Cult Crypto Club #1973","RE-003783","1901-2000","D:\github\ron-english-nfts\light-cult-crypto-club\images\LCCC-1973.png","29311","images/1901-2000/LCCC-1973.png","LCCC-1973.png","D:\github\ron-english-light-cult-1001-2000\images\1901-2000\LCCC-1973.png","items/lccc-1973.html","https://ronenglish-archive.github.io/ron-english-light-cult-1001-2000/items/lccc-1973.html","https://opensea.io/item/ethereum/0xbe85fbd182af91290be7293438ae67549638189f/1973","OK",""
"1974","1974","Light Cult Crypto Club #1974","RE-003784","1901-2000","D:\github\ron-english-nfts\light-cult-crypto-club\images\LCCC-1974.png","7632","images/1901-2000/LCCC-1974.png","LCCC-1974.png","D:\github\ron-english-light-cult-1001-2000\images\1901-2000\LCCC-1974.png","items/lccc-1974.html","https://ronenglish-archive.github.io/ron-english-light-cult-1001-2000/items/lccc-1974.html","https://opensea.io/item/ethereum/0xbe85fbd182af91290be7293438ae67549638189f/1974","OK",""
"1975","1975","Light Cult Crypto Club #1975","RE-003785","1901-2000","D:\github\ron-english-nfts\light-cult-crypto-club\images\LCCC-1975.png","17343","images/1901-2000/LCCC-1975.png","LCCC-1975.png","D:\github\ron-english-light-cult-1001-2000\images\1901-2000\LCCC-1975.png","items/lccc-1975.html","https://ronenglish-archive.github.io/ron-english-light-cult-1001-2000/items/lccc-1975.html","https://opensea.io/item/ethereum/0xbe85fbd182af91290be7293438ae67549638189f/1975","OK",""
"1976","1976","Light Cult Crypto Club #1976","RE-003786","1901-2000","D:\github\ron-english-nfts\light-cult-crypto-club\images\LCCC-1976.png","10231","images/1901-2000/LCCC-1976.png","LCCC-1976.png","D:\github\ron-english-light-cult-1001-2000\images\1901-2000\LCCC-1976.png","items/lccc-1976.html","https://ronenglish-archive.github.io/ron-english-light-cult-1001-2000/items/lccc-1976.html","https://opensea.io/item/ethereum/0xbe85fbd182af91290be7293438ae67549638189f/1976","OK",""
"1977","1977","Light Cult Crypto Club #1977","RE-003787","1901-2000","D:\github\ron-english-nfts\light-cult-crypto-club\images\LCCC-1977.png","2764","images/1901-2000/LCCC-1977.png","LCCC-1977.png","D:\github\ron-english-light-cult-1001-2000\images\1901-2000\LCCC-1977.png","items/lccc-1977.html","https://ronenglish-archive.github.io/ron-english-light-cult-1001-2000/items/lccc-1977.html","https://opensea.io/item/ethereum/0xbe85fbd182af91290be7293438ae67549638189f/1977","OK",""
"1978","1978","Light Cult Crypto Club #1978","RE-003788","1901-2000","D:\github\ron-english-nfts\light-cult-crypto-club\images\LCCC-1978.png","16519","images/1901-2000/LCCC-1978.png","LCCC-1978.png","D:\github\ron-english-light-cult-1001-2000\images\1901-2000\LCCC-1978.png","items/lccc-1978.html","https://ronenglish-archive.github.io/ron-english-light-cult-1001-2000/items/lccc-1978.html","https://opensea.io/item/ethereum/0xbe85fbd182af91290be7293438ae67549638189f/1978","OK",""
"1979","1979","Light Cult Crypto Club #1979","RE-003789","1901-2000","D:\github\ron-english-nfts\light-cult-crypto-club\images\LCCC-1979.png","16187","images/1901-2000/LCCC-1979.png","LCCC-1979.png","D:\github\ron-english-light-cult-1001-2000\images\1901-2000\LCCC-1979.png","items/lccc-1979.html","https://ronenglish-archive.github.io/ron-english-light-cult-1001-2000/items/lccc-1979.html","https://opensea.io/item/ethereum/0xbe85fbd182af91290be7293438ae67549638189f/1979","OK",""
"1980","1980","Light Cult Crypto Club #1980","RE-003790","1901-2000","","","","","","items/lccc-1980.html","https://ronenglish-archive.github.io/ron-english-light-cult-1001-2000/items/lccc-1980.html","https://opensea.io/item/ethereum/0xbe85fbd182af91290be7293438ae67549638189f/1980","MISSING SOURCE IMAGE","No source image found for token #1980"
"1981","1981","Light Cult Crypto Club #1981","RE-003791","1901-2000","D:\github\ron-english-nfts\light-cult-crypto-club\images\LCCC-1981.png","29378","images/1901-2000/LCCC-1981.png","LCCC-1981.png","D:\github\ron-english-light-cult-1001-2000\images\1901-2000\LCCC-1981.png","items/lccc-1981.html","https://ronenglish-archive.github.io/ron-english-light-cult-1001-2000/items/lccc-1981.html","https://opensea.io/item/ethereum/0xbe85fbd182af91290be7293438ae67549638189f/1981","OK",""
"1982","1982","Light Cult Crypto Club #1982","RE-003792","1901-2000","D:\github\ron-english-nfts\light-cult-crypto-club\images\LCCC-1982.png","13005","images/1901-2000/LCCC-1982.png","LCCC-1982.png","D:\github\ron-english-light-cult-1001-2000\images\1901-2000\LCCC-1982.png","items/lccc-1982.html","https://ronenglish-archive.github.io/ron-english-light-cult-1001-2000/items/lccc-1982.html","https://opensea.io/item/ethereum/0xbe85fbd182af91290be7293438ae67549638189f/1982","OK",""
"1983","1983","Light Cult Crypto Club #1983","RE-003793","1901-2000","D:\github\ron-english-nfts\light-cult-crypto-club\images\LCCC-1983.png","11849","images/1901-2000/LCCC-1983.png","LCCC-1983.png","D:\github\ron-english-light-cult-1001-2000\images\1901-2000\LCCC-1983.png","items/lccc-1983.html","https://ronenglish-archive.github.io/ron-english-light-cult-1001-2000/items/lccc-1983.html","https://opensea.io/item/ethereum/0xbe85fbd182af91290be7293438ae67549638189f/1983","OK",""
"1984","1984","Light Cult Crypto Club #1984","RE-003794","1901-2000","D:\github\ron-english-nfts\light-cult-crypto-club\images\LCCC-1984.png","23553","images/1901-2000/LCCC-1984.png","LCCC-1984.png","D:\github\ron-english-light-cult-1001-2000\images\1901-2000\LCCC-1984.png","items/lccc-1984.html","https://ronenglish-archive.github.io/ron-english-light-cult-1001-2000/items/lccc-1984.html","https://opensea.io/item/ethereum/0xbe85fbd182af91290be7293438ae67549638189f/1984","OK",""
"1985","1985","Light Cult Crypto Club #1985","RE-003795","1901-2000","D:\github\ron-english-nfts\light-cult-crypto-club\images\LCCC-1985.png","40045","images/1901-2000/LCCC-1985.png","LCCC-1985.png","D:\github\ron-english-light-cult-1001-2000\images\1901-2000\LCCC-1985.png","items/lccc-1985.html","https://ronenglish-archive.github.io/ron-english-light-cult-1001-2000/items/lccc-1985.html","https://opensea.io/item/ethereum/0xbe85fbd182af91290be7293438ae67549638189f/1985","OK",""
"1986","1986","Light Cult Crypto Club #1986","RE-003796","1901-2000","D:\github\ron-english-nfts\light-cult-crypto-club\images\LCCC-1986.png","7660","images/1901-2000/LCCC-1986.png","LCCC-1986.png","D:\github\ron-english-light-cult-1001-2000\images\1901-2000\LCCC-1986.png","items/lccc-1986.html","https://ronenglish-archive.github.io/ron-english-light-cult-1001-2000/items/lccc-1986.html","https://opensea.io/item/ethereum/0xbe85fbd182af91290be7293438ae67549638189f/1986","OK",""
"1987","1987","Light Cult Crypto Club #1987","RE-003797","1901-2000","D:\github\ron-english-nfts\light-cult-crypto-club\images\LCCC-1987.png","32740","images/1901-2000/LCCC-1987.png","LCCC-1987.png","D:\github\ron-english-light-cult-1001-2000\images\1901-2000\LCCC-1987.png","items/lccc-1987.html","https://ronenglish-archive.github.io/ron-english-light-cult-1001-2000/items/lccc-1987.html","https://opensea.io/item/ethereum/0xbe85fbd182af91290be7293438ae67549638189f/1987","OK",""
"1988","1988","Light Cult Crypto Club #1988","RE-003798","1901-2000","D:\github\ron-english-nfts\light-cult-crypto-club\images\LCCC-1988.png","22205","images/1901-2000/LCCC-1988.png","LCCC-1988.png","D:\github\ron-english-light-cult-1001-2000\images\1901-2000\LCCC-1988.png","items/lccc-1988.html","https://ronenglish-archive.github.io/ron-english-light-cult-1001-2000/items/lccc-1988.html","https://opensea.io/item/ethereum/0xbe85fbd182af91290be7293438ae67549638189f/1988","OK",""
"1989","1989","Light Cult Crypto Club #1989","RE-003799","1901-2000","D:\github\ron-english-nfts\light-cult-crypto-club\images\LCCC-1989.png","33027","images/1901-2000/LCCC-1989.png","LCCC-1989.png","D:\github\ron-english-light-cult-1001-2000\images\1901-2000\LCCC-1989.png","items/lccc-1989.html","https://ronenglish-archive.github.io/ron-english-light-cult-1001-2000/items/lccc-1989.html","https://opensea.io/item/ethereum/0xbe85fbd182af91290be7293438ae67549638189f/1989","OK",""
"1990","1990","Light Cult Crypto Club #1990","RE-003800","1901-2000","D:\github\ron-english-nfts\light-cult-crypto-club\images\LCCC-1990.png","34921","images/1901-2000/LCCC-1990.png","LCCC-1990.png","D:\github\ron-english-light-cult-1001-2000\images\1901-2000\LCCC-1990.png","items/lccc-1990.html","https://ronenglish-archive.github.io/ron-english-light-cult-1001-2000/items/lccc-1990.html","https://opensea.io/item/ethereum/0xbe85fbd182af91290be7293438ae67549638189f/1990","OK",""
"1991","1991","Light Cult Crypto Club #1991","RE-003801","1901-2000","D:\github\ron-english-nfts\light-cult-crypto-club\images\LCCC-1991.png","13060","images/1901-2000/LCCC-1991.png","LCCC-1991.png","D:\github\ron-english-light-cult-1001-2000\images\1901-2000\LCCC-1991.png","items/lccc-1991.html","https://ronenglish-archive.github.io/ron-english-light-cult-1001-2000/items/lccc-1991.html","https://opensea.io/item/ethereum/0xbe85fbd182af91290be7293438ae67549638189f/1991","OK",""
"1992","1992","Light Cult Crypto Club #1992","RE-003802","1901-2000","","","","","","items/lccc-1992.html","https://ronenglish-archive.github.io/ron-english-light-cult-1001-2000/items/lccc-1992.html","https://opensea.io/item/ethereum/0xbe85fbd182af91290be7293438ae67549638189f/1992","MISSING SOURCE IMAGE","No source image found for token #1992"
"1993","1993","Light Cult Crypto Club #1993","RE-003803","1901-2000","D:\github\ron-english-nfts\light-cult-crypto-club\images\LCCC-1993.png","10740","images/1901-2000/LCCC-1993.png","LCCC-1993.png","D:\github\ron-english-light-cult-1001-2000\images\1901-2000\LCCC-1993.png","items/lccc-1993.html","https://ronenglish-archive.github.io/ron-english-light-cult-1001-2000/items/lccc-1993.html","https://opensea.io/item/ethereum/0xbe85fbd182af91290be7293438ae67549638189f/1993","OK",""
"1994","1994","Light Cult Crypto Club #1994","RE-003804","1901-2000","D:\github\ron-english-nfts\light-cult-crypto-club\images\LCCC-1994.png","16448","images/1901-2000/LCCC-1994.png","LCCC-1994.png","D:\github\ron-english-light-cult-1001-2000\images\1901-2000\LCCC-1994.png","items/lccc-1994.html","https://ronenglish-archive.github.io/ron-english-light-cult-1001-2000/items/lccc-1994.html","https://opensea.io/item/ethereum/0xbe85fbd182af91290be7293438ae67549638189f/1994","OK",""
"1995","1995","Light Cult Crypto Club #1995","RE-003805","1901-2000","D:\github\ron-english-nfts\light-cult-crypto-club\images\LCCC-1995.png","16975","images/1901-2000/LCCC-1995.png","LCCC-1995.png","D:\github\ron-english-light-cult-1001-2000\images\1901-2000\LCCC-1995.png","items/lccc-1995.html","https://ronenglish-archive.github.io/ron-english-light-cult-1001-2000/items/lccc-1995.html","https://opensea.io/item/ethereum/0xbe85fbd182af91290be7293438ae67549638189f/1995","OK",""
"1996","1996","Light Cult Crypto Club #1996","RE-003806","1901-2000","D:\github\ron-english-nfts\light-cult-crypto-club\images\LCCC-1996.png","29419","images/1901-2000/LCCC-1996.png","LCCC-1996.png","D:\github\ron-english-light-cult-1001-2000\images\1901-2000\LCCC-1996.png","items/lccc-1996.html","https://ronenglish-archive.github.io/ron-english-light-cult-1001-2000/items/lccc-1996.html","https://opensea.io/item/ethereum/0xbe85fbd182af91290be7293438ae67549638189f/1996","OK",""
"1997","1997","Light Cult Crypto Club #1997","RE-003807","1901-2000","D:\github\ron-english-nfts\light-cult-crypto-club\images\LCCC-1997.png","18851","images/1901-2000/LCCC-1997.png","LCCC-1997.png","D:\github\ron-english-light-cult-1001-2000\images\1901-2000\LCCC-1997.png","items/lccc-1997.html","https://ronenglish-archive.github.io/ron-english-light-cult-1001-2000/items/lccc-1997.html","https://opensea.io/item/ethereum/0xbe85fbd182af91290be7293438ae67549638189f/1997","OK",""
"1998","1998","Light Cult Crypto Club #1998","RE-003808","1901-2000","D:\github\ron-english-nfts\light-cult-crypto-club\images\LCCC-1998.png","9940","images/1901-2000/LCCC-1998.png","LCCC-1998.png","D:\github\ron-english-light-cult-1001-2000\images\1901-2000\LCCC-1998.png","items/lccc-1998.html","https://ronenglish-archive.github.io/ron-english-light-cult-1001-2000/items/lccc-1998.html","https://opensea.io/item/ethereum/0xbe85fbd182af91290be7293438ae67549638189f/1998","OK",""
"1999","1999","Light Cult Crypto Club #1999","RE-003809","1901-2000","D:\github\ron-english-nfts\light-cult-crypto-club\images\LCCC-1999.png","43195","images/1901-2000/LCCC-1999.png","LCCC-1999.png","D:\github\ron-english-light-cult-1001-2000\images\1901-2000\LCCC-1999.png","items/lccc-1999.html","https://ronenglish-archive.github.io/ron-english-light-cult-1001-2000/items/lccc-1999.html","https://opensea.io/item/ethereum/0xbe85fbd182af91290be7293438ae67549638189f/1999","OK",""
"2000","2000","Light Cult Crypto Club #2000","RE-003810","1901-2000","D:\github\ron-english-nfts\light-cult-crypto-club\images\LCCC-2000.png","26843","images/1901-2000/LCCC-2000.png","LCCC-2000.png","D:\github\ron-english-light-cult-1001-2000\images\1901-2000\LCCC-2000.png","items/lccc-2000.html","https://ronenglish-archive.github.io/ron-english-light-cult-1001-2000/items/lccc-2000.html","https://opensea.io/item/ethereum/0xbe85fbd182af91290be7293438ae67549638189f/2000","OK",""
